DATAFLOW,LAST UPDATE,freq,siec,partner,unit,geo,TIME_PERIOD,OBS_VALUE,OBS_FLAG,CONF_STATUS
ESTAT:NRG_TI_GAS(1.0),24/03/26 23:00:00,Annual,Natural gas,Russia,Million cubic metres,Albania,1990,0.000,,
ESTAT:NRG_TI_GAS(1.0),24/03/26 23:00:00,Annual,Natural gas,Russia,Million cubic metres,Albania,1991,0.000,,
ESTAT:NRG_TI_GAS(1.0),24/03/26 23:00:00,Annual,Natural gas,Russia,Million cubic metres,Albania,1992,0.000,,
ESTAT:NRG_TI_GAS(1.0),24/03/26 23:00:00,Annual,Natural gas,Russia,Million cubic metres,Albania,1993,0.000,,
ESTAT:NRG_TI_GAS(1.0),24/03/26 23:00:00,Annual,Natural gas,Russia,Million cubic metres,Albania,1994,0.000,,
ESTAT:NRG_TI_GAS(1.0),24/03/26 23:00:00,Annual,Natural gas,Russia,Million cubic metres,Albania,1995,0.000,,
ESTAT:NRG_TI_GAS(1.0),24/03/26 23:00:00,Annual,Natural gas,Russia,Million cubic metres,Albania,1996,0.000,,
ESTAT:NRG_TI_GAS(1.0),24/03/26 23:00:00,Annual,Natural gas,Russia,Million cubic metres,Albania,1997,0.000,,
ESTAT:NRG_TI_GAS(1.0),24/03/26 23:00:00,Annual,Natural gas,Russia,Million cubic metres,Albania,1998,0.000,,
ESTAT:NRG_TI_GAS(1.0),24/03/26 23:00:00,Annual,Natural gas,Russia,Million cubic metres,Albania,1999,0.000,,
ESTAT:NRG_TI_GAS(1.0),24/03/26 23:00:00,Annual,Natural gas,Russia,Million cubic metres,Albania,2000,0.000,,
ESTAT:NRG_TI_GAS(1.0),24/03/26 23:00:00,Annual,Natural gas,Russia,Million cubic metres,Albania,2001,0.000,,
ESTAT:NRG_TI_GAS(1.0),24/03/26 23:00:00,Annual,Natural gas,Russia,Million cubic metres,Albania,2002,0.000,,
ESTAT:NRG_TI_GAS(1.0),24/03/26 23:00:00,Annual,Natural gas,Russia,Million cubic metres,Albania,2003,0.000,,
ESTAT:NRG_TI_GAS(1.0),24/03/26 23:00:00,Annual,Natural gas,Russia,Million cubic metres,Albania,2004,0.000,,
ESTAT:NRG_TI_GAS(1.0),24/03/26 23:00:00,Annual,Natural gas,Russia,Million cubic metres,Albania,2005,0.000,,
ESTAT:NRG_TI_GAS(1.0),24/03/26 23:00:00,Annual,Natural gas,Russia,Million cubic metres,Albania,2006,0.000,,
ESTAT:NRG_TI_GAS(1.0),24/03/26 23:00:00,Annual,Natural gas,Russia,Million cubic metres,Albania,2007,0.000,,
ESTAT:NRG_TI_GAS(1.0),24/03/26 23:00:00,Annual,Natural gas,Russia,Million cubic metres,Albania,2008,0.000,,
ESTAT:NRG_TI_GAS(1.0),24/03/26 23:00:00,Annual,Natural gas,Russia,Million cubic metres,Albania,2009,0.000,,
ESTAT:NRG_TI_GAS(1.0),24/03/26 23:00:00,Annual,Natural gas,Russia,Million cubic metres,Albania,2010,0.000,,
ESTAT:NRG_TI_GAS(1.0),24/03/26 23:00:00,Annual,Natural gas,Russia,Million cubic metres,Albania,2011,0.000,,
ESTAT:NRG_TI_GAS(1.0),24/03/26 23:00:00,Annual,Natural gas,Russia,Million cubic metres,Albania,2012,0.000,,
ESTAT:NRG_TI_GAS(1.0),24/03/26 23:00:00,Annual,Natural gas,Russia,Million cubic metres,Albania,2013,0.000,,
ESTAT:NRG_TI_GAS(1.0),24/03/26 23:00:00,Annual,Natural gas,Russia,Million cubic metres,Albania,2014,0.000,,
ESTAT:NRG_TI_GAS(1.0),24/03/26 23:00:00,Annual,Natural gas,Russia,Million cubic metres,Albania,2015,0.000,,
ESTAT:NRG_TI_GAS(1.0),24/03/26 23:00:00,Annual,Natural gas,Russia,Million cubic metres,Albania,2016,0.000,,
ESTAT:NRG_TI_GAS(1.0),24/03/26 23:00:00,Annual,Natural gas,Russia,Million cubic metres,Albania,2017,0.000,,
ESTAT:NRG_TI_GAS(1.0),24/03/26 23:00:00,Annual,Natural gas,Russia,Million cubic metres,Albania,2018,0.000,,
ESTAT:NRG_TI_GAS(1.0),24/03/26 23:00:00,Annual,Natural gas,Russia,Million cubic metres,Albania,2019,0.000,,
ESTAT:NRG_TI_GAS(1.0),24/03/26 23:00:00,Annual,Natural gas,Russia,Million cubic metres,Albania,2020,0.000,,
ESTAT:NRG_TI_GAS(1.0),24/03/26 23:00:00,Annual,Natural gas,Russia,Million cubic metres,Albania,2021,0.000,,
ESTAT:NRG_TI_GAS(1.0),24/03/26 23:00:00,Annual,Natural gas,Russia,Million cubic metres,Albania,2022,0.000,,
ESTAT:NRG_TI_GAS(1.0),24/03/26 23:00:00,Annual,Natural gas,Russia,Million cubic metres,Albania,2023,0.000,,
ESTAT:NRG_TI_GAS(1.0),24/03/26 23:00:00,Annual,Natural gas,Russia,Million cubic metres,Albania,2024,0.000,,
ESTAT:NRG_TI_GAS(1.0),24/03/26 23:00:00,Annual,Natural gas,Russia,Million cubic metres,Austria,1990,5360.000,,
ESTAT:NRG_TI_GAS(1.0),24/03/26 23:00:00,Annual,Natural gas,Russia,Million cubic metres,Austria,1991,5156.000,,
ESTAT:NRG_TI_GAS(1.0),24/03/26 23:00:00,Annual,Natural gas,Russia,Million cubic metres,Austria,1992,5147.000,,
ESTAT:NRG_TI_GAS(1.0),24/03/26 23:00:00,Annual,Natural gas,Russia,Million cubic metres,Austria,1993,5334.000,,
ESTAT:NRG_TI_GAS(1.0),24/03/26 23:00:00,Annual,Natural gas,Russia,Million cubic metres,Austria,1994,4724.000,,
ESTAT:NRG_TI_GAS(1.0),24/03/26 23:00:00,Annual,Natural gas,Russia,Million cubic metres,Austria,1995,6111.000,,
ESTAT:NRG_TI_GAS(1.0),24/03/26 23:00:00,Annual,Natural gas,Russia,Million cubic metres,Austria,1996,6042.000,,
ESTAT:NRG_TI_GAS(1.0),24/03/26 23:00:00,Annual,Natural gas,Russia,Million cubic metres,Austria,1997,5610.000,,
ESTAT:NRG_TI_GAS(1.0),24/03/26 23:00:00,Annual,Natural gas,Russia,Million cubic metres,Austria,1998,5781.000,,
ESTAT:NRG_TI_GAS(1.0),24/03/26 23:00:00,Annual,Natural gas,Russia,Million cubic metres,Austria,1999,5528.000,,
ESTAT:NRG_TI_GAS(1.0),24/03/26 23:00:00,Annual,Natural gas,Russia,Million cubic metres,Austria,2000,5275.000,,
ESTAT:NRG_TI_GAS(1.0),24/03/26 23:00:00,Annual,Natural gas,Russia,Million cubic metres,Austria,2001,5221.000,,
ESTAT:NRG_TI_GAS(1.0),24/03/26 23:00:00,Annual,Natural gas,Russia,Million cubic metres,Austria,2002,5350.000,,
ESTAT:NRG_TI_GAS(1.0),24/03/26 23:00:00,Annual,Natural gas,Russia,Million cubic metres,Austria,2003,6407.000,,
ESTAT:NRG_TI_GAS(1.0),24/03/26 23:00:00,Annual,Natural gas,Russia,Million cubic metres,Austria,2004,6467.000,,
ESTAT:NRG_TI_GAS(1.0),24/03/26 23:00:00,Annual,Natural gas,Russia,Million cubic metres,Austria,2005,6978.000,,
ESTAT:NRG_TI_GAS(1.0),24/03/26 23:00:00,Annual,Natural gas,Russia,Million cubic metres,Austria,2006,6173.000,,
ESTAT:NRG_TI_GAS(1.0),24/03/26 23:00:00,Annual,Natural gas,Russia,Million cubic metres,Austria,2007,5709.000,,
ESTAT:NRG_TI_GAS(1.0),24/03/26 23:00:00,Annual,Natural gas,Russia,Million cubic metres,Austria,2008,5811.000,,
ESTAT:NRG_TI_GAS(1.0),24/03/26 23:00:00,Annual,Natural gas,Russia,Million cubic metres,Austria,2009,0.000,,
ESTAT:NRG_TI_GAS(1.0),24/03/26 23:00:00,Annual,Natural gas,Russia,Million cubic metres,Austria,2010,0.000,,
ESTAT:NRG_TI_GAS(1.0),24/03/26 23:00:00,Annual,Natural gas,Russia,Million cubic metres,Austria,2011,0.000,,
ESTAT:NRG_TI_GAS(1.0),24/03/26 23:00:00,Annual,Natural gas,Russia,Million cubic metres,Austria,2012,0.000,,
ESTAT:NRG_TI_GAS(1.0),24/03/26 23:00:00,Annual,Natural gas,Russia,Million cubic metres,Austria,2013,0.000,,
ESTAT:NRG_TI_GAS(1.0),24/03/26 23:00:00,Annual,Natural gas,Russia,Million cubic metres,Austria,2014,0.000,,
ESTAT:NRG_TI_GAS(1.0),24/03/26 23:00:00,Annual,Natural gas,Russia,Million cubic metres,Austria,2015,0.000,,
ESTAT:NRG_TI_GAS(1.0),24/03/26 23:00:00,Annual,Natural gas,Russia,Million cubic metres,Austria,2016,0.000,,
ESTAT:NRG_TI_GAS(1.0),24/03/26 23:00:00,Annual,Natural gas,Russia,Million cubic metres,Austria,2017,0.000,,
ESTAT:NRG_TI_GAS(1.0),24/03/26 23:00:00,Annual,Natural gas,Russia,Million cubic metres,Austria,2018,0.000,,
ESTAT:NRG_TI_GAS(1.0),24/03/26 23:00:00,Annual,Natural gas,Russia,Million cubic metres,Austria,2019,0.000,,
ESTAT:NRG_TI_GAS(1.0),24/03/26 23:00:00,Annual,Natural gas,Russia,Million cubic metres,Austria,2020,0.000,,
ESTAT:NRG_TI_GAS(1.0),24/03/26 23:00:00,Annual,Natural gas,Russia,Million cubic metres,Austria,2021,0.000,,
ESTAT:NRG_TI_GAS(1.0),24/03/26 23:00:00,Annual,Natural gas,Russia,Million cubic metres,Austria,2022,0.000,,
ESTAT:NRG_TI_GAS(1.0),24/03/26 23:00:00,Annual,Natural gas,Russia,Million cubic metres,Austria,2023,0.000,,
ESTAT:NRG_TI_GAS(1.0),24/03/26 23:00:00,Annual,Natural gas,Russia,Million cubic metres,Austria,2024,0.000,,
ESTAT:NRG_TI_GAS(1.0),24/03/26 23:00:00,Annual,Natural gas,Russia,Million cubic metres,Bosnia and Herzegovina,1990,,,
ESTAT:NRG_TI_GAS(1.0),24/03/26 23:00:00,Annual,Natural gas,Russia,Million cubic metres,Bosnia and Herzegovina,1991,,,
ESTAT:NRG_TI_GAS(1.0),24/03/26 23:00:00,Annual,Natural gas,Russia,Million cubic metres,Bosnia and Herzegovina,1992,,,
ESTAT:NRG_TI_GAS(1.0),24/03/26 23:00:00,Annual,Natural gas,Russia,Million cubic metres,Bosnia and Herzegovina,1993,,,
ESTAT:NRG_TI_GAS(1.0),24/03/26 23:00:00,Annual,Natural gas,Russia,Million cubic metres,Bosnia and Herzegovina,1994,,,
ESTAT:NRG_TI_GAS(1.0),24/03/26 23:00:00,Annual,Natural gas,Russia,Million cubic metres,Bosnia and Herzegovina,1995,,,
ESTAT:NRG_TI_GAS(1.0),24/03/26 23:00:00,Annual,Natural gas,Russia,Million cubic metres,Bosnia and Herzegovina,1996,,,
ESTAT:NRG_TI_GAS(1.0),24/03/26 23:00:00,Annual,Natural gas,Russia,Million cubic metres,Bosnia and Herzegovina,1997,,,
ESTAT:NRG_TI_GAS(1.0),24/03/26 23:00:00,Annual,Natural gas,Russia,Million cubic metres,Bosnia and Herzegovina,1998,,,
ESTAT:NRG_TI_GAS(1.0),24/03/26 23:00:00,Annual,Natural gas,Russia,Million cubic metres,Bosnia and Herzegovina,1999,,,
ESTAT:NRG_TI_GAS(1.0),24/03/26 23:00:00,Annual,Natural gas,Russia,Million cubic metres,Bosnia and Herzegovina,2000,,,
ESTAT:NRG_TI_GAS(1.0),24/03/26 23:00:00,Annual,Natural gas,Russia,Million cubic metres,Bosnia and Herzegovina,2001,,,
ESTAT:NRG_TI_GAS(1.0),24/03/26 23:00:00,Annual,Natural gas,Russia,Million cubic metres,Bosnia and Herzegovina,2002,,,
ESTAT:NRG_TI_GAS(1.0),24/03/26 23:00:00,Annual,Natural gas,Russia,Million cubic metres,Bosnia and Herzegovina,2003,,,
ESTAT:NRG_TI_GAS(1.0),24/03/26 23:00:00,Annual,Natural gas,Russia,Million cubic metres,Bosnia and Herzegovina,2004,,,
ESTAT:NRG_TI_GAS(1.0),24/03/26 23:00:00,Annual,Natural gas,Russia,Million cubic metres,Bosnia and Herzegovina,2005,,,
ESTAT:NRG_TI_GAS(1.0),24/03/26 23:00:00,Annual,Natural gas,Russia,Million cubic metres,Bosnia and Herzegovina,2006,,,
ESTAT:NRG_TI_GAS(1.0),24/03/26 23:00:00,Annual,Natural gas,Russia,Million cubic metres,Bosnia and Herzegovina,2007,,,
ESTAT:NRG_TI_GAS(1.0),24/03/26 23:00:00,Annual,Natural gas,Russia,Million cubic metres,Bosnia and Herzegovina,2008,,,
ESTAT:NRG_TI_GAS(1.0),24/03/26 23:00:00,Annual,Natural gas,Russia,Million cubic metres,Bosnia and Herzegovina,2009,,,
ESTAT:NRG_TI_GAS(1.0),24/03/26 23:00:00,Annual,Natural gas,Russia,Million cubic metres,Bosnia and Herzegovina,2010,,,
ESTAT:NRG_TI_GAS(1.0),24/03/26 23:00:00,Annual,Natural gas,Russia,Million cubic metres,Bosnia and Herzegovina,2011,,,
ESTAT:NRG_TI_GAS(1.0),24/03/26 23:00:00,Annual,Natural gas,Russia,Million cubic metres,Bosnia and Herzegovina,2012,,,
ESTAT:NRG_TI_GAS(1.0),24/03/26 23:00:00,Annual,Natural gas,Russia,Million cubic metres,Bosnia and Herzegovina,2013,,,
ESTAT:NRG_TI_GAS(1.0),24/03/26 23:00:00,Annual,Natural gas,Russia,Million cubic metres,Bosnia and Herzegovina,2014,186.000,,
ESTAT:NRG_TI_GAS(1.0),24/03/26 23:00:00,Annual,Natural gas,Russia,Million cubic metres,Bosnia and Herzegovina,2015,218.000,,
ESTAT:NRG_TI_GAS(1.0),24/03/26 23:00:00,Annual,Natural gas,Russia,Million cubic metres,Bosnia and Herzegovina,2016,227.000,,
ESTAT:NRG_TI_GAS(1.0),24/03/26 23:00:00,Annual,Natural gas,Russia,Million cubic metres,Bosnia and Herzegovina,2017,245.000,,
ESTAT:NRG_TI_GAS(1.0),24/03/26 23:00:00,Annual,Natural gas,Russia,Million cubic metres,Bosnia and Herzegovina,2018,244.604,,
ESTAT:NRG_TI_GAS(1.0),24/03/26 23:00:00,Annual,Natural gas,Russia,Million cubic metres,Bosnia and Herzegovina,2019,230.980,,
ESTAT:NRG_TI_GAS(1.0),24/03/26 23:00:00,Annual,Natural gas,Russia,Million cubic metres,Bosnia and Herzegovina,2020,210.686,,
ESTAT:NRG_TI_GAS(1.0),24/03/26 23:00:00,Annual,Natural gas,Russia,Million cubic metres,Bosnia and Herzegovina,2021,253.953,,
ESTAT:NRG_TI_GAS(1.0),24/03/26 23:00:00,Annual,Natural gas,Russia,Million cubic metres,Bosnia and Herzegovina,2022,247.419,,
ESTAT:NRG_TI_GAS(1.0),24/03/26 23:00:00,Annual,Natural gas,Russia,Million cubic metres,Bosnia and Herzegovina,2023,223.200,,
ESTAT:NRG_TI_GAS(1.0),24/03/26 23:00:00,Annual,Natural gas,Russia,Million cubic metres,Bosnia and Herzegovina,2024,219.668,,
ESTAT:NRG_TI_GAS(1.0),24/03/26 23:00:00,Annual,Natural gas,Russia,Million cubic metres,Belgium,1990,0.000,,
ESTAT:NRG_TI_GAS(1.0),24/03/26 23:00:00,Annual,Natural gas,Russia,Million cubic metres,Belgium,1991,0.000,,
ESTAT:NRG_TI_GAS(1.0),24/03/26 23:00:00,Annual,Natural gas,Russia,Million cubic metres,Belgium,1992,0.000,,
ESTAT:NRG_TI_GAS(1.0),24/03/26 23:00:00,Annual,Natural gas,Russia,Million cubic metres,Belgium,1993,0.000,,
ESTAT:NRG_TI_GAS(1.0),24/03/26 23:00:00,Annual,Natural gas,Russia,Million cubic metres,Belgium,1994,0.000,,
ESTAT:NRG_TI_GAS(1.0),24/03/26 23:00:00,Annual,Natural gas,Russia,Million cubic metres,Belgium,1995,0.000,,
ESTAT:NRG_TI_GAS(1.0),24/03/26 23:00:00,Annual,Natural gas,Russia,Million cubic metres,Belgium,1996,0.000,,
ESTAT:NRG_TI_GAS(1.0),24/03/26 23:00:00,Annual,Natural gas,Russia,Million cubic metres,Belgium,1997,0.000,,
ESTAT:NRG_TI_GAS(1.0),24/03/26 23:00:00,Annual,Natural gas,Russia,Million cubic metres,Belgium,1998,0.000,,
ESTAT:NRG_TI_GAS(1.0),24/03/26 23:00:00,Annual,Natural gas,Russia,Million cubic metres,Belgium,1999,0.000,,
ESTAT:NRG_TI_GAS(1.0),24/03/26 23:00:00,Annual,Natural gas,Russia,Million cubic metres,Belgium,2000,0.000,,
ESTAT:NRG_TI_GAS(1.0),24/03/26 23:00:00,Annual,Natural gas,Russia,Million cubic metres,Belgium,2001,0.000,,
ESTAT:NRG_TI_GAS(1.0),24/03/26 23:00:00,Annual,Natural gas,Russia,Million cubic metres,Belgium,2002,0.000,,
ESTAT:NRG_TI_GAS(1.0),24/03/26 23:00:00,Annual,Natural gas,Russia,Million cubic metres,Belgium,2003,0.000,,
ESTAT:NRG_TI_GAS(1.0),24/03/26 23:00:00,Annual,Natural gas,Russia,Million cubic metres,Belgium,2004,401.000,,
ESTAT:NRG_TI_GAS(1.0),24/03/26 23:00:00,Annual,Natural gas,Russia,Million cubic metres,Belgium,2005,884.000,,
ESTAT:NRG_TI_GAS(1.0),24/03/26 23:00:00,Annual,Natural gas,Russia,Million cubic metres,Belgium,2006,738.000,,
ESTAT:NRG_TI_GAS(1.0),24/03/26 23:00:00,Annual,Natural gas,Russia,Million cubic metres,Belgium,2007,825.000,,
ESTAT:NRG_TI_GAS(1.0),24/03/26 23:00:00,Annual,Natural gas,Russia,Million cubic metres,Belgium,2008,885.000,,
ESTAT:NRG_TI_GAS(1.0),24/03/26 23:00:00,Annual,Natural gas,Russia,Million cubic metres,Belgium,2009,511.000,,
ESTAT:NRG_TI_GAS(1.0),24/03/26 23:00:00,Annual,Natural gas,Russia,Million cubic metres,Belgium,2010,477.000,,
ESTAT:NRG_TI_GAS(1.0),24/03/26 23:00:00,Annual,Natural gas,Russia,Million cubic metres,Belgium,2011,0.000,,
ESTAT:NRG_TI_GAS(1.0),24/03/26 23:00:00,Annual,Natural gas,Russia,Million cubic metres,Belgium,2012,0.000,,
ESTAT:NRG_TI_GAS(1.0),24/03/26 23:00:00,Annual,Natural gas,Russia,Million cubic metres,Belgium,2013,0.000,,
ESTAT:NRG_TI_GAS(1.0),24/03/26 23:00:00,Annual,Natural gas,Russia,Million cubic metres,Belgium,2014,0.000,,
ESTAT:NRG_TI_GAS(1.0),24/03/26 23:00:00,Annual,Natural gas,Russia,Million cubic metres,Belgium,2015,0.000,,
ESTAT:NRG_TI_GAS(1.0),24/03/26 23:00:00,Annual,Natural gas,Russia,Million cubic metres,Belgium,2016,0.000,,
ESTAT:NRG_TI_GAS(1.0),24/03/26 23:00:00,Annual,Natural gas,Russia,Million cubic metres,Belgium,2017,1478.100,,
ESTAT:NRG_TI_GAS(1.0),24/03/26 23:00:00,Annual,Natural gas,Russia,Million cubic metres,Belgium,2018,2403.000,,
ESTAT:NRG_TI_GAS(1.0),24/03/26 23:00:00,Annual,Natural gas,Russia,Million cubic metres,Belgium,2019,3766.500,,
ESTAT:NRG_TI_GAS(1.0),24/03/26 23:00:00,Annual,Natural gas,Russia,Million cubic metres,Belgium,2020,2818.100,,
ESTAT:NRG_TI_GAS(1.0),24/03/26 23:00:00,Annual,Natural gas,Russia,Million cubic metres,Belgium,2021,2404.900,,
ESTAT:NRG_TI_GAS(1.0),24/03/26 23:00:00,Annual,Natural gas,Russia,Million cubic metres,Belgium,2022,2820.800,,
ESTAT:NRG_TI_GAS(1.0),24/03/26 23:00:00,Annual,Natural gas,Russia,Million cubic metres,Belgium,2023,4018.800,,
ESTAT:NRG_TI_GAS(1.0),24/03/26 23:00:00,Annual,Natural gas,Russia,Million cubic metres,Belgium,2024,3444.700,,
ESTAT:NRG_TI_GAS(1.0),24/03/26 23:00:00,Annual,Natural gas,Russia,Million cubic metres,Bulgaria,1990,6732.000,,
ESTAT:NRG_TI_GAS(1.0),24/03/26 23:00:00,Annual,Natural gas,Russia,Million cubic metres,Bulgaria,1991,5563.000,,
ESTAT:NRG_TI_GAS(1.0),24/03/26 23:00:00,Annual,Natural gas,Russia,Million cubic metres,Bulgaria,1992,5024.000,,
ESTAT:NRG_TI_GAS(1.0),24/03/26 23:00:00,Annual,Natural gas,Russia,Million cubic metres,Bulgaria,1993,4677.000,,
ESTAT:NRG_TI_GAS(1.0),24/03/26 23:00:00,Annual,Natural gas,Russia,Million cubic metres,Bulgaria,1994,4633.000,,
ESTAT:NRG_TI_GAS(1.0),24/03/26 23:00:00,Annual,Natural gas,Russia,Million cubic metres,Bulgaria,1995,5652.000,,
ESTAT:NRG_TI_GAS(1.0),24/03/26 23:00:00,Annual,Natural gas,Russia,Million cubic metres,Bulgaria,1996,5859.000,,
ESTAT:NRG_TI_GAS(1.0),24/03/26 23:00:00,Annual,Natural gas,Russia,Million cubic metres,Bulgaria,1997,4775.000,,
ESTAT:NRG_TI_GAS(1.0),24/03/26 23:00:00,Annual,Natural gas,Russia,Million cubic metres,Bulgaria,1998,3867.000,,
ESTAT:NRG_TI_GAS(1.0),24/03/26 23:00:00,Annual,Natural gas,Russia,Million cubic metres,Bulgaria,1999,3404.000,,
ESTAT:NRG_TI_GAS(1.0),24/03/26 23:00:00,Annual,Natural gas,Russia,Million cubic metres,Bulgaria,2000,3384.000,,
ESTAT:NRG_TI_GAS(1.0),24/03/26 23:00:00,Annual,Natural gas,Russia,Million cubic metres,Bulgaria,2001,3367.000,,
ESTAT:NRG_TI_GAS(1.0),24/03/26 23:00:00,Annual,Natural gas,Russia,Million cubic metres,Bulgaria,2002,3074.000,,
ESTAT:NRG_TI_GAS(1.0),24/03/26 23:00:00,Annual,Natural gas,Russia,Million cubic metres,Bulgaria,2003,2895.000,,
ESTAT:NRG_TI_GAS(1.0),24/03/26 23:00:00,Annual,Natural gas,Russia,Million cubic metres,Bulgaria,2004,2960.000,,
ESTAT:NRG_TI_GAS(1.0),24/03/26 23:00:00,Annual,Natural gas,Russia,Million cubic metres,Bulgaria,2005,3014.000,,
ESTAT:NRG_TI_GAS(1.0),24/03/26 23:00:00,Annual,Natural gas,Russia,Million cubic metres,Bulgaria,2006,3195.000,,
ESTAT:NRG_TI_GAS(1.0),24/03/26 23:00:00,Annual,Natural gas,Russia,Million cubic metres,Bulgaria,2007,3370.000,,
ESTAT:NRG_TI_GAS(1.0),24/03/26 23:00:00,Annual,Natural gas,Russia,Million cubic metres,Bulgaria,2008,3432.000,,
ESTAT:NRG_TI_GAS(1.0),24/03/26 23:00:00,Annual,Natural gas,Russia,Million cubic metres,Bulgaria,2009,2604.000,,
ESTAT:NRG_TI_GAS(1.0),24/03/26 23:00:00,Annual,Natural gas,Russia,Million cubic metres,Bulgaria,2010,2608.000,,
ESTAT:NRG_TI_GAS(1.0),24/03/26 23:00:00,Annual,Natural gas,Russia,Million cubic metres,Bulgaria,2011,2764.000,,
ESTAT:NRG_TI_GAS(1.0),24/03/26 23:00:00,Annual,Natural gas,Russia,Million cubic metres,Bulgaria,2012,2485.000,,
ESTAT:NRG_TI_GAS(1.0),24/03/26 23:00:00,Annual,Natural gas,Russia,Million cubic metres,Bulgaria,2013,2698.000,,
ESTAT:NRG_TI_GAS(1.0),24/03/26 23:00:00,Annual,Natural gas,Russia,Million cubic metres,Bulgaria,2014,2683.000,,
ESTAT:NRG_TI_GAS(1.0),24/03/26 23:00:00,Annual,Natural gas,Russia,Million cubic metres,Bulgaria,2015,3010.000,,
ESTAT:NRG_TI_GAS(1.0),24/03/26 23:00:00,Annual,Natural gas,Russia,Million cubic metres,Bulgaria,2016,3094.000,,
ESTAT:NRG_TI_GAS(1.0),24/03/26 23:00:00,Annual,Natural gas,Russia,Million cubic metres,Bulgaria,2017,3268.781,,
ESTAT:NRG_TI_GAS(1.0),24/03/26 23:00:00,Annual,Natural gas,Russia,Million cubic metres,Bulgaria,2018,3111.458,,
ESTAT:NRG_TI_GAS(1.0),24/03/26 23:00:00,Annual,Natural gas,Russia,Million cubic metres,Bulgaria,2019,2342.221,,
ESTAT:NRG_TI_GAS(1.0),24/03/26 23:00:00,Annual,Natural gas,Russia,Million cubic metres,Bulgaria,2020,2201.204,,
ESTAT:NRG_TI_GAS(1.0),24/03/26 23:00:00,Annual,Natural gas,Russia,Million cubic metres,Bulgaria,2021,2626.527,,
ESTAT:NRG_TI_GAS(1.0),24/03/26 23:00:00,Annual,Natural gas,Russia,Million cubic metres,Bulgaria,2022,1205.349,,
ESTAT:NRG_TI_GAS(1.0),24/03/26 23:00:00,Annual,Natural gas,Russia,Million cubic metres,Bulgaria,2023,0.000,,
ESTAT:NRG_TI_GAS(1.0),24/03/26 23:00:00,Annual,Natural gas,Russia,Million cubic metres,Bulgaria,2024,0.000,,
ESTAT:NRG_TI_GAS(1.0),24/03/26 23:00:00,Annual,Natural gas,Russia,Million cubic metres,Cyprus,1990,0.000,,
ESTAT:NRG_TI_GAS(1.0),24/03/26 23:00:00,Annual,Natural gas,Russia,Million cubic metres,Cyprus,1991,0.000,,
ESTAT:NRG_TI_GAS(1.0),24/03/26 23:00:00,Annual,Natural gas,Russia,Million cubic metres,Cyprus,1992,0.000,,
ESTAT:NRG_TI_GAS(1.0),24/03/26 23:00:00,Annual,Natural gas,Russia,Million cubic metres,Cyprus,1993,0.000,,
ESTAT:NRG_TI_GAS(1.0),24/03/26 23:00:00,Annual,Natural gas,Russia,Million cubic metres,Cyprus,1994,0.000,,
ESTAT:NRG_TI_GAS(1.0),24/03/26 23:00:00,Annual,Natural gas,Russia,Million cubic metres,Cyprus,1995,0.000,,
ESTAT:NRG_TI_GAS(1.0),24/03/26 23:00:00,Annual,Natural gas,Russia,Million cubic metres,Cyprus,1996,0.000,,
ESTAT:NRG_TI_GAS(1.0),24/03/26 23:00:00,Annual,Natural gas,Russia,Million cubic metres,Cyprus,1997,0.000,,
ESTAT:NRG_TI_GAS(1.0),24/03/26 23:00:00,Annual,Natural gas,Russia,Million cubic metres,Cyprus,1998,0.000,,
ESTAT:NRG_TI_GAS(1.0),24/03/26 23:00:00,Annual,Natural gas,Russia,Million cubic metres,Cyprus,1999,0.000,,
ESTAT:NRG_TI_GAS(1.0),24/03/26 23:00:00,Annual,Natural gas,Russia,Million cubic metres,Cyprus,2000,0.000,,
ESTAT:NRG_TI_GAS(1.0),24/03/26 23:00:00,Annual,Natural gas,Russia,Million cubic metres,Cyprus,2001,0.000,,
ESTAT:NRG_TI_GAS(1.0),24/03/26 23:00:00,Annual,Natural gas,Russia,Million cubic metres,Cyprus,2002,0.000,,
ESTAT:NRG_TI_GAS(1.0),24/03/26 23:00:00,Annual,Natural gas,Russia,Million cubic metres,Cyprus,2003,0.000,,
ESTAT:NRG_TI_GAS(1.0),24/03/26 23:00:00,Annual,Natural gas,Russia,Million cubic metres,Cyprus,2004,0.000,,
ESTAT:NRG_TI_GAS(1.0),24/03/26 23:00:00,Annual,Natural gas,Russia,Million cubic metres,Cyprus,2005,0.000,,
ESTAT:NRG_TI_GAS(1.0),24/03/26 23:00:00,Annual,Natural gas,Russia,Million cubic metres,Cyprus,2006,0.000,,
ESTAT:NRG_TI_GAS(1.0),24/03/26 23:00:00,Annual,Natural gas,Russia,Million cubic metres,Cyprus,2007,0.000,,
ESTAT:NRG_TI_GAS(1.0),24/03/26 23:00:00,Annual,Natural gas,Russia,Million cubic metres,Cyprus,2008,0.000,,
ESTAT:NRG_TI_GAS(1.0),24/03/26 23:00:00,Annual,Natural gas,Russia,Million cubic metres,Cyprus,2009,0.000,,
ESTAT:NRG_TI_GAS(1.0),24/03/26 23:00:00,Annual,Natural gas,Russia,Million cubic metres,Cyprus,2010,0.000,,
ESTAT:NRG_TI_GAS(1.0),24/03/26 23:00:00,Annual,Natural gas,Russia,Million cubic metres,Cyprus,2011,0.000,,
ESTAT:NRG_TI_GAS(1.0),24/03/26 23:00:00,Annual,Natural gas,Russia,Million cubic metres,Cyprus,2012,0.000,,
ESTAT:NRG_TI_GAS(1.0),24/03/26 23:00:00,Annual,Natural gas,Russia,Million cubic metres,Cyprus,2013,0.000,,
ESTAT:NRG_TI_GAS(1.0),24/03/26 23:00:00,Annual,Natural gas,Russia,Million cubic metres,Cyprus,2014,0.000,,
ESTAT:NRG_TI_GAS(1.0),24/03/26 23:00:00,Annual,Natural gas,Russia,Million cubic metres,Cyprus,2015,0.000,,
ESTAT:NRG_TI_GAS(1.0),24/03/26 23:00:00,Annual,Natural gas,Russia,Million cubic metres,Cyprus,2016,0.000,,
ESTAT:NRG_TI_GAS(1.0),24/03/26 23:00:00,Annual,Natural gas,Russia,Million cubic metres,Cyprus,2017,0.000,,
ESTAT:NRG_TI_GAS(1.0),24/03/26 23:00:00,Annual,Natural gas,Russia,Million cubic metres,Cyprus,2018,0.000,,
ESTAT:NRG_TI_GAS(1.0),24/03/26 23:00:00,Annual,Natural gas,Russia,Million cubic metres,Cyprus,2019,0.000,,
ESTAT:NRG_TI_GAS(1.0),24/03/26 23:00:00,Annual,Natural gas,Russia,Million cubic metres,Cyprus,2020,0.000,,
ESTAT:NRG_TI_GAS(1.0),24/03/26 23:00:00,Annual,Natural gas,Russia,Million cubic metres,Cyprus,2021,0.000,,
ESTAT:NRG_TI_GAS(1.0),24/03/26 23:00:00,Annual,Natural gas,Russia,Million cubic metres,Cyprus,2022,0.000,,
ESTAT:NRG_TI_GAS(1.0),24/03/26 23:00:00,Annual,Natural gas,Russia,Million cubic metres,Cyprus,2023,0.000,,
ESTAT:NRG_TI_GAS(1.0),24/03/26 23:00:00,Annual,Natural gas,Russia,Million cubic metres,Cyprus,2024,0.000,,
ESTAT:NRG_TI_GAS(1.0),24/03/26 23:00:00,Annual,Natural gas,Russia,Million cubic metres,Czechia,1990,5988.000,,
ESTAT:NRG_TI_GAS(1.0),24/03/26 23:00:00,Annual,Natural gas,Russia,Million cubic metres,Czechia,1991,6891.000,,
ESTAT:NRG_TI_GAS(1.0),24/03/26 23:00:00,Annual,Natural gas,Russia,Million cubic metres,Czechia,1992,6844.000,,
ESTAT:NRG_TI_GAS(1.0),24/03/26 23:00:00,Annual,Natural gas,Russia,Million cubic metres,Czechia,1993,6982.000,,
ESTAT:NRG_TI_GAS(1.0),24/03/26 23:00:00,Annual,Natural gas,Russia,Million cubic metres,Czechia,1994,7067.000,,
ESTAT:NRG_TI_GAS(1.0),24/03/26 23:00:00,Annual,Natural gas,Russia,Million cubic metres,Czechia,1995,7896.000,,
ESTAT:NRG_TI_GAS(1.0),24/03/26 23:00:00,Annual,Natural gas,Russia,Million cubic metres,Czechia,1996,9297.000,,
ESTAT:NRG_TI_GAS(1.0),24/03/26 23:00:00,Annual,Natural gas,Russia,Million cubic metres,Czechia,1997,8505.000,,
ESTAT:NRG_TI_GAS(1.0),24/03/26 23:00:00,Annual,Natural gas,Russia,Million cubic metres,Czechia,1998,8245.000,,
ESTAT:NRG_TI_GAS(1.0),24/03/26 23:00:00,Annual,Natural gas,Russia,Million cubic metres,Czechia,1999,7490.000,,
ESTAT:NRG_TI_GAS(1.0),24/03/26 23:00:00,Annual,Natural gas,Russia,Million cubic metres,Czechia,2000,7216.000,,
ESTAT:NRG_TI_GAS(1.0),24/03/26 23:00:00,Annual,Natural gas,Russia,Million cubic metres,Czechia,2001,7168.000,,
ESTAT:NRG_TI_GAS(1.0),24/03/26 23:00:00,Annual,Natural gas,Russia,Million cubic metres,Czechia,2002,7108.000,,
ESTAT:NRG_TI_GAS(1.0),24/03/26 23:00:00,Annual,Natural gas,Russia,Million cubic metres,Czechia,2003,7021.000,,
ESTAT:NRG_TI_GAS(1.0),24/03/26 23:00:00,Annual,Natural gas,Russia,Million cubic metres,Czechia,2004,6485.000,,
ESTAT:NRG_TI_GAS(1.0),24/03/26 23:00:00,Annual,Natural gas,Russia,Million cubic metres,Czechia,2005,7119.000,,
ESTAT:NRG_TI_GAS(1.0),24/03/26 23:00:00,Annual,Natural gas,Russia,Million cubic metres,Czechia,2006,7274.000,,
ESTAT:NRG_TI_GAS(1.0),24/03/26 23:00:00,Annual,Natural gas,Russia,Million cubic metres,Czechia,2007,6551.000,,
ESTAT:NRG_TI_GAS(1.0),24/03/26 23:00:00,Annual,Natural gas,Russia,Million cubic metres,Czechia,2008,6620.000,,
ESTAT:NRG_TI_GAS(1.0),24/03/26 23:00:00,Annual,Natural gas,Russia,Million cubic metres,Czechia,2009,5670.000,,
ESTAT:NRG_TI_GAS(1.0),24/03/26 23:00:00,Annual,Natural gas,Russia,Million cubic metres,Czechia,2010,7453.000,,
ESTAT:NRG_TI_GAS(1.0),24/03/26 23:00:00,Annual,Natural gas,Russia,Million cubic metres,Czechia,2011,9041.000,,
ESTAT:NRG_TI_GAS(1.0),24/03/26 23:00:00,Annual,Natural gas,Russia,Million cubic metres,Czechia,2012,7468.000,,
ESTAT:NRG_TI_GAS(1.0),24/03/26 23:00:00,Annual,Natural gas,Russia,Million cubic metres,Czechia,2013,8464.000,,
ESTAT:NRG_TI_GAS(1.0),24/03/26 23:00:00,Annual,Natural gas,Russia,Million cubic metres,Czechia,2014,6550.000,,
ESTAT:NRG_TI_GAS(1.0),24/03/26 23:00:00,Annual,Natural gas,Russia,Million cubic metres,Czechia,2015,7460.000,,
ESTAT:NRG_TI_GAS(1.0),24/03/26 23:00:00,Annual,Natural gas,Russia,Million cubic metres,Czechia,2016,8121.000,,
ESTAT:NRG_TI_GAS(1.0),24/03/26 23:00:00,Annual,Natural gas,Russia,Million cubic metres,Czechia,2017,8817.000,,
ESTAT:NRG_TI_GAS(1.0),24/03/26 23:00:00,Annual,Natural gas,Russia,Million cubic metres,Czechia,2018,7968.390,,
ESTAT:NRG_TI_GAS(1.0),24/03/26 23:00:00,Annual,Natural gas,Russia,Million cubic metres,Czechia,2019,9507.601,,
ESTAT:NRG_TI_GAS(1.0),24/03/26 23:00:00,Annual,Natural gas,Russia,Million cubic metres,Czechia,2020,7589.967,,
ESTAT:NRG_TI_GAS(1.0),24/03/26 23:00:00,Annual,Natural gas,Russia,Million cubic metres,Czechia,2021,8718.897,,
ESTAT:NRG_TI_GAS(1.0),24/03/26 23:00:00,Annual,Natural gas,Russia,Million cubic metres,Czechia,2022,6837.935,,
ESTAT:NRG_TI_GAS(1.0),24/03/26 23:00:00,Annual,Natural gas,Russia,Million cubic metres,Czechia,2023,551.475,,
ESTAT:NRG_TI_GAS(1.0),24/03/26 23:00:00,Annual,Natural gas,Russia,Million cubic metres,Czechia,2024,1791.029,,
ESTAT:NRG_TI_GAS(1.0),24/03/26 23:00:00,Annual,Natural gas,Russia,Million cubic metres,Germany,1990,26160.000,,
ESTAT:NRG_TI_GAS(1.0),24/03/26 23:00:00,Annual,Natural gas,Russia,Million cubic metres,Germany,1991,23969.000,,
ESTAT:NRG_TI_GAS(1.0),24/03/26 23:00:00,Annual,Natural gas,Russia,Million cubic metres,Germany,1992,22294.000,,
ESTAT:NRG_TI_GAS(1.0),24/03/26 23:00:00,Annual,Natural gas,Russia,Million cubic metres,Germany,1993,25201.000,,
ESTAT:NRG_TI_GAS(1.0),24/03/26 23:00:00,Annual,Natural gas,Russia,Million cubic metres,Germany,1994,29195.000,,
ESTAT:NRG_TI_GAS(1.0),24/03/26 23:00:00,Annual,Natural gas,Russia,Million cubic metres,Germany,1995,32134.000,,
ESTAT:NRG_TI_GAS(1.0),24/03/26 23:00:00,Annual,Natural gas,Russia,Million cubic metres,Germany,1996,32444.000,,
ESTAT:NRG_TI_GAS(1.0),24/03/26 23:00:00,Annual,Natural gas,Russia,Million cubic metres,Germany,1997,30659.000,,
ESTAT:NRG_TI_GAS(1.0),24/03/26 23:00:00,Annual,Natural gas,Russia,Million cubic metres,Germany,1998,32673.000,,
ESTAT:NRG_TI_GAS(1.0),24/03/26 23:00:00,Annual,Natural gas,Russia,Million cubic metres,Germany,1999,34414.000,,
ESTAT:NRG_TI_GAS(1.0),24/03/26 23:00:00,Annual,Natural gas,Russia,Million cubic metres,Germany,2000,34664.000,,
ESTAT:NRG_TI_GAS(1.0),24/03/26 23:00:00,Annual,Natural gas,Russia,Million cubic metres,Germany,2001,32945.000,,
ESTAT:NRG_TI_GAS(1.0),24/03/26 23:00:00,Annual,Natural gas,Russia,Million cubic metres,Germany,2002,33324.000,,
ESTAT:NRG_TI_GAS(1.0),24/03/26 23:00:00,Annual,Natural gas,Russia,Million cubic metres,Germany,2003,33080.000,,
ESTAT:NRG_TI_GAS(1.0),24/03/26 23:00:00,Annual,Natural gas,Russia,Million cubic metres,Germany,2004,37664.000,,
ESTAT:NRG_TI_GAS(1.0),24/03/26 23:00:00,Annual,Natural gas,Russia,Million cubic metres,Germany,2005,38225.000,,
ESTAT:NRG_TI_GAS(1.0),24/03/26 23:00:00,Annual,Natural gas,Russia,Million cubic metres,Germany,2006,38229.000,,
ESTAT:NRG_TI_GAS(1.0),24/03/26 23:00:00,Annual,Natural gas,Russia,Million cubic metres,Germany,2007,37550.000,,
ESTAT:NRG_TI_GAS(1.0),24/03/26 23:00:00,Annual,Natural gas,Russia,Million cubic metres,Germany,2008,38772.000,,
ESTAT:NRG_TI_GAS(1.0),24/03/26 23:00:00,Annual,Natural gas,Russia,Million cubic metres,Germany,2009,29516.000,,
ESTAT:NRG_TI_GAS(1.0),24/03/26 23:00:00,Annual,Natural gas,Russia,Million cubic metres,Germany,2010,33996.000,,
ESTAT:NRG_TI_GAS(1.0),24/03/26 23:00:00,Annual,Natural gas,Russia,Million cubic metres,Germany,2011,32859.000,,
ESTAT:NRG_TI_GAS(1.0),24/03/26 23:00:00,Annual,Natural gas,Russia,Million cubic metres,Germany,2012,32632.000,,
ESTAT:NRG_TI_GAS(1.0),24/03/26 23:00:00,Annual,Natural gas,Russia,Million cubic metres,Germany,2013,39977.000,,
ESTAT:NRG_TI_GAS(1.0),24/03/26 23:00:00,Annual,Natural gas,Russia,Million cubic metres,Germany,2014,37201.000,,
ESTAT:NRG_TI_GAS(1.0),24/03/26 23:00:00,Annual,Natural gas,Russia,Million cubic metres,Germany,2015,43626.000,,
ESTAT:NRG_TI_GAS(1.0),24/03/26 23:00:00,Annual,Natural gas,Russia,Million cubic metres,Germany,2016,58671.000,,
ESTAT:NRG_TI_GAS(1.0),24/03/26 23:00:00,Annual,Natural gas,Russia,Million cubic metres,Germany,2017,62079.783,,
ESTAT:NRG_TI_GAS(1.0),24/03/26 23:00:00,Annual,Natural gas,Russia,Million cubic metres,Germany,2018,43108.053,,
ESTAT:NRG_TI_GAS(1.0),24/03/26 23:00:00,Annual,Natural gas,Russia,Million cubic metres,Germany,2019,46249.986,,
ESTAT:NRG_TI_GAS(1.0),24/03/26 23:00:00,Annual,Natural gas,Russia,Million cubic metres,Germany,2020,52463.565,,
ESTAT:NRG_TI_GAS(1.0),24/03/26 23:00:00,Annual,Natural gas,Russia,Million cubic metres,Germany,2021,55443.282,,
ESTAT:NRG_TI_GAS(1.0),24/03/26 23:00:00,Annual,Natural gas,Russia,Million cubic metres,Germany,2022,25941.144,,
ESTAT:NRG_TI_GAS(1.0),24/03/26 23:00:00,Annual,Natural gas,Russia,Million cubic metres,Germany,2023,0.000,,
ESTAT:NRG_TI_GAS(1.0),24/03/26 23:00:00,Annual,Natural gas,Russia,Million cubic metres,Germany,2024,0.000,,
ESTAT:NRG_TI_GAS(1.0),24/03/26 23:00:00,Annual,Natural gas,Russia,Million cubic metres,Denmark,1990,0.000,,
ESTAT:NRG_TI_GAS(1.0),24/03/26 23:00:00,Annual,Natural gas,Russia,Million cubic metres,Denmark,1991,0.000,,
ESTAT:NRG_TI_GAS(1.0),24/03/26 23:00:00,Annual,Natural gas,Russia,Million cubic metres,Denmark,1992,0.000,,
ESTAT:NRG_TI_GAS(1.0),24/03/26 23:00:00,Annual,Natural gas,Russia,Million cubic metres,Denmark,1993,0.000,,
ESTAT:NRG_TI_GAS(1.0),24/03/26 23:00:00,Annual,Natural gas,Russia,Million cubic metres,Denmark,1994,0.000,,
ESTAT:NRG_TI_GAS(1.0),24/03/26 23:00:00,Annual,Natural gas,Russia,Million cubic metres,Denmark,1995,0.000,,
ESTAT:NRG_TI_GAS(1.0),24/03/26 23:00:00,Annual,Natural gas,Russia,Million cubic metres,Denmark,1996,0.000,,
ESTAT:NRG_TI_GAS(1.0),24/03/26 23:00:00,Annual,Natural gas,Russia,Million cubic metres,Denmark,1997,0.000,,
ESTAT:NRG_TI_GAS(1.0),24/03/26 23:00:00,Annual,Natural gas,Russia,Million cubic metres,Denmark,1998,0.000,,
ESTAT:NRG_TI_GAS(1.0),24/03/26 23:00:00,Annual,Natural gas,Russia,Million cubic metres,Denmark,1999,0.000,,
ESTAT:NRG_TI_GAS(1.0),24/03/26 23:00:00,Annual,Natural gas,Russia,Million cubic metres,Denmark,2000,0.000,,
ESTAT:NRG_TI_GAS(1.0),24/03/26 23:00:00,Annual,Natural gas,Russia,Million cubic metres,Denmark,2001,0.000,,
ESTAT:NRG_TI_GAS(1.0),24/03/26 23:00:00,Annual,Natural gas,Russia,Million cubic metres,Denmark,2002,0.000,,
ESTAT:NRG_TI_GAS(1.0),24/03/26 23:00:00,Annual,Natural gas,Russia,Million cubic metres,Denmark,2003,0.000,,
ESTAT:NRG_TI_GAS(1.0),24/03/26 23:00:00,Annual,Natural gas,Russia,Million cubic metres,Denmark,2004,0.000,,
ESTAT:NRG_TI_GAS(1.0),24/03/26 23:00:00,Annual,Natural gas,Russia,Million cubic metres,Denmark,2005,0.000,,
ESTAT:NRG_TI_GAS(1.0),24/03/26 23:00:00,Annual,Natural gas,Russia,Million cubic metres,Denmark,2006,0.000,,
ESTAT:NRG_TI_GAS(1.0),24/03/26 23:00:00,Annual,Natural gas,Russia,Million cubic metres,Denmark,2007,0.000,,
ESTAT:NRG_TI_GAS(1.0),24/03/26 23:00:00,Annual,Natural gas,Russia,Million cubic metres,Denmark,2008,0.000,,
ESTAT:NRG_TI_GAS(1.0),24/03/26 23:00:00,Annual,Natural gas,Russia,Million cubic metres,Denmark,2009,0.000,,
ESTAT:NRG_TI_GAS(1.0),24/03/26 23:00:00,Annual,Natural gas,Russia,Million cubic metres,Denmark,2010,0.000,,
ESTAT:NRG_TI_GAS(1.0),24/03/26 23:00:00,Annual,Natural gas,Russia,Million cubic metres,Denmark,2011,0.000,,
ESTAT:NRG_TI_GAS(1.0),24/03/26 23:00:00,Annual,Natural gas,Russia,Million cubic metres,Denmark,2012,0.000,,
ESTAT:NRG_TI_GAS(1.0),24/03/26 23:00:00,Annual,Natural gas,Russia,Million cubic metres,Denmark,2013,0.000,,
ESTAT:NRG_TI_GAS(1.0),24/03/26 23:00:00,Annual,Natural gas,Russia,Million cubic metres,Denmark,2014,0.000,,
ESTAT:NRG_TI_GAS(1.0),24/03/26 23:00:00,Annual,Natural gas,Russia,Million cubic metres,Denmark,2015,0.000,,
ESTAT:NRG_TI_GAS(1.0),24/03/26 23:00:00,Annual,Natural gas,Russia,Million cubic metres,Denmark,2016,0.000,,
ESTAT:NRG_TI_GAS(1.0),24/03/26 23:00:00,Annual,Natural gas,Russia,Million cubic metres,Denmark,2017,0.000,,
ESTAT:NRG_TI_GAS(1.0),24/03/26 23:00:00,Annual,Natural gas,Russia,Million cubic metres,Denmark,2018,0.000,,
ESTAT:NRG_TI_GAS(1.0),24/03/26 23:00:00,Annual,Natural gas,Russia,Million cubic metres,Denmark,2019,0.000,,
ESTAT:NRG_TI_GAS(1.0),24/03/26 23:00:00,Annual,Natural gas,Russia,Million cubic metres,Denmark,2020,0.000,,
ESTAT:NRG_TI_GAS(1.0),24/03/26 23:00:00,Annual,Natural gas,Russia,Million cubic metres,Denmark,2021,0.000,,
ESTAT:NRG_TI_GAS(1.0),24/03/26 23:00:00,Annual,Natural gas,Russia,Million cubic metres,Denmark,2022,0.000,,
ESTAT:NRG_TI_GAS(1.0),24/03/26 23:00:00,Annual,Natural gas,Russia,Million cubic metres,Denmark,2023,0.000,,
ESTAT:NRG_TI_GAS(1.0),24/03/26 23:00:00,Annual,Natural gas,Russia,Million cubic metres,Denmark,2024,0.000,,
ESTAT:NRG_TI_GAS(1.0),24/03/26 23:00:00,Annual,Natural gas,Russia,Million cubic metres,Euro area – 20 countries (2023-2025),1990,77002.000,,
ESTAT:NRG_TI_GAS(1.0),24/03/26 23:00:00,Annual,Natural gas,Russia,Million cubic metres,Euro area – 20 countries (2023-2025),1991,74086.000,,
ESTAT:NRG_TI_GAS(1.0),24/03/26 23:00:00,Annual,Natural gas,Russia,Million cubic metres,Euro area – 20 countries (2023-2025),1992,69003.000,,
ESTAT:NRG_TI_GAS(1.0),24/03/26 23:00:00,Annual,Natural gas,Russia,Million cubic metres,Euro area – 20 countries (2023-2025),1993,67584.000,,
ESTAT:NRG_TI_GAS(1.0),24/03/26 23:00:00,Annual,Natural gas,Russia,Million cubic metres,Euro area – 20 countries (2023-2025),1994,72644.000,,
ESTAT:NRG_TI_GAS(1.0),24/03/26 23:00:00,Annual,Natural gas,Russia,Million cubic metres,Euro area – 20 countries (2023-2025),1995,78685.000,,
ESTAT:NRG_TI_GAS(1.0),24/03/26 23:00:00,Annual,Natural gas,Russia,Million cubic metres,Euro area – 20 countries (2023-2025),1996,79387.000,,
ESTAT:NRG_TI_GAS(1.0),24/03/26 23:00:00,Annual,Natural gas,Russia,Million cubic metres,Euro area – 20 countries (2023-2025),1997,76472.000,,
ESTAT:NRG_TI_GAS(1.0),24/03/26 23:00:00,Annual,Natural gas,Russia,Million cubic metres,Euro area – 20 countries (2023-2025),1998,82671.000,,
ESTAT:NRG_TI_GAS(1.0),24/03/26 23:00:00,Annual,Natural gas,Russia,Million cubic metres,Euro area – 20 countries (2023-2025),1999,88937.000,,
ESTAT:NRG_TI_GAS(1.0),24/03/26 23:00:00,Annual,Natural gas,Russia,Million cubic metres,Euro area – 20 countries (2023-2025),2000,92252.000,,
ESTAT:NRG_TI_GAS(1.0),24/03/26 23:00:00,Annual,Natural gas,Russia,Million cubic metres,Euro area – 20 countries (2023-2025),2001,87757.200,,
ESTAT:NRG_TI_GAS(1.0),24/03/26 23:00:00,Annual,Natural gas,Russia,Million cubic metres,Euro area – 20 countries (2023-2025),2002,89882.000,,
ESTAT:NRG_TI_GAS(1.0),24/03/26 23:00:00,Annual,Natural gas,Russia,Million cubic metres,Euro area – 20 countries (2023-2025),2003,92472.000,,
ESTAT:NRG_TI_GAS(1.0),24/03/26 23:00:00,Annual,Natural gas,Russia,Million cubic metres,Euro area – 20 countries (2023-2025),2004,99488.000,,
ESTAT:NRG_TI_GAS(1.0),24/03/26 23:00:00,Annual,Natural gas,Russia,Million cubic metres,Euro area – 20 countries (2023-2025),2005,105176.100,,
ESTAT:NRG_TI_GAS(1.0),24/03/26 23:00:00,Annual,Natural gas,Russia,Million cubic metres,Euro area – 20 countries (2023-2025),2006,102079.000,,
ESTAT:NRG_TI_GAS(1.0),24/03/26 23:00:00,Annual,Natural gas,Russia,Million cubic metres,Euro area – 20 countries (2023-2025),2007,99610.000,,
ESTAT:NRG_TI_GAS(1.0),24/03/26 23:00:00,Annual,Natural gas,Russia,Million cubic metres,Euro area – 20 countries (2023-2025),2008,101978.000,,
ESTAT:NRG_TI_GAS(1.0),24/03/26 23:00:00,Annual,Natural gas,Russia,Million cubic metres,Euro area – 20 countries (2023-2025),2009,80069.000,,
ESTAT:NRG_TI_GAS(1.0),24/03/26 23:00:00,Annual,Natural gas,Russia,Million cubic metres,Euro area – 20 countries (2023-2025),2010,80626.000,,
ESTAT:NRG_TI_GAS(1.0),24/03/26 23:00:00,Annual,Natural gas,Russia,Million cubic metres,Euro area – 20 countries (2023-2025),2011,80709.661,,
ESTAT:NRG_TI_GAS(1.0),24/03/26 23:00:00,Annual,Natural gas,Russia,Million cubic metres,Euro area – 20 countries (2023-2025),2012,78370.628,,
ESTAT:NRG_TI_GAS(1.0),24/03/26 23:00:00,Annual,Natural gas,Russia,Million cubic metres,Euro area – 20 countries (2023-2025),2013,98869.315,,
ESTAT:NRG_TI_GAS(1.0),24/03/26 23:00:00,Annual,Natural gas,Russia,Million cubic metres,Euro area – 20 countries (2023-2025),2014,88145.391,,
ESTAT:NRG_TI_GAS(1.0),24/03/26 23:00:00,Annual,Natural gas,Russia,Million cubic metres,Euro area – 20 countries (2023-2025),2015,100138.316,,
ESTAT:NRG_TI_GAS(1.0),24/03/26 23:00:00,Annual,Natural gas,Russia,Million cubic metres,Euro area – 20 countries (2023-2025),2016,122422.401,,
ESTAT:NRG_TI_GAS(1.0),24/03/26 23:00:00,Annual,Natural gas,Russia,Million cubic metres,Euro area – 20 countries (2023-2025),2017,126537.779,,
ESTAT:NRG_TI_GAS(1.0),24/03/26 23:00:00,Annual,Natural gas,Russia,Million cubic metres,Euro area – 20 countries (2023-2025),2018,117499.172,,
ESTAT:NRG_TI_GAS(1.0),24/03/26 23:00:00,Annual,Natural gas,Russia,Million cubic metres,Euro area – 20 countries (2023-2025),2019,126246.947,,
ESTAT:NRG_TI_GAS(1.0),24/03/26 23:00:00,Annual,Natural gas,Russia,Million cubic metres,Euro area – 20 countries (2023-2025),2020,120130.119,,
ESTAT:NRG_TI_GAS(1.0),24/03/26 23:00:00,Annual,Natural gas,Russia,Million cubic metres,Euro area – 20 countries (2023-2025),2021,121420.687,,
ESTAT:NRG_TI_GAS(1.0),24/03/26 23:00:00,Annual,Natural gas,Russia,Million cubic metres,Euro area – 20 countries (2023-2025),2022,64692.895,,
ESTAT:NRG_TI_GAS(1.0),24/03/26 23:00:00,Annual,Natural gas,Russia,Million cubic metres,Euro area – 20 countries (2023-2025),2023,26320.700,,
ESTAT:NRG_TI_GAS(1.0),24/03/26 23:00:00,Annual,Natural gas,Russia,Million cubic metres,Euro area – 20 countries (2023-2025),2024,31926.267,,
ESTAT:NRG_TI_GAS(1.0),24/03/26 23:00:00,Annual,Natural gas,Russia,Million cubic metres,Euro area – 21 countries (from 2026),1990,83734,,
ESTAT:NRG_TI_GAS(1.0),24/03/26 23:00:00,Annual,Natural gas,Russia,Million cubic metres,Euro area – 21 countries (from 2026),1991,79649,,
ESTAT:NRG_TI_GAS(1.0),24/03/26 23:00:00,Annual,Natural gas,Russia,Million cubic metres,Euro area – 21 countries (from 2026),1992,74027,,
ESTAT:NRG_TI_GAS(1.0),24/03/26 23:00:00,Annual,Natural gas,Russia,Million cubic metres,Euro area – 21 countries (from 2026),1993,72261,,
ESTAT:NRG_TI_GAS(1.0),24/03/26 23:00:00,Annual,Natural gas,Russia,Million cubic metres,Euro area – 21 countries (from 2026),1994,77277,,
ESTAT:NRG_TI_GAS(1.0),24/03/26 23:00:00,Annual,Natural gas,Russia,Million cubic metres,Euro area – 21 countries (from 2026),1995,84337,,
ESTAT:NRG_TI_GAS(1.0),24/03/26 23:00:00,Annual,Natural gas,Russia,Million cubic metres,Euro area – 21 countries (from 2026),1996,85246,,
ESTAT:NRG_TI_GAS(1.0),24/03/26 23:00:00,Annual,Natural gas,Russia,Million cubic metres,Euro area – 21 countries (from 2026),1997,81247,,
ESTAT:NRG_TI_GAS(1.0),24/03/26 23:00:00,Annual,Natural gas,Russia,Million cubic metres,Euro area – 21 countries (from 2026),1998,86538,,
ESTAT:NRG_TI_GAS(1.0),24/03/26 23:00:00,Annual,Natural gas,Russia,Million cubic metres,Euro area – 21 countries (from 2026),1999,92341,,
ESTAT:NRG_TI_GAS(1.0),24/03/26 23:00:00,Annual,Natural gas,Russia,Million cubic metres,Euro area – 21 countries (from 2026),2000,95636,,
ESTAT:NRG_TI_GAS(1.0),24/03/26 23:00:00,Annual,Natural gas,Russia,Million cubic metres,Euro area – 21 countries (from 2026),2001,91124.2,,
ESTAT:NRG_TI_GAS(1.0),24/03/26 23:00:00,Annual,Natural gas,Russia,Million cubic metres,Euro area – 21 countries (from 2026),2002,92956,,
ESTAT:NRG_TI_GAS(1.0),24/03/26 23:00:00,Annual,Natural gas,Russia,Million cubic metres,Euro area – 21 countries (from 2026),2003,95367,,
ESTAT:NRG_TI_GAS(1.0),24/03/26 23:00:00,Annual,Natural gas,Russia,Million cubic metres,Euro area – 21 countries (from 2026),2004,102448,,
ESTAT:NRG_TI_GAS(1.0),24/03/26 23:00:00,Annual,Natural gas,Russia,Million cubic metres,Euro area – 21 countries (from 2026),2005,108190.1,,
ESTAT:NRG_TI_GAS(1.0),24/03/26 23:00:00,Annual,Natural gas,Russia,Million cubic metres,Euro area – 21 countries (from 2026),2006,105274,,
ESTAT:NRG_TI_GAS(1.0),24/03/26 23:00:00,Annual,Natural gas,Russia,Million cubic metres,Euro area – 21 countries (from 2026),2007,102980,,
ESTAT:NRG_TI_GAS(1.0),24/03/26 23:00:00,Annual,Natural gas,Russia,Million cubic metres,Euro area – 21 countries (from 2026),2008,105410,,
ESTAT:NRG_TI_GAS(1.0),24/03/26 23:00:00,Annual,Natural gas,Russia,Million cubic metres,Euro area – 21 countries (from 2026),2009,82673,,
ESTAT:NRG_TI_GAS(1.0),24/03/26 23:00:00,Annual,Natural gas,Russia,Million cubic metres,Euro area – 21 countries (from 2026),2010,83234,,
ESTAT:NRG_TI_GAS(1.0),24/03/26 23:00:00,Annual,Natural gas,Russia,Million cubic metres,Euro area – 21 countries (from 2026),2011,83473.661,,
ESTAT:NRG_TI_GAS(1.0),24/03/26 23:00:00,Annual,Natural gas,Russia,Million cubic metres,Euro area – 21 countries (from 2026),2012,80855.628,,
ESTAT:NRG_TI_GAS(1.0),24/03/26 23:00:00,Annual,Natural gas,Russia,Million cubic metres,Euro area – 21 countries (from 2026),2013,101567.315,,
ESTAT:NRG_TI_GAS(1.0),24/03/26 23:00:00,Annual,Natural gas,Russia,Million cubic metres,Euro area – 21 countries (from 2026),2014,90828.391,,
ESTAT:NRG_TI_GAS(1.0),24/03/26 23:00:00,Annual,Natural gas,Russia,Million cubic metres,Euro area – 21 countries (from 2026),2015,103148.316,,
ESTAT:NRG_TI_GAS(1.0),24/03/26 23:00:00,Annual,Natural gas,Russia,Million cubic metres,Euro area – 21 countries (from 2026),2016,125516.401,,
ESTAT:NRG_TI_GAS(1.0),24/03/26 23:00:00,Annual,Natural gas,Russia,Million cubic metres,Euro area – 21 countries (from 2026),2017,129806.56,,
ESTAT:NRG_TI_GAS(1.0),24/03/26 23:00:00,Annual,Natural gas,Russia,Million cubic metres,Euro area – 21 countries (from 2026),2018,120610.63,,
ESTAT:NRG_TI_GAS(1.0),24/03/26 23:00:00,Annual,Natural gas,Russia,Million cubic metres,Euro area – 21 countries (from 2026),2019,128589.168,,
ESTAT:NRG_TI_GAS(1.0),24/03/26 23:00:00,Annual,Natural gas,Russia,Million cubic metres,Euro area – 21 countries (from 2026),2020,122331.323,,
ESTAT:NRG_TI_GAS(1.0),24/03/26 23:00:00,Annual,Natural gas,Russia,Million cubic metres,Euro area – 21 countries (from 2026),2021,124047.214,,
ESTAT:NRG_TI_GAS(1.0),24/03/26 23:00:00,Annual,Natural gas,Russia,Million cubic metres,Euro area – 21 countries (from 2026),2022,65898.244,,
ESTAT:NRG_TI_GAS(1.0),24/03/26 23:00:00,Annual,Natural gas,Russia,Million cubic metres,Euro area – 21 countries (from 2026),2023,26320.7,,
ESTAT:NRG_TI_GAS(1.0),24/03/26 23:00:00,Annual,Natural gas,Russia,Million cubic metres,Euro area – 21 countries (from 2026),2024,31926.267,,
ESTAT:NRG_TI_GAS(1.0),24/03/26 23:00:00,Annual,Natural gas,Russia,Million cubic metres,Estonia,1990,1482.000,,
ESTAT:NRG_TI_GAS(1.0),24/03/26 23:00:00,Annual,Natural gas,Russia,Million cubic metres,Estonia,1991,1498.000,,
ESTAT:NRG_TI_GAS(1.0),24/03/26 23:00:00,Annual,Natural gas,Russia,Million cubic metres,Estonia,1992,876.000,,
ESTAT:NRG_TI_GAS(1.0),24/03/26 23:00:00,Annual,Natural gas,Russia,Million cubic metres,Estonia,1993,433.000,,
ESTAT:NRG_TI_GAS(1.0),24/03/26 23:00:00,Annual,Natural gas,Russia,Million cubic metres,Estonia,1994,626.000,,
ESTAT:NRG_TI_GAS(1.0),24/03/26 23:00:00,Annual,Natural gas,Russia,Million cubic metres,Estonia,1995,712.000,,
ESTAT:NRG_TI_GAS(1.0),24/03/26 23:00:00,Annual,Natural gas,Russia,Million cubic metres,Estonia,1996,786.000,,
ESTAT:NRG_TI_GAS(1.0),24/03/26 23:00:00,Annual,Natural gas,Russia,Million cubic metres,Estonia,1997,766.000,,
ESTAT:NRG_TI_GAS(1.0),24/03/26 23:00:00,Annual,Natural gas,Russia,Million cubic metres,Estonia,1998,726.000,,
ESTAT:NRG_TI_GAS(1.0),24/03/26 23:00:00,Annual,Natural gas,Russia,Million cubic metres,Estonia,1999,707.000,,
ESTAT:NRG_TI_GAS(1.0),24/03/26 23:00:00,Annual,Natural gas,Russia,Million cubic metres,Estonia,2000,812.000,,
ESTAT:NRG_TI_GAS(1.0),24/03/26 23:00:00,Annual,Natural gas,Russia,Million cubic metres,Estonia,2001,872.000,,
ESTAT:NRG_TI_GAS(1.0),24/03/26 23:00:00,Annual,Natural gas,Russia,Million cubic metres,Estonia,2002,730.000,,
ESTAT:NRG_TI_GAS(1.0),24/03/26 23:00:00,Annual,Natural gas,Russia,Million cubic metres,Estonia,2003,833.000,,
ESTAT:NRG_TI_GAS(1.0),24/03/26 23:00:00,Annual,Natural gas,Russia,Million cubic metres,Estonia,2004,950.000,,
ESTAT:NRG_TI_GAS(1.0),24/03/26 23:00:00,Annual,Natural gas,Russia,Million cubic metres,Estonia,2005,979.000,,
ESTAT:NRG_TI_GAS(1.0),24/03/26 23:00:00,Annual,Natural gas,Russia,Million cubic metres,Estonia,2006,992.000,,
ESTAT:NRG_TI_GAS(1.0),24/03/26 23:00:00,Annual,Natural gas,Russia,Million cubic metres,Estonia,2007,986.000,,
ESTAT:NRG_TI_GAS(1.0),24/03/26 23:00:00,Annual,Natural gas,Russia,Million cubic metres,Estonia,2008,946.000,,
ESTAT:NRG_TI_GAS(1.0),24/03/26 23:00:00,Annual,Natural gas,Russia,Million cubic metres,Estonia,2009,642.000,,
ESTAT:NRG_TI_GAS(1.0),24/03/26 23:00:00,Annual,Natural gas,Russia,Million cubic metres,Estonia,2010,701.000,,
ESTAT:NRG_TI_GAS(1.0),24/03/26 23:00:00,Annual,Natural gas,Russia,Million cubic metres,Estonia,2011,632.000,,
ESTAT:NRG_TI_GAS(1.0),24/03/26 23:00:00,Annual,Natural gas,Russia,Million cubic metres,Estonia,2012,657.000,,
ESTAT:NRG_TI_GAS(1.0),24/03/26 23:00:00,Annual,Natural gas,Russia,Million cubic metres,Estonia,2013,678.000,,
ESTAT:NRG_TI_GAS(1.0),24/03/26 23:00:00,Annual,Natural gas,Russia,Million cubic metres,Estonia,2014,530.000,,
ESTAT:NRG_TI_GAS(1.0),24/03/26 23:00:00,Annual,Natural gas,Russia,Million cubic metres,Estonia,2015,471.000,,
ESTAT:NRG_TI_GAS(1.0),24/03/26 23:00:00,Annual,Natural gas,Russia,Million cubic metres,Estonia,2016,518.000,,
ESTAT:NRG_TI_GAS(1.0),24/03/26 23:00:00,Annual,Natural gas,Russia,Million cubic metres,Estonia,2017,502.000,,
ESTAT:NRG_TI_GAS(1.0),24/03/26 23:00:00,Annual,Natural gas,Russia,Million cubic metres,Estonia,2018,523.000,,
ESTAT:NRG_TI_GAS(1.0),24/03/26 23:00:00,Annual,Natural gas,Russia,Million cubic metres,Estonia,2019,481.000,,
ESTAT:NRG_TI_GAS(1.0),24/03/26 23:00:00,Annual,Natural gas,Russia,Million cubic metres,Estonia,2020,206.600,,
ESTAT:NRG_TI_GAS(1.0),24/03/26 23:00:00,Annual,Natural gas,Russia,Million cubic metres,Estonia,2021,58.100,,
ESTAT:NRG_TI_GAS(1.0),24/03/26 23:00:00,Annual,Natural gas,Russia,Million cubic metres,Estonia,2022,0.000,,
ESTAT:NRG_TI_GAS(1.0),24/03/26 23:00:00,Annual,Natural gas,Russia,Million cubic metres,Estonia,2023,0.000,,
ESTAT:NRG_TI_GAS(1.0),24/03/26 23:00:00,Annual,Natural gas,Russia,Million cubic metres,Estonia,2024,0.000,,
ESTAT:NRG_TI_GAS(1.0),24/03/26 23:00:00,Annual,Natural gas,Russia,Million cubic metres,Greece,1990,0.000,,
ESTAT:NRG_TI_GAS(1.0),24/03/26 23:00:00,Annual,Natural gas,Russia,Million cubic metres,Greece,1991,0.000,,
ESTAT:NRG_TI_GAS(1.0),24/03/26 23:00:00,Annual,Natural gas,Russia,Million cubic metres,Greece,1992,0.000,,
ESTAT:NRG_TI_GAS(1.0),24/03/26 23:00:00,Annual,Natural gas,Russia,Million cubic metres,Greece,1993,0.000,,
ESTAT:NRG_TI_GAS(1.0),24/03/26 23:00:00,Annual,Natural gas,Russia,Million cubic metres,Greece,1994,0.000,,
ESTAT:NRG_TI_GAS(1.0),24/03/26 23:00:00,Annual,Natural gas,Russia,Million cubic metres,Greece,1995,0.000,,
ESTAT:NRG_TI_GAS(1.0),24/03/26 23:00:00,Annual,Natural gas,Russia,Million cubic metres,Greece,1996,9.000,,
ESTAT:NRG_TI_GAS(1.0),24/03/26 23:00:00,Annual,Natural gas,Russia,Million cubic metres,Greece,1997,160.000,,
ESTAT:NRG_TI_GAS(1.0),24/03/26 23:00:00,Annual,Natural gas,Russia,Million cubic metres,Greece,1998,835.000,,
ESTAT:NRG_TI_GAS(1.0),24/03/26 23:00:00,Annual,Natural gas,Russia,Million cubic metres,Greece,1999,1497.000,,
ESTAT:NRG_TI_GAS(1.0),24/03/26 23:00:00,Annual,Natural gas,Russia,Million cubic metres,Greece,2000,1541.000,,
ESTAT:NRG_TI_GAS(1.0),24/03/26 23:00:00,Annual,Natural gas,Russia,Million cubic metres,Greece,2001,1495.000,,
ESTAT:NRG_TI_GAS(1.0),24/03/26 23:00:00,Annual,Natural gas,Russia,Million cubic metres,Greece,2002,1620.000,,
ESTAT:NRG_TI_GAS(1.0),24/03/26 23:00:00,Annual,Natural gas,Russia,Million cubic metres,Greece,2003,1863.000,,
ESTAT:NRG_TI_GAS(1.0),24/03/26 23:00:00,Annual,Natural gas,Russia,Million cubic metres,Greece,2004,2171.000,,
ESTAT:NRG_TI_GAS(1.0),24/03/26 23:00:00,Annual,Natural gas,Russia,Million cubic metres,Greece,2005,2384.000,,
ESTAT:NRG_TI_GAS(1.0),24/03/26 23:00:00,Annual,Natural gas,Russia,Million cubic metres,Greece,2006,2692.000,,
ESTAT:NRG_TI_GAS(1.0),24/03/26 23:00:00,Annual,Natural gas,Russia,Million cubic metres,Greece,2007,3120.000,,
ESTAT:NRG_TI_GAS(1.0),24/03/26 23:00:00,Annual,Natural gas,Russia,Million cubic metres,Greece,2008,2798.000,,
ESTAT:NRG_TI_GAS(1.0),24/03/26 23:00:00,Annual,Natural gas,Russia,Million cubic metres,Greece,2009,2023.000,,
ESTAT:NRG_TI_GAS(1.0),24/03/26 23:00:00,Annual,Natural gas,Russia,Million cubic metres,Greece,2010,2066.000,,
ESTAT:NRG_TI_GAS(1.0),24/03/26 23:00:00,Annual,Natural gas,Russia,Million cubic metres,Greece,2011,2848.000,,
ESTAT:NRG_TI_GAS(1.0),24/03/26 23:00:00,Annual,Natural gas,Russia,Million cubic metres,Greece,2012,2453.000,,
ESTAT:NRG_TI_GAS(1.0),24/03/26 23:00:00,Annual,Natural gas,Russia,Million cubic metres,Greece,2013,2574.000,,
ESTAT:NRG_TI_GAS(1.0),24/03/26 23:00:00,Annual,Natural gas,Russia,Million cubic metres,Greece,2014,1714.000,,
ESTAT:NRG_TI_GAS(1.0),24/03/26 23:00:00,Annual,Natural gas,Russia,Million cubic metres,Greece,2015,1947.000,,
ESTAT:NRG_TI_GAS(1.0),24/03/26 23:00:00,Annual,Natural gas,Russia,Million cubic metres,Greece,2016,2633.000,,
ESTAT:NRG_TI_GAS(1.0),24/03/26 23:00:00,Annual,Natural gas,Russia,Million cubic metres,Greece,2017,2893.560,,
ESTAT:NRG_TI_GAS(1.0),24/03/26 23:00:00,Annual,Natural gas,Russia,Million cubic metres,Greece,2018,3232.030,,
ESTAT:NRG_TI_GAS(1.0),24/03/26 23:00:00,Annual,Natural gas,Russia,Million cubic metres,Greece,2019,1685.818,,
ESTAT:NRG_TI_GAS(1.0),24/03/26 23:00:00,Annual,Natural gas,Russia,Million cubic metres,Greece,2020,2304.719,,
ESTAT:NRG_TI_GAS(1.0),24/03/26 23:00:00,Annual,Natural gas,Russia,Million cubic metres,Greece,2021,2604.046,,
ESTAT:NRG_TI_GAS(1.0),24/03/26 23:00:00,Annual,Natural gas,Russia,Million cubic metres,Greece,2022,1000.670,,
ESTAT:NRG_TI_GAS(1.0),24/03/26 23:00:00,Annual,Natural gas,Russia,Million cubic metres,Greece,2023,2111.097,,
ESTAT:NRG_TI_GAS(1.0),24/03/26 23:00:00,Annual,Natural gas,Russia,Million cubic metres,Greece,2024,3339.778,,
ESTAT:NRG_TI_GAS(1.0),24/03/26 23:00:00,Annual,Natural gas,Russia,Million cubic metres,Spain,1990,0.000,,
ESTAT:NRG_TI_GAS(1.0),24/03/26 23:00:00,Annual,Natural gas,Russia,Million cubic metres,Spain,1991,0.000,,
ESTAT:NRG_TI_GAS(1.0),24/03/26 23:00:00,Annual,Natural gas,Russia,Million cubic metres,Spain,1992,0.000,,
ESTAT:NRG_TI_GAS(1.0),24/03/26 23:00:00,Annual,Natural gas,Russia,Million cubic metres,Spain,1993,0.000,,
ESTAT:NRG_TI_GAS(1.0),24/03/26 23:00:00,Annual,Natural gas,Russia,Million cubic metres,Spain,1994,0.000,,
ESTAT:NRG_TI_GAS(1.0),24/03/26 23:00:00,Annual,Natural gas,Russia,Million cubic metres,Spain,1995,0.000,,
ESTAT:NRG_TI_GAS(1.0),24/03/26 23:00:00,Annual,Natural gas,Russia,Million cubic metres,Spain,1996,0.000,,
ESTAT:NRG_TI_GAS(1.0),24/03/26 23:00:00,Annual,Natural gas,Russia,Million cubic metres,Spain,1997,0.000,,
ESTAT:NRG_TI_GAS(1.0),24/03/26 23:00:00,Annual,Natural gas,Russia,Million cubic metres,Spain,1998,0.000,,
ESTAT:NRG_TI_GAS(1.0),24/03/26 23:00:00,Annual,Natural gas,Russia,Million cubic metres,Spain,1999,0.000,,
ESTAT:NRG_TI_GAS(1.0),24/03/26 23:00:00,Annual,Natural gas,Russia,Million cubic metres,Spain,2000,0.000,,
ESTAT:NRG_TI_GAS(1.0),24/03/26 23:00:00,Annual,Natural gas,Russia,Million cubic metres,Spain,2001,0.000,,
ESTAT:NRG_TI_GAS(1.0),24/03/26 23:00:00,Annual,Natural gas,Russia,Million cubic metres,Spain,2002,0.000,,
ESTAT:NRG_TI_GAS(1.0),24/03/26 23:00:00,Annual,Natural gas,Russia,Million cubic metres,Spain,2003,0.000,,
ESTAT:NRG_TI_GAS(1.0),24/03/26 23:00:00,Annual,Natural gas,Russia,Million cubic metres,Spain,2004,0.000,,
ESTAT:NRG_TI_GAS(1.0),24/03/26 23:00:00,Annual,Natural gas,Russia,Million cubic metres,Spain,2005,0.000,,
ESTAT:NRG_TI_GAS(1.0),24/03/26 23:00:00,Annual,Natural gas,Russia,Million cubic metres,Spain,2006,0.000,,
ESTAT:NRG_TI_GAS(1.0),24/03/26 23:00:00,Annual,Natural gas,Russia,Million cubic metres,Spain,2007,0.000,,
ESTAT:NRG_TI_GAS(1.0),24/03/26 23:00:00,Annual,Natural gas,Russia,Million cubic metres,Spain,2008,0.000,,
ESTAT:NRG_TI_GAS(1.0),24/03/26 23:00:00,Annual,Natural gas,Russia,Million cubic metres,Spain,2009,0.000,,
ESTAT:NRG_TI_GAS(1.0),24/03/26 23:00:00,Annual,Natural gas,Russia,Million cubic metres,Spain,2010,0.000,,
ESTAT:NRG_TI_GAS(1.0),24/03/26 23:00:00,Annual,Natural gas,Russia,Million cubic metres,Spain,2011,0.000,,
ESTAT:NRG_TI_GAS(1.0),24/03/26 23:00:00,Annual,Natural gas,Russia,Million cubic metres,Spain,2012,0.000,,
ESTAT:NRG_TI_GAS(1.0),24/03/26 23:00:00,Annual,Natural gas,Russia,Million cubic metres,Spain,2013,0.000,,
ESTAT:NRG_TI_GAS(1.0),24/03/26 23:00:00,Annual,Natural gas,Russia,Million cubic metres,Spain,2014,0.000,,
ESTAT:NRG_TI_GAS(1.0),24/03/26 23:00:00,Annual,Natural gas,Russia,Million cubic metres,Spain,2015,0.000,,
ESTAT:NRG_TI_GAS(1.0),24/03/26 23:00:00,Annual,Natural gas,Russia,Million cubic metres,Spain,2016,0.000,,
ESTAT:NRG_TI_GAS(1.0),24/03/26 23:00:00,Annual,Natural gas,Russia,Million cubic metres,Spain,2017,0.000,,
ESTAT:NRG_TI_GAS(1.0),24/03/26 23:00:00,Annual,Natural gas,Russia,Million cubic metres,Spain,2018,868.000,,
ESTAT:NRG_TI_GAS(1.0),24/03/26 23:00:00,Annual,Natural gas,Russia,Million cubic metres,Spain,2019,3168.000,,
ESTAT:NRG_TI_GAS(1.0),24/03/26 23:00:00,Annual,Natural gas,Russia,Million cubic metres,Spain,2020,3387.000,,
ESTAT:NRG_TI_GAS(1.0),24/03/26 23:00:00,Annual,Natural gas,Russia,Million cubic metres,Spain,2021,3219.544,,
ESTAT:NRG_TI_GAS(1.0),24/03/26 23:00:00,Annual,Natural gas,Russia,Million cubic metres,Spain,2022,4982.849,,
ESTAT:NRG_TI_GAS(1.0),24/03/26 23:00:00,Annual,Natural gas,Russia,Million cubic metres,Spain,2023,6465.524,,
ESTAT:NRG_TI_GAS(1.0),24/03/26 23:00:00,Annual,Natural gas,Russia,Million cubic metres,Spain,2024,6436.165,,
ESTAT:NRG_TI_GAS(1.0),24/03/26 23:00:00,Annual,Natural gas,Russia,Million cubic metres,European Union - 27 countries (from 2020),1990,111723.000,,
ESTAT:NRG_TI_GAS(1.0),24/03/26 23:00:00,Annual,Natural gas,Russia,Million cubic metres,European Union - 27 countries (from 2020),1991,104265.000,,
ESTAT:NRG_TI_GAS(1.0),24/03/26 23:00:00,Annual,Natural gas,Russia,Million cubic metres,European Union - 27 countries (from 2020),1992,96909.000,,
ESTAT:NRG_TI_GAS(1.0),24/03/26 23:00:00,Annual,Natural gas,Russia,Million cubic metres,European Union - 27 countries (from 2020),1993,95310.000,,
ESTAT:NRG_TI_GAS(1.0),24/03/26 23:00:00,Annual,Natural gas,Russia,Million cubic metres,European Union - 27 countries (from 2020),1994,100646.000,,
ESTAT:NRG_TI_GAS(1.0),24/03/26 23:00:00,Annual,Natural gas,Russia,Million cubic metres,European Union - 27 countries (from 2020),1995,112079.000,,
ESTAT:NRG_TI_GAS(1.0),24/03/26 23:00:00,Annual,Natural gas,Russia,Million cubic metres,European Union - 27 countries (from 2020),1996,117529.000,,
ESTAT:NRG_TI_GAS(1.0),24/03/26 23:00:00,Annual,Natural gas,Russia,Million cubic metres,European Union - 27 countries (from 2020),1997,107692.000,,
ESTAT:NRG_TI_GAS(1.0),24/03/26 23:00:00,Annual,Natural gas,Russia,Million cubic metres,European Union - 27 countries (from 2020),1998,114222.000,,
ESTAT:NRG_TI_GAS(1.0),24/03/26 23:00:00,Annual,Natural gas,Russia,Million cubic metres,European Union - 27 countries (from 2020),1999,116689.000,,
ESTAT:NRG_TI_GAS(1.0),24/03/26 23:00:00,Annual,Natural gas,Russia,Million cubic metres,European Union - 27 countries (from 2020),2000,120699.000,,
ESTAT:NRG_TI_GAS(1.0),24/03/26 23:00:00,Annual,Natural gas,Russia,Million cubic metres,European Union - 27 countries (from 2020),2001,116945.200,,
ESTAT:NRG_TI_GAS(1.0),24/03/26 23:00:00,Annual,Natural gas,Russia,Million cubic metres,European Union - 27 countries (from 2020),2002,120472.000,,
ESTAT:NRG_TI_GAS(1.0),24/03/26 23:00:00,Annual,Natural gas,Russia,Million cubic metres,European Union - 27 countries (from 2020),2003,125451.000,,
ESTAT:NRG_TI_GAS(1.0),24/03/26 23:00:00,Annual,Natural gas,Russia,Million cubic metres,European Union - 27 countries (from 2020),2004,129502.000,,
ESTAT:NRG_TI_GAS(1.0),24/03/26 23:00:00,Annual,Natural gas,Russia,Million cubic metres,European Union - 27 countries (from 2020),2005,136289.100,,
ESTAT:NRG_TI_GAS(1.0),24/03/26 23:00:00,Annual,Natural gas,Russia,Million cubic metres,European Union - 27 countries (from 2020),2006,134976.000,,
ESTAT:NRG_TI_GAS(1.0),24/03/26 23:00:00,Annual,Natural gas,Russia,Million cubic metres,European Union - 27 countries (from 2020),2007,128723.000,,
ESTAT:NRG_TI_GAS(1.0),24/03/26 23:00:00,Annual,Natural gas,Russia,Million cubic metres,European Union - 27 countries (from 2020),2008,132989.000,,
ESTAT:NRG_TI_GAS(1.0),24/03/26 23:00:00,Annual,Natural gas,Russia,Million cubic metres,European Union - 27 countries (from 2020),2009,106452.000,,
ESTAT:NRG_TI_GAS(1.0),24/03/26 23:00:00,Annual,Natural gas,Russia,Million cubic metres,European Union - 27 countries (from 2020),2010,111743.000,,
ESTAT:NRG_TI_GAS(1.0),24/03/26 23:00:00,Annual,Natural gas,Russia,Million cubic metres,European Union - 27 countries (from 2020),2011,113200.661,,
ESTAT:NRG_TI_GAS(1.0),24/03/26 23:00:00,Annual,Natural gas,Russia,Million cubic metres,European Union - 27 countries (from 2020),2012,108576.628,,
ESTAT:NRG_TI_GAS(1.0),24/03/26 23:00:00,Annual,Natural gas,Russia,Million cubic metres,European Union - 27 countries (from 2020),2013,128760.315,,
ESTAT:NRG_TI_GAS(1.0),24/03/26 23:00:00,Annual,Natural gas,Russia,Million cubic metres,European Union - 27 countries (from 2020),2014,115341.391,,
ESTAT:NRG_TI_GAS(1.0),24/03/26 23:00:00,Annual,Natural gas,Russia,Million cubic metres,European Union - 27 countries (from 2020),2015,126027.316,,
ESTAT:NRG_TI_GAS(1.0),24/03/26 23:00:00,Annual,Natural gas,Russia,Million cubic metres,European Union - 27 countries (from 2020),2016,153173.401,,
ESTAT:NRG_TI_GAS(1.0),24/03/26 23:00:00,Annual,Natural gas,Russia,Million cubic metres,European Union - 27 countries (from 2020),2017,159476.603,,
ESTAT:NRG_TI_GAS(1.0),24/03/26 23:00:00,Annual,Natural gas,Russia,Million cubic metres,European Union - 27 countries (from 2020),2018,146964.629,,
ESTAT:NRG_TI_GAS(1.0),24/03/26 23:00:00,Annual,Natural gas,Russia,Million cubic metres,European Union - 27 countries (from 2020),2019,159774.903,,
ESTAT:NRG_TI_GAS(1.0),24/03/26 23:00:00,Annual,Natural gas,Russia,Million cubic metres,European Union - 27 countries (from 2020),2020,148162.014,,
ESTAT:NRG_TI_GAS(1.0),24/03/26 23:00:00,Annual,Natural gas,Russia,Million cubic metres,European Union - 27 countries (from 2020),2021,153225.519,,
ESTAT:NRG_TI_GAS(1.0),24/03/26 23:00:00,Annual,Natural gas,Russia,Million cubic metres,European Union - 27 countries (from 2020),2022,83823.861,,
ESTAT:NRG_TI_GAS(1.0),24/03/26 23:00:00,Annual,Natural gas,Russia,Million cubic metres,European Union - 27 countries (from 2020),2023,33402.777,,
ESTAT:NRG_TI_GAS(1.0),24/03/26 23:00:00,Annual,Natural gas,Russia,Million cubic metres,European Union - 27 countries (from 2020),2024,37843.285,,
ESTAT:NRG_TI_GAS(1.0),24/03/26 23:00:00,Annual,Natural gas,Russia,Million cubic metres,Finland,1990,2685.000,,
ESTAT:NRG_TI_GAS(1.0),24/03/26 23:00:00,Annual,Natural gas,Russia,Million cubic metres,Finland,1991,2838.000,,
ESTAT:NRG_TI_GAS(1.0),24/03/26 23:00:00,Annual,Natural gas,Russia,Million cubic metres,Finland,1992,2941.000,,
ESTAT:NRG_TI_GAS(1.0),24/03/26 23:00:00,Annual,Natural gas,Russia,Million cubic metres,Finland,1993,3054.000,,
ESTAT:NRG_TI_GAS(1.0),24/03/26 23:00:00,Annual,Natural gas,Russia,Million cubic metres,Finland,1994,3377.000,,
ESTAT:NRG_TI_GAS(1.0),24/03/26 23:00:00,Annual,Natural gas,Russia,Million cubic metres,Finland,1995,3493.000,,
ESTAT:NRG_TI_GAS(1.0),24/03/26 23:00:00,Annual,Natural gas,Russia,Million cubic metres,Finland,1996,3650.000,,
ESTAT:NRG_TI_GAS(1.0),24/03/26 23:00:00,Annual,Natural gas,Russia,Million cubic metres,Finland,1997,3575.000,,
ESTAT:NRG_TI_GAS(1.0),24/03/26 23:00:00,Annual,Natural gas,Russia,Million cubic metres,Finland,1998,4103.000,,
ESTAT:NRG_TI_GAS(1.0),24/03/26 23:00:00,Annual,Natural gas,Russia,Million cubic metres,Finland,1999,4106.000,,
ESTAT:NRG_TI_GAS(1.0),24/03/26 23:00:00,Annual,Natural gas,Russia,Million cubic metres,Finland,2000,4220.000,,
ESTAT:NRG_TI_GAS(1.0),24/03/26 23:00:00,Annual,Natural gas,Russia,Million cubic metres,Finland,2001,4570.000,,
ESTAT:NRG_TI_GAS(1.0),24/03/26 23:00:00,Annual,Natural gas,Russia,Million cubic metres,Finland,2002,4542.000,,
ESTAT:NRG_TI_GAS(1.0),24/03/26 23:00:00,Annual,Natural gas,Russia,Million cubic metres,Finland,2003,5036.000,,
ESTAT:NRG_TI_GAS(1.0),24/03/26 23:00:00,Annual,Natural gas,Russia,Million cubic metres,Finland,2004,4871.000,,
ESTAT:NRG_TI_GAS(1.0),24/03/26 23:00:00,Annual,Natural gas,Russia,Million cubic metres,Finland,2005,4438.000,,
ESTAT:NRG_TI_GAS(1.0),24/03/26 23:00:00,Annual,Natural gas,Russia,Million cubic metres,Finland,2006,4773.000,,
ESTAT:NRG_TI_GAS(1.0),24/03/26 23:00:00,Annual,Natural gas,Russia,Million cubic metres,Finland,2007,4595.000,,
ESTAT:NRG_TI_GAS(1.0),24/03/26 23:00:00,Annual,Natural gas,Russia,Million cubic metres,Finland,2008,4755.000,,
ESTAT:NRG_TI_GAS(1.0),24/03/26 23:00:00,Annual,Natural gas,Russia,Million cubic metres,Finland,2009,4276.000,,
ESTAT:NRG_TI_GAS(1.0),24/03/26 23:00:00,Annual,Natural gas,Russia,Million cubic metres,Finland,2010,4715.000,,
ESTAT:NRG_TI_GAS(1.0),24/03/26 23:00:00,Annual,Natural gas,Russia,Million cubic metres,Finland,2011,4121.000,,
ESTAT:NRG_TI_GAS(1.0),24/03/26 23:00:00,Annual,Natural gas,Russia,Million cubic metres,Finland,2012,3684.000,,
ESTAT:NRG_TI_GAS(1.0),24/03/26 23:00:00,Annual,Natural gas,Russia,Million cubic metres,Finland,2013,3488.000,,
ESTAT:NRG_TI_GAS(1.0),24/03/26 23:00:00,Annual,Natural gas,Russia,Million cubic metres,Finland,2014,3063.000,,
ESTAT:NRG_TI_GAS(1.0),24/03/26 23:00:00,Annual,Natural gas,Russia,Million cubic metres,Finland,2015,2713.000,,
ESTAT:NRG_TI_GAS(1.0),24/03/26 23:00:00,Annual,Natural gas,Russia,Million cubic metres,Finland,2016,2496.000,,
ESTAT:NRG_TI_GAS(1.0),24/03/26 23:00:00,Annual,Natural gas,Russia,Million cubic metres,Finland,2017,2322.000,,
ESTAT:NRG_TI_GAS(1.0),24/03/26 23:00:00,Annual,Natural gas,Russia,Million cubic metres,Finland,2018,2577.000,,
ESTAT:NRG_TI_GAS(1.0),24/03/26 23:00:00,Annual,Natural gas,Russia,Million cubic metres,Finland,2019,2517.000,,
ESTAT:NRG_TI_GAS(1.0),24/03/26 23:00:00,Annual,Natural gas,Russia,Million cubic metres,Finland,2020,1730.000,,
ESTAT:NRG_TI_GAS(1.0),24/03/26 23:00:00,Annual,Natural gas,Russia,Million cubic metres,Finland,2021,1927.000,,
ESTAT:NRG_TI_GAS(1.0),24/03/26 23:00:00,Annual,Natural gas,Russia,Million cubic metres,Finland,2022,673.000,,
ESTAT:NRG_TI_GAS(1.0),24/03/26 23:00:00,Annual,Natural gas,Russia,Million cubic metres,Finland,2023,181.000,,
ESTAT:NRG_TI_GAS(1.0),24/03/26 23:00:00,Annual,Natural gas,Russia,Million cubic metres,Finland,2024,141.000,,
ESTAT:NRG_TI_GAS(1.0),24/03/26 23:00:00,Annual,Natural gas,Russia,Million cubic metres,France,1990,9891.000,,
ESTAT:NRG_TI_GAS(1.0),24/03/26 23:00:00,Annual,Natural gas,Russia,Million cubic metres,France,1991,10639.000,,
ESTAT:NRG_TI_GAS(1.0),24/03/26 23:00:00,Annual,Natural gas,Russia,Million cubic metres,France,1992,11268.000,,
ESTAT:NRG_TI_GAS(1.0),24/03/26 23:00:00,Annual,Natural gas,Russia,Million cubic metres,France,1993,10757.000,,
ESTAT:NRG_TI_GAS(1.0),24/03/26 23:00:00,Annual,Natural gas,Russia,Million cubic metres,France,1994,11375.000,,
ESTAT:NRG_TI_GAS(1.0),24/03/26 23:00:00,Annual,Natural gas,Russia,Million cubic metres,France,1995,12165.000,,
ESTAT:NRG_TI_GAS(1.0),24/03/26 23:00:00,Annual,Natural gas,Russia,Million cubic metres,France,1996,11573.000,,
ESTAT:NRG_TI_GAS(1.0),24/03/26 23:00:00,Annual,Natural gas,Russia,Million cubic metres,France,1997,10228.000,,
ESTAT:NRG_TI_GAS(1.0),24/03/26 23:00:00,Annual,Natural gas,Russia,Million cubic metres,France,1998,10022.000,,
ESTAT:NRG_TI_GAS(1.0),24/03/26 23:00:00,Annual,Natural gas,Russia,Million cubic metres,France,1999,12068.000,,
ESTAT:NRG_TI_GAS(1.0),24/03/26 23:00:00,Annual,Natural gas,Russia,Million cubic metres,France,2000,12032.000,,
ESTAT:NRG_TI_GAS(1.0),24/03/26 23:00:00,Annual,Natural gas,Russia,Million cubic metres,France,2001,10367.000,,
ESTAT:NRG_TI_GAS(1.0),24/03/26 23:00:00,Annual,Natural gas,Russia,Million cubic metres,France,2002,10575.000,,
ESTAT:NRG_TI_GAS(1.0),24/03/26 23:00:00,Annual,Natural gas,Russia,Million cubic metres,France,2003,10324.000,,
ESTAT:NRG_TI_GAS(1.0),24/03/26 23:00:00,Annual,Natural gas,Russia,Million cubic metres,France,2004,9630.000,,
ESTAT:NRG_TI_GAS(1.0),24/03/26 23:00:00,Annual,Natural gas,Russia,Million cubic metres,France,2005,9459.000,,
ESTAT:NRG_TI_GAS(1.0),24/03/26 23:00:00,Annual,Natural gas,Russia,Million cubic metres,France,2006,7311.000,,
ESTAT:NRG_TI_GAS(1.0),24/03/26 23:00:00,Annual,Natural gas,Russia,Million cubic metres,France,2007,5955.000,,
ESTAT:NRG_TI_GAS(1.0),24/03/26 23:00:00,Annual,Natural gas,Russia,Million cubic metres,France,2008,6772.000,,
ESTAT:NRG_TI_GAS(1.0),24/03/26 23:00:00,Annual,Natural gas,Russia,Million cubic metres,France,2009,7409.000,,
ESTAT:NRG_TI_GAS(1.0),24/03/26 23:00:00,Annual,Natural gas,Russia,Million cubic metres,France,2010,7524.000,,
ESTAT:NRG_TI_GAS(1.0),24/03/26 23:00:00,Annual,Natural gas,Russia,Million cubic metres,France,2011,6755.661,,
ESTAT:NRG_TI_GAS(1.0),24/03/26 23:00:00,Annual,Natural gas,Russia,Million cubic metres,France,2012,7507.628,,
ESTAT:NRG_TI_GAS(1.0),24/03/26 23:00:00,Annual,Natural gas,Russia,Million cubic metres,France,2013,9410.315,,
ESTAT:NRG_TI_GAS(1.0),24/03/26 23:00:00,Annual,Natural gas,Russia,Million cubic metres,France,2014,6464.391,,
ESTAT:NRG_TI_GAS(1.0),24/03/26 23:00:00,Annual,Natural gas,Russia,Million cubic metres,France,2015,5801.093,,
ESTAT:NRG_TI_GAS(1.0),24/03/26 23:00:00,Annual,Natural gas,Russia,Million cubic metres,France,2016,9316.699,,
ESTAT:NRG_TI_GAS(1.0),24/03/26 23:00:00,Annual,Natural gas,Russia,Million cubic metres,France,2017,9149.357,,
ESTAT:NRG_TI_GAS(1.0),24/03/26 23:00:00,Annual,Natural gas,Russia,Million cubic metres,France,2018,10297.653,,
ESTAT:NRG_TI_GAS(1.0),24/03/26 23:00:00,Annual,Natural gas,Russia,Million cubic metres,France,2019,11054.701,,
ESTAT:NRG_TI_GAS(1.0),24/03/26 23:00:00,Annual,Natural gas,Russia,Million cubic metres,France,2020,8221.596,,
ESTAT:NRG_TI_GAS(1.0),24/03/26 23:00:00,Annual,Natural gas,Russia,Million cubic metres,France,2021,10755.646,,
ESTAT:NRG_TI_GAS(1.0),24/03/26 23:00:00,Annual,Natural gas,Russia,Million cubic metres,France,2022,8149.455,,
ESTAT:NRG_TI_GAS(1.0),24/03/26 23:00:00,Annual,Natural gas,Russia,Million cubic metres,France,2023,6009.860,,
ESTAT:NRG_TI_GAS(1.0),24/03/26 23:00:00,Annual,Natural gas,Russia,Million cubic metres,France,2024,7406.350,,
ESTAT:NRG_TI_GAS(1.0),24/03/26 23:00:00,Annual,Natural gas,Russia,Million cubic metres,Georgia,1990,,,
ESTAT:NRG_TI_GAS(1.0),24/03/26 23:00:00,Annual,Natural gas,Russia,Million cubic metres,Georgia,1991,,,
ESTAT:NRG_TI_GAS(1.0),24/03/26 23:00:00,Annual,Natural gas,Russia,Million cubic metres,Georgia,1992,,,
ESTAT:NRG_TI_GAS(1.0),24/03/26 23:00:00,Annual,Natural gas,Russia,Million cubic metres,Georgia,1993,,,
ESTAT:NRG_TI_GAS(1.0),24/03/26 23:00:00,Annual,Natural gas,Russia,Million cubic metres,Georgia,1994,,,
ESTAT:NRG_TI_GAS(1.0),24/03/26 23:00:00,Annual,Natural gas,Russia,Million cubic metres,Georgia,1995,,,
ESTAT:NRG_TI_GAS(1.0),24/03/26 23:00:00,Annual,Natural gas,Russia,Million cubic metres,Georgia,1996,,,
ESTAT:NRG_TI_GAS(1.0),24/03/26 23:00:00,Annual,Natural gas,Russia,Million cubic metres,Georgia,1997,,,
ESTAT:NRG_TI_GAS(1.0),24/03/26 23:00:00,Annual,Natural gas,Russia,Million cubic metres,Georgia,1998,,,
ESTAT:NRG_TI_GAS(1.0),24/03/26 23:00:00,Annual,Natural gas,Russia,Million cubic metres,Georgia,1999,,,
ESTAT:NRG_TI_GAS(1.0),24/03/26 23:00:00,Annual,Natural gas,Russia,Million cubic metres,Georgia,2000,,,
ESTAT:NRG_TI_GAS(1.0),24/03/26 23:00:00,Annual,Natural gas,Russia,Million cubic metres,Georgia,2001,,,
ESTAT:NRG_TI_GAS(1.0),24/03/26 23:00:00,Annual,Natural gas,Russia,Million cubic metres,Georgia,2002,,,
ESTAT:NRG_TI_GAS(1.0),24/03/26 23:00:00,Annual,Natural gas,Russia,Million cubic metres,Georgia,2003,,,
ESTAT:NRG_TI_GAS(1.0),24/03/26 23:00:00,Annual,Natural gas,Russia,Million cubic metres,Georgia,2004,,,
ESTAT:NRG_TI_GAS(1.0),24/03/26 23:00:00,Annual,Natural gas,Russia,Million cubic metres,Georgia,2005,,,
ESTAT:NRG_TI_GAS(1.0),24/03/26 23:00:00,Annual,Natural gas,Russia,Million cubic metres,Georgia,2006,,,
ESTAT:NRG_TI_GAS(1.0),24/03/26 23:00:00,Annual,Natural gas,Russia,Million cubic metres,Georgia,2007,,,
ESTAT:NRG_TI_GAS(1.0),24/03/26 23:00:00,Annual,Natural gas,Russia,Million cubic metres,Georgia,2008,,,
ESTAT:NRG_TI_GAS(1.0),24/03/26 23:00:00,Annual,Natural gas,Russia,Million cubic metres,Georgia,2009,,,
ESTAT:NRG_TI_GAS(1.0),24/03/26 23:00:00,Annual,Natural gas,Russia,Million cubic metres,Georgia,2010,,,
ESTAT:NRG_TI_GAS(1.0),24/03/26 23:00:00,Annual,Natural gas,Russia,Million cubic metres,Georgia,2011,,,
ESTAT:NRG_TI_GAS(1.0),24/03/26 23:00:00,Annual,Natural gas,Russia,Million cubic metres,Georgia,2012,,,
ESTAT:NRG_TI_GAS(1.0),24/03/26 23:00:00,Annual,Natural gas,Russia,Million cubic metres,Georgia,2013,0.000,,
ESTAT:NRG_TI_GAS(1.0),24/03/26 23:00:00,Annual,Natural gas,Russia,Million cubic metres,Georgia,2014,0.000,,
ESTAT:NRG_TI_GAS(1.0),24/03/26 23:00:00,Annual,Natural gas,Russia,Million cubic metres,Georgia,2015,0.000,,
ESTAT:NRG_TI_GAS(1.0),24/03/26 23:00:00,Annual,Natural gas,Russia,Million cubic metres,Georgia,2016,0.000,,
ESTAT:NRG_TI_GAS(1.0),24/03/26 23:00:00,Annual,Natural gas,Russia,Million cubic metres,Georgia,2017,0.000,,
ESTAT:NRG_TI_GAS(1.0),24/03/26 23:00:00,Annual,Natural gas,Russia,Million cubic metres,Georgia,2018,0.000,,
ESTAT:NRG_TI_GAS(1.0),24/03/26 23:00:00,Annual,Natural gas,Russia,Million cubic metres,Georgia,2019,0.000,,
ESTAT:NRG_TI_GAS(1.0),24/03/26 23:00:00,Annual,Natural gas,Russia,Million cubic metres,Georgia,2020,0.000,,
ESTAT:NRG_TI_GAS(1.0),24/03/26 23:00:00,Annual,Natural gas,Russia,Million cubic metres,Georgia,2021,0.000,,
ESTAT:NRG_TI_GAS(1.0),24/03/26 23:00:00,Annual,Natural gas,Russia,Million cubic metres,Georgia,2022,0.000,,
ESTAT:NRG_TI_GAS(1.0),24/03/26 23:00:00,Annual,Natural gas,Russia,Million cubic metres,Georgia,2023,0.000,,
ESTAT:NRG_TI_GAS(1.0),24/03/26 23:00:00,Annual,Natural gas,Russia,Million cubic metres,Georgia,2024,0.000,,
ESTAT:NRG_TI_GAS(1.0),24/03/26 23:00:00,Annual,Natural gas,Russia,Million cubic metres,Croatia,1990,704.000,,
ESTAT:NRG_TI_GAS(1.0),24/03/26 23:00:00,Annual,Natural gas,Russia,Million cubic metres,Croatia,1991,799.000,,
ESTAT:NRG_TI_GAS(1.0),24/03/26 23:00:00,Annual,Natural gas,Russia,Million cubic metres,Croatia,1992,721.000,,
ESTAT:NRG_TI_GAS(1.0),24/03/26 23:00:00,Annual,Natural gas,Russia,Million cubic metres,Croatia,1993,790.000,,
ESTAT:NRG_TI_GAS(1.0),24/03/26 23:00:00,Annual,Natural gas,Russia,Million cubic metres,Croatia,1994,743.000,,
ESTAT:NRG_TI_GAS(1.0),24/03/26 23:00:00,Annual,Natural gas,Russia,Million cubic metres,Croatia,1995,274.000,,
ESTAT:NRG_TI_GAS(1.0),24/03/26 23:00:00,Annual,Natural gas,Russia,Million cubic metres,Croatia,1996,879.000,,
ESTAT:NRG_TI_GAS(1.0),24/03/26 23:00:00,Annual,Natural gas,Russia,Million cubic metres,Croatia,1997,1046.000,,
ESTAT:NRG_TI_GAS(1.0),24/03/26 23:00:00,Annual,Natural gas,Russia,Million cubic metres,Croatia,1998,1104.000,,
ESTAT:NRG_TI_GAS(1.0),24/03/26 23:00:00,Annual,Natural gas,Russia,Million cubic metres,Croatia,1999,1109.000,,
ESTAT:NRG_TI_GAS(1.0),24/03/26 23:00:00,Annual,Natural gas,Russia,Million cubic metres,Croatia,2000,1108.000,,
ESTAT:NRG_TI_GAS(1.0),24/03/26 23:00:00,Annual,Natural gas,Russia,Million cubic metres,Croatia,2001,1083.200,,
ESTAT:NRG_TI_GAS(1.0),24/03/26 23:00:00,Annual,Natural gas,Russia,Million cubic metres,Croatia,2002,1084.000,,
ESTAT:NRG_TI_GAS(1.0),24/03/26 23:00:00,Annual,Natural gas,Russia,Million cubic metres,Croatia,2003,1139.000,,
ESTAT:NRG_TI_GAS(1.0),24/03/26 23:00:00,Annual,Natural gas,Russia,Million cubic metres,Croatia,2004,1054.000,,
ESTAT:NRG_TI_GAS(1.0),24/03/26 23:00:00,Annual,Natural gas,Russia,Million cubic metres,Croatia,2005,1140.100,,
ESTAT:NRG_TI_GAS(1.0),24/03/26 23:00:00,Annual,Natural gas,Russia,Million cubic metres,Croatia,2006,1127.000,,
ESTAT:NRG_TI_GAS(1.0),24/03/26 23:00:00,Annual,Natural gas,Russia,Million cubic metres,Croatia,2007,1055.000,,
ESTAT:NRG_TI_GAS(1.0),24/03/26 23:00:00,Annual,Natural gas,Russia,Million cubic metres,Croatia,2008,1083.000,,
ESTAT:NRG_TI_GAS(1.0),24/03/26 23:00:00,Annual,Natural gas,Russia,Million cubic metres,Croatia,2009,1000.000,,
ESTAT:NRG_TI_GAS(1.0),24/03/26 23:00:00,Annual,Natural gas,Russia,Million cubic metres,Croatia,2010,1046.000,,
ESTAT:NRG_TI_GAS(1.0),24/03/26 23:00:00,Annual,Natural gas,Russia,Million cubic metres,Croatia,2011,0.000,,
ESTAT:NRG_TI_GAS(1.0),24/03/26 23:00:00,Annual,Natural gas,Russia,Million cubic metres,Croatia,2012,0.000,,
ESTAT:NRG_TI_GAS(1.0),24/03/26 23:00:00,Annual,Natural gas,Russia,Million cubic metres,Croatia,2013,0.000,,
ESTAT:NRG_TI_GAS(1.0),24/03/26 23:00:00,Annual,Natural gas,Russia,Million cubic metres,Croatia,2014,0.000,,
ESTAT:NRG_TI_GAS(1.0),24/03/26 23:00:00,Annual,Natural gas,Russia,Million cubic metres,Croatia,2015,0.000,,
ESTAT:NRG_TI_GAS(1.0),24/03/26 23:00:00,Annual,Natural gas,Russia,Million cubic metres,Croatia,2016,0.000,,
ESTAT:NRG_TI_GAS(1.0),24/03/26 23:00:00,Annual,Natural gas,Russia,Million cubic metres,Croatia,2017,0.000,,
ESTAT:NRG_TI_GAS(1.0),24/03/26 23:00:00,Annual,Natural gas,Russia,Million cubic metres,Croatia,2018,0.000,,
ESTAT:NRG_TI_GAS(1.0),24/03/26 23:00:00,Annual,Natural gas,Russia,Million cubic metres,Croatia,2019,0.000,,
ESTAT:NRG_TI_GAS(1.0),24/03/26 23:00:00,Annual,Natural gas,Russia,Million cubic metres,Croatia,2020,0.000,,
ESTAT:NRG_TI_GAS(1.0),24/03/26 23:00:00,Annual,Natural gas,Russia,Million cubic metres,Croatia,2021,0.000,,
ESTAT:NRG_TI_GAS(1.0),24/03/26 23:00:00,Annual,Natural gas,Russia,Million cubic metres,Croatia,2022,0.000,,
ESTAT:NRG_TI_GAS(1.0),24/03/26 23:00:00,Annual,Natural gas,Russia,Million cubic metres,Croatia,2023,0.000,,
ESTAT:NRG_TI_GAS(1.0),24/03/26 23:00:00,Annual,Natural gas,Russia,Million cubic metres,Croatia,2024,0.000,,
ESTAT:NRG_TI_GAS(1.0),24/03/26 23:00:00,Annual,Natural gas,Russia,Million cubic metres,Hungary,1990,6404.000,,
ESTAT:NRG_TI_GAS(1.0),24/03/26 23:00:00,Annual,Natural gas,Russia,Million cubic metres,Hungary,1991,6121.000,,
ESTAT:NRG_TI_GAS(1.0),24/03/26 23:00:00,Annual,Natural gas,Russia,Million cubic metres,Hungary,1992,5065.000,,
ESTAT:NRG_TI_GAS(1.0),24/03/26 23:00:00,Annual,Natural gas,Russia,Million cubic metres,Hungary,1993,5872.000,,
ESTAT:NRG_TI_GAS(1.0),24/03/26 23:00:00,Annual,Natural gas,Russia,Million cubic metres,Hungary,1994,5562.000,,
ESTAT:NRG_TI_GAS(1.0),24/03/26 23:00:00,Annual,Natural gas,Russia,Million cubic metres,Hungary,1995,6812.000,,
ESTAT:NRG_TI_GAS(1.0),24/03/26 23:00:00,Annual,Natural gas,Russia,Million cubic metres,Hungary,1996,8946.000,,
ESTAT:NRG_TI_GAS(1.0),24/03/26 23:00:00,Annual,Natural gas,Russia,Million cubic metres,Hungary,1997,6297.000,,
ESTAT:NRG_TI_GAS(1.0),24/03/26 23:00:00,Annual,Natural gas,Russia,Million cubic metres,Hungary,1998,7088.000,,
ESTAT:NRG_TI_GAS(1.0),24/03/26 23:00:00,Annual,Natural gas,Russia,Million cubic metres,Hungary,1999,7717.000,,
ESTAT:NRG_TI_GAS(1.0),24/03/26 23:00:00,Annual,Natural gas,Russia,Million cubic metres,Hungary,2000,7913.000,,
ESTAT:NRG_TI_GAS(1.0),24/03/26 23:00:00,Annual,Natural gas,Russia,Million cubic metres,Hungary,2001,8455.000,,
ESTAT:NRG_TI_GAS(1.0),24/03/26 23:00:00,Annual,Natural gas,Russia,Million cubic metres,Hungary,2002,9576.000,,
ESTAT:NRG_TI_GAS(1.0),24/03/26 23:00:00,Annual,Natural gas,Russia,Million cubic metres,Hungary,2003,11045.000,,
ESTAT:NRG_TI_GAS(1.0),24/03/26 23:00:00,Annual,Natural gas,Russia,Million cubic metres,Hungary,2004,9217.000,,
ESTAT:NRG_TI_GAS(1.0),24/03/26 23:00:00,Annual,Natural gas,Russia,Million cubic metres,Hungary,2005,8816.000,,
ESTAT:NRG_TI_GAS(1.0),24/03/26 23:00:00,Annual,Natural gas,Russia,Million cubic metres,Hungary,2006,9253.000,,
ESTAT:NRG_TI_GAS(1.0),24/03/26 23:00:00,Annual,Natural gas,Russia,Million cubic metres,Hungary,2007,7909.000,,
ESTAT:NRG_TI_GAS(1.0),24/03/26 23:00:00,Annual,Natural gas,Russia,Million cubic metres,Hungary,2008,8855.000,,
ESTAT:NRG_TI_GAS(1.0),24/03/26 23:00:00,Annual,Natural gas,Russia,Million cubic metres,Hungary,2009,7964.000,,
ESTAT:NRG_TI_GAS(1.0),24/03/26 23:00:00,Annual,Natural gas,Russia,Million cubic metres,Hungary,2010,9070.000,,
ESTAT:NRG_TI_GAS(1.0),24/03/26 23:00:00,Annual,Natural gas,Russia,Million cubic metres,Hungary,2011,7951.000,,
ESTAT:NRG_TI_GAS(1.0),24/03/26 23:00:00,Annual,Natural gas,Russia,Million cubic metres,Hungary,2012,8010.000,,
ESTAT:NRG_TI_GAS(1.0),24/03/26 23:00:00,Annual,Natural gas,Russia,Million cubic metres,Hungary,2013,7767.000,,
ESTAT:NRG_TI_GAS(1.0),24/03/26 23:00:00,Annual,Natural gas,Russia,Million cubic metres,Hungary,2014,8495.000,,
ESTAT:NRG_TI_GAS(1.0),24/03/26 23:00:00,Annual,Natural gas,Russia,Million cubic metres,Hungary,2015,6450.000,,
ESTAT:NRG_TI_GAS(1.0),24/03/26 23:00:00,Annual,Natural gas,Russia,Million cubic metres,Hungary,2016,7174.000,,
ESTAT:NRG_TI_GAS(1.0),24/03/26 23:00:00,Annual,Natural gas,Russia,Million cubic metres,Hungary,2017,9353.000,,
ESTAT:NRG_TI_GAS(1.0),24/03/26 23:00:00,Annual,Natural gas,Russia,Million cubic metres,Hungary,2018,7353.000,,
ESTAT:NRG_TI_GAS(1.0),24/03/26 23:00:00,Annual,Natural gas,Russia,Million cubic metres,Hungary,2019,11086.000,,
ESTAT:NRG_TI_GAS(1.0),24/03/26 23:00:00,Annual,Natural gas,Russia,Million cubic metres,Hungary,2020,7539.000,,
ESTAT:NRG_TI_GAS(1.0),24/03/26 23:00:00,Annual,Natural gas,Russia,Million cubic metres,Hungary,2021,7105.000,,
ESTAT:NRG_TI_GAS(1.0),24/03/26 23:00:00,Annual,Natural gas,Russia,Million cubic metres,Hungary,2022,7671.000,,
ESTAT:NRG_TI_GAS(1.0),24/03/26 23:00:00,Annual,Natural gas,Russia,Million cubic metres,Hungary,2023,6413.000,,
ESTAT:NRG_TI_GAS(1.0),24/03/26 23:00:00,Annual,Natural gas,Russia,Million cubic metres,Hungary,2024,4064.000,,
ESTAT:NRG_TI_GAS(1.0),24/03/26 23:00:00,Annual,Natural gas,Russia,Million cubic metres,Ireland,1990,0.000,,
ESTAT:NRG_TI_GAS(1.0),24/03/26 23:00:00,Annual,Natural gas,Russia,Million cubic metres,Ireland,1991,0.000,,
ESTAT:NRG_TI_GAS(1.0),24/03/26 23:00:00,Annual,Natural gas,Russia,Million cubic metres,Ireland,1992,0.000,,
ESTAT:NRG_TI_GAS(1.0),24/03/26 23:00:00,Annual,Natural gas,Russia,Million cubic metres,Ireland,1993,0.000,,
ESTAT:NRG_TI_GAS(1.0),24/03/26 23:00:00,Annual,Natural gas,Russia,Million cubic metres,Ireland,1994,0.000,,
ESTAT:NRG_TI_GAS(1.0),24/03/26 23:00:00,Annual,Natural gas,Russia,Million cubic metres,Ireland,1995,0.000,,
ESTAT:NRG_TI_GAS(1.0),24/03/26 23:00:00,Annual,Natural gas,Russia,Million cubic metres,Ireland,1996,0.000,,
ESTAT:NRG_TI_GAS(1.0),24/03/26 23:00:00,Annual,Natural gas,Russia,Million cubic metres,Ireland,1997,0.000,,
ESTAT:NRG_TI_GAS(1.0),24/03/26 23:00:00,Annual,Natural gas,Russia,Million cubic metres,Ireland,1998,0.000,,
ESTAT:NRG_TI_GAS(1.0),24/03/26 23:00:00,Annual,Natural gas,Russia,Million cubic metres,Ireland,1999,0.000,,
ESTAT:NRG_TI_GAS(1.0),24/03/26 23:00:00,Annual,Natural gas,Russia,Million cubic metres,Ireland,2000,0.000,,
ESTAT:NRG_TI_GAS(1.0),24/03/26 23:00:00,Annual,Natural gas,Russia,Million cubic metres,Ireland,2001,0.000,,
ESTAT:NRG_TI_GAS(1.0),24/03/26 23:00:00,Annual,Natural gas,Russia,Million cubic metres,Ireland,2002,0.000,,
ESTAT:NRG_TI_GAS(1.0),24/03/26 23:00:00,Annual,Natural gas,Russia,Million cubic metres,Ireland,2003,0.000,,
ESTAT:NRG_TI_GAS(1.0),24/03/26 23:00:00,Annual,Natural gas,Russia,Million cubic metres,Ireland,2004,0.000,,
ESTAT:NRG_TI_GAS(1.0),24/03/26 23:00:00,Annual,Natural gas,Russia,Million cubic metres,Ireland,2005,0.000,,
ESTAT:NRG_TI_GAS(1.0),24/03/26 23:00:00,Annual,Natural gas,Russia,Million cubic metres,Ireland,2006,0.000,,
ESTAT:NRG_TI_GAS(1.0),24/03/26 23:00:00,Annual,Natural gas,Russia,Million cubic metres,Ireland,2007,0.000,,
ESTAT:NRG_TI_GAS(1.0),24/03/26 23:00:00,Annual,Natural gas,Russia,Million cubic metres,Ireland,2008,0.000,,
ESTAT:NRG_TI_GAS(1.0),24/03/26 23:00:00,Annual,Natural gas,Russia,Million cubic metres,Ireland,2009,0.000,,
ESTAT:NRG_TI_GAS(1.0),24/03/26 23:00:00,Annual,Natural gas,Russia,Million cubic metres,Ireland,2010,0.000,,
ESTAT:NRG_TI_GAS(1.0),24/03/26 23:00:00,Annual,Natural gas,Russia,Million cubic metres,Ireland,2011,0.000,,
ESTAT:NRG_TI_GAS(1.0),24/03/26 23:00:00,Annual,Natural gas,Russia,Million cubic metres,Ireland,2012,0.000,,
ESTAT:NRG_TI_GAS(1.0),24/03/26 23:00:00,Annual,Natural gas,Russia,Million cubic metres,Ireland,2013,0.000,,
ESTAT:NRG_TI_GAS(1.0),24/03/26 23:00:00,Annual,Natural gas,Russia,Million cubic metres,Ireland,2014,0.000,,
ESTAT:NRG_TI_GAS(1.0),24/03/26 23:00:00,Annual,Natural gas,Russia,Million cubic metres,Ireland,2015,0.000,,
ESTAT:NRG_TI_GAS(1.0),24/03/26 23:00:00,Annual,Natural gas,Russia,Million cubic metres,Ireland,2016,0.000,,
ESTAT:NRG_TI_GAS(1.0),24/03/26 23:00:00,Annual,Natural gas,Russia,Million cubic metres,Ireland,2017,0.000,,
ESTAT:NRG_TI_GAS(1.0),24/03/26 23:00:00,Annual,Natural gas,Russia,Million cubic metres,Ireland,2018,0.000,,
ESTAT:NRG_TI_GAS(1.0),24/03/26 23:00:00,Annual,Natural gas,Russia,Million cubic metres,Ireland,2019,0.000,,
ESTAT:NRG_TI_GAS(1.0),24/03/26 23:00:00,Annual,Natural gas,Russia,Million cubic metres,Ireland,2020,0.000,,
ESTAT:NRG_TI_GAS(1.0),24/03/26 23:00:00,Annual,Natural gas,Russia,Million cubic metres,Ireland,2021,0.000,,
ESTAT:NRG_TI_GAS(1.0),24/03/26 23:00:00,Annual,Natural gas,Russia,Million cubic metres,Ireland,2022,0.000,,
ESTAT:NRG_TI_GAS(1.0),24/03/26 23:00:00,Annual,Natural gas,Russia,Million cubic metres,Ireland,2023,0.000,,
ESTAT:NRG_TI_GAS(1.0),24/03/26 23:00:00,Annual,Natural gas,Russia,Million cubic metres,Ireland,2024,0.000,,
ESTAT:NRG_TI_GAS(1.0),24/03/26 23:00:00,Annual,Natural gas,Russia,Million cubic metres,Iceland,1990,0.000,,
ESTAT:NRG_TI_GAS(1.0),24/03/26 23:00:00,Annual,Natural gas,Russia,Million cubic metres,Iceland,1991,0.000,,
ESTAT:NRG_TI_GAS(1.0),24/03/26 23:00:00,Annual,Natural gas,Russia,Million cubic metres,Iceland,1992,0.000,,
ESTAT:NRG_TI_GAS(1.0),24/03/26 23:00:00,Annual,Natural gas,Russia,Million cubic metres,Iceland,1993,0.000,,
ESTAT:NRG_TI_GAS(1.0),24/03/26 23:00:00,Annual,Natural gas,Russia,Million cubic metres,Iceland,1994,0.000,,
ESTAT:NRG_TI_GAS(1.0),24/03/26 23:00:00,Annual,Natural gas,Russia,Million cubic metres,Iceland,1995,0.000,,
ESTAT:NRG_TI_GAS(1.0),24/03/26 23:00:00,Annual,Natural gas,Russia,Million cubic metres,Iceland,1996,0.000,,
ESTAT:NRG_TI_GAS(1.0),24/03/26 23:00:00,Annual,Natural gas,Russia,Million cubic metres,Iceland,1997,0.000,,
ESTAT:NRG_TI_GAS(1.0),24/03/26 23:00:00,Annual,Natural gas,Russia,Million cubic metres,Iceland,1998,0.000,,
ESTAT:NRG_TI_GAS(1.0),24/03/26 23:00:00,Annual,Natural gas,Russia,Million cubic metres,Iceland,1999,0.000,,
ESTAT:NRG_TI_GAS(1.0),24/03/26 23:00:00,Annual,Natural gas,Russia,Million cubic metres,Iceland,2000,0.000,,
ESTAT:NRG_TI_GAS(1.0),24/03/26 23:00:00,Annual,Natural gas,Russia,Million cubic metres,Iceland,2001,0.000,,
ESTAT:NRG_TI_GAS(1.0),24/03/26 23:00:00,Annual,Natural gas,Russia,Million cubic metres,Iceland,2002,0.000,,
ESTAT:NRG_TI_GAS(1.0),24/03/26 23:00:00,Annual,Natural gas,Russia,Million cubic metres,Iceland,2003,0.000,,
ESTAT:NRG_TI_GAS(1.0),24/03/26 23:00:00,Annual,Natural gas,Russia,Million cubic metres,Iceland,2004,0.000,,
ESTAT:NRG_TI_GAS(1.0),24/03/26 23:00:00,Annual,Natural gas,Russia,Million cubic metres,Iceland,2005,0.000,,
ESTAT:NRG_TI_GAS(1.0),24/03/26 23:00:00,Annual,Natural gas,Russia,Million cubic metres,Iceland,2006,0.000,,
ESTAT:NRG_TI_GAS(1.0),24/03/26 23:00:00,Annual,Natural gas,Russia,Million cubic metres,Iceland,2007,0.000,,
ESTAT:NRG_TI_GAS(1.0),24/03/26 23:00:00,Annual,Natural gas,Russia,Million cubic metres,Iceland,2008,0.000,,
ESTAT:NRG_TI_GAS(1.0),24/03/26 23:00:00,Annual,Natural gas,Russia,Million cubic metres,Iceland,2009,0.000,,
ESTAT:NRG_TI_GAS(1.0),24/03/26 23:00:00,Annual,Natural gas,Russia,Million cubic metres,Iceland,2010,0.000,,
ESTAT:NRG_TI_GAS(1.0),24/03/26 23:00:00,Annual,Natural gas,Russia,Million cubic metres,Iceland,2011,0.000,,
ESTAT:NRG_TI_GAS(1.0),24/03/26 23:00:00,Annual,Natural gas,Russia,Million cubic metres,Iceland,2012,0.000,,
ESTAT:NRG_TI_GAS(1.0),24/03/26 23:00:00,Annual,Natural gas,Russia,Million cubic metres,Iceland,2013,0.000,,
ESTAT:NRG_TI_GAS(1.0),24/03/26 23:00:00,Annual,Natural gas,Russia,Million cubic metres,Iceland,2014,0.000,,
ESTAT:NRG_TI_GAS(1.0),24/03/26 23:00:00,Annual,Natural gas,Russia,Million cubic metres,Iceland,2015,0.000,,
ESTAT:NRG_TI_GAS(1.0),24/03/26 23:00:00,Annual,Natural gas,Russia,Million cubic metres,Iceland,2016,0.000,,
ESTAT:NRG_TI_GAS(1.0),24/03/26 23:00:00,Annual,Natural gas,Russia,Million cubic metres,Iceland,2017,0.000,,
ESTAT:NRG_TI_GAS(1.0),24/03/26 23:00:00,Annual,Natural gas,Russia,Million cubic metres,Iceland,2018,0.000,,
ESTAT:NRG_TI_GAS(1.0),24/03/26 23:00:00,Annual,Natural gas,Russia,Million cubic metres,Iceland,2019,0.000,,
ESTAT:NRG_TI_GAS(1.0),24/03/26 23:00:00,Annual,Natural gas,Russia,Million cubic metres,Iceland,2020,0.000,,
ESTAT:NRG_TI_GAS(1.0),24/03/26 23:00:00,Annual,Natural gas,Russia,Million cubic metres,Iceland,2021,0.000,,
ESTAT:NRG_TI_GAS(1.0),24/03/26 23:00:00,Annual,Natural gas,Russia,Million cubic metres,Iceland,2022,,,
ESTAT:NRG_TI_GAS(1.0),24/03/26 23:00:00,Annual,Natural gas,Russia,Million cubic metres,Iceland,2023,0.000,,
ESTAT:NRG_TI_GAS(1.0),24/03/26 23:00:00,Annual,Natural gas,Russia,Million cubic metres,Iceland,2024,,,
ESTAT:NRG_TI_GAS(1.0),24/03/26 23:00:00,Annual,Natural gas,Russia,Million cubic metres,Italy,1990,13978.000,,
ESTAT:NRG_TI_GAS(1.0),24/03/26 23:00:00,Annual,Natural gas,Russia,Million cubic metres,Italy,1991,14185.000,,
ESTAT:NRG_TI_GAS(1.0),24/03/26 23:00:00,Annual,Natural gas,Russia,Million cubic metres,Italy,1992,13219.000,,
ESTAT:NRG_TI_GAS(1.0),24/03/26 23:00:00,Annual,Natural gas,Russia,Million cubic metres,Italy,1993,13465.000,,
ESTAT:NRG_TI_GAS(1.0),24/03/26 23:00:00,Annual,Natural gas,Russia,Million cubic metres,Italy,1994,13523.000,,
ESTAT:NRG_TI_GAS(1.0),24/03/26 23:00:00,Annual,Natural gas,Russia,Million cubic metres,Italy,1995,13947.000,,
ESTAT:NRG_TI_GAS(1.0),24/03/26 23:00:00,Annual,Natural gas,Russia,Million cubic metres,Italy,1996,13560.000,,
ESTAT:NRG_TI_GAS(1.0),24/03/26 23:00:00,Annual,Natural gas,Russia,Million cubic metres,Italy,1997,13744.000,,
ESTAT:NRG_TI_GAS(1.0),24/03/26 23:00:00,Annual,Natural gas,Russia,Million cubic metres,Italy,1998,16693.000,,
ESTAT:NRG_TI_GAS(1.0),24/03/26 23:00:00,Annual,Natural gas,Russia,Million cubic metres,Italy,1999,19093.000,,
ESTAT:NRG_TI_GAS(1.0),24/03/26 23:00:00,Annual,Natural gas,Russia,Million cubic metres,Italy,2000,21038.000,,
ESTAT:NRG_TI_GAS(1.0),24/03/26 23:00:00,Annual,Natural gas,Russia,Million cubic metres,Italy,2001,19594.000,,
ESTAT:NRG_TI_GAS(1.0),24/03/26 23:00:00,Annual,Natural gas,Russia,Million cubic metres,Italy,2002,20713.000,,
ESTAT:NRG_TI_GAS(1.0),24/03/26 23:00:00,Annual,Natural gas,Russia,Million cubic metres,Italy,2003,21688.000,,
ESTAT:NRG_TI_GAS(1.0),24/03/26 23:00:00,Annual,Natural gas,Russia,Million cubic metres,Italy,2004,23624.000,,
ESTAT:NRG_TI_GAS(1.0),24/03/26 23:00:00,Annual,Natural gas,Russia,Million cubic metres,Italy,2005,23326.000,,
ESTAT:NRG_TI_GAS(1.0),24/03/26 23:00:00,Annual,Natural gas,Russia,Million cubic metres,Italy,2006,22520.000,,
ESTAT:NRG_TI_GAS(1.0),24/03/26 23:00:00,Annual,Natural gas,Russia,Million cubic metres,Italy,2007,22667.000,,
ESTAT:NRG_TI_GAS(1.0),24/03/26 23:00:00,Annual,Natural gas,Russia,Million cubic metres,Italy,2008,23486.000,,
ESTAT:NRG_TI_GAS(1.0),24/03/26 23:00:00,Annual,Natural gas,Russia,Million cubic metres,Italy,2009,19999.000,,
ESTAT:NRG_TI_GAS(1.0),24/03/26 23:00:00,Annual,Natural gas,Russia,Million cubic metres,Italy,2010,14964.000,,
ESTAT:NRG_TI_GAS(1.0),24/03/26 23:00:00,Annual,Natural gas,Russia,Million cubic metres,Italy,2011,19743.000,,
ESTAT:NRG_TI_GAS(1.0),24/03/26 23:00:00,Annual,Natural gas,Russia,Million cubic metres,Italy,2012,18071.000,,
ESTAT:NRG_TI_GAS(1.0),24/03/26 23:00:00,Annual,Natural gas,Russia,Million cubic metres,Italy,2013,28073.000,,
ESTAT:NRG_TI_GAS(1.0),24/03/26 23:00:00,Annual,Natural gas,Russia,Million cubic metres,Italy,2014,24036.000,,
ESTAT:NRG_TI_GAS(1.0),24/03/26 23:00:00,Annual,Natural gas,Russia,Million cubic metres,Italy,2015,27656.000,,
ESTAT:NRG_TI_GAS(1.0),24/03/26 23:00:00,Annual,Natural gas,Russia,Million cubic metres,Italy,2016,26830.000,,
ESTAT:NRG_TI_GAS(1.0),24/03/26 23:00:00,Annual,Natural gas,Russia,Million cubic metres,Italy,2017,33107.878,,
ESTAT:NRG_TI_GAS(1.0),24/03/26 23:00:00,Annual,Natural gas,Russia,Million cubic metres,Italy,2018,32846.356,,
ESTAT:NRG_TI_GAS(1.0),24/03/26 23:00:00,Annual,Natural gas,Russia,Million cubic metres,Italy,2019,33449.393,,
ESTAT:NRG_TI_GAS(1.0),24/03/26 23:00:00,Annual,Natural gas,Russia,Million cubic metres,Italy,2020,28716.082,,
ESTAT:NRG_TI_GAS(1.0),24/03/26 23:00:00,Annual,Natural gas,Russia,Million cubic metres,Italy,2021,29170.696,,
ESTAT:NRG_TI_GAS(1.0),24/03/26 23:00:00,Annual,Natural gas,Russia,Million cubic metres,Italy,2022,13987.589,,
ESTAT:NRG_TI_GAS(1.0),24/03/26 23:00:00,Annual,Natural gas,Russia,Million cubic metres,Italy,2023,2931.000,,
ESTAT:NRG_TI_GAS(1.0),24/03/26 23:00:00,Annual,Natural gas,Russia,Million cubic metres,Italy,2024,5696.153,,
ESTAT:NRG_TI_GAS(1.0),24/03/26 23:00:00,Annual,Natural gas,Russia,Million cubic metres,Liechtenstein,1990,,,
ESTAT:NRG_TI_GAS(1.0),24/03/26 23:00:00,Annual,Natural gas,Russia,Million cubic metres,Liechtenstein,1991,,,
ESTAT:NRG_TI_GAS(1.0),24/03/26 23:00:00,Annual,Natural gas,Russia,Million cubic metres,Liechtenstein,1992,,,
ESTAT:NRG_TI_GAS(1.0),24/03/26 23:00:00,Annual,Natural gas,Russia,Million cubic metres,Liechtenstein,1993,,,
ESTAT:NRG_TI_GAS(1.0),24/03/26 23:00:00,Annual,Natural gas,Russia,Million cubic metres,Liechtenstein,1994,,,
ESTAT:NRG_TI_GAS(1.0),24/03/26 23:00:00,Annual,Natural gas,Russia,Million cubic metres,Liechtenstein,1995,,,
ESTAT:NRG_TI_GAS(1.0),24/03/26 23:00:00,Annual,Natural gas,Russia,Million cubic metres,Liechtenstein,1996,,,
ESTAT:NRG_TI_GAS(1.0),24/03/26 23:00:00,Annual,Natural gas,Russia,Million cubic metres,Liechtenstein,1997,,,
ESTAT:NRG_TI_GAS(1.0),24/03/26 23:00:00,Annual,Natural gas,Russia,Million cubic metres,Liechtenstein,1998,,,
ESTAT:NRG_TI_GAS(1.0),24/03/26 23:00:00,Annual,Natural gas,Russia,Million cubic metres,Liechtenstein,1999,,,
ESTAT:NRG_TI_GAS(1.0),24/03/26 23:00:00,Annual,Natural gas,Russia,Million cubic metres,Liechtenstein,2000,,,
ESTAT:NRG_TI_GAS(1.0),24/03/26 23:00:00,Annual,Natural gas,Russia,Million cubic metres,Liechtenstein,2001,,,
ESTAT:NRG_TI_GAS(1.0),24/03/26 23:00:00,Annual,Natural gas,Russia,Million cubic metres,Liechtenstein,2002,,,
ESTAT:NRG_TI_GAS(1.0),24/03/26 23:00:00,Annual,Natural gas,Russia,Million cubic metres,Liechtenstein,2003,,,
ESTAT:NRG_TI_GAS(1.0),24/03/26 23:00:00,Annual,Natural gas,Russia,Million cubic metres,Liechtenstein,2004,,,
ESTAT:NRG_TI_GAS(1.0),24/03/26 23:00:00,Annual,Natural gas,Russia,Million cubic metres,Liechtenstein,2005,,,
ESTAT:NRG_TI_GAS(1.0),24/03/26 23:00:00,Annual,Natural gas,Russia,Million cubic metres,Liechtenstein,2006,,,
ESTAT:NRG_TI_GAS(1.0),24/03/26 23:00:00,Annual,Natural gas,Russia,Million cubic metres,Liechtenstein,2007,,,
ESTAT:NRG_TI_GAS(1.0),24/03/26 23:00:00,Annual,Natural gas,Russia,Million cubic metres,Liechtenstein,2008,,,
ESTAT:NRG_TI_GAS(1.0),24/03/26 23:00:00,Annual,Natural gas,Russia,Million cubic metres,Liechtenstein,2009,,,
ESTAT:NRG_TI_GAS(1.0),24/03/26 23:00:00,Annual,Natural gas,Russia,Million cubic metres,Liechtenstein,2010,,,
ESTAT:NRG_TI_GAS(1.0),24/03/26 23:00:00,Annual,Natural gas,Russia,Million cubic metres,Liechtenstein,2011,,,
ESTAT:NRG_TI_GAS(1.0),24/03/26 23:00:00,Annual,Natural gas,Russia,Million cubic metres,Liechtenstein,2012,,,
ESTAT:NRG_TI_GAS(1.0),24/03/26 23:00:00,Annual,Natural gas,Russia,Million cubic metres,Liechtenstein,2013,,,
ESTAT:NRG_TI_GAS(1.0),24/03/26 23:00:00,Annual,Natural gas,Russia,Million cubic metres,Liechtenstein,2014,,,
ESTAT:NRG_TI_GAS(1.0),24/03/26 23:00:00,Annual,Natural gas,Russia,Million cubic metres,Liechtenstein,2015,,,
ESTAT:NRG_TI_GAS(1.0),24/03/26 23:00:00,Annual,Natural gas,Russia,Million cubic metres,Liechtenstein,2016,,,
ESTAT:NRG_TI_GAS(1.0),24/03/26 23:00:00,Annual,Natural gas,Russia,Million cubic metres,Liechtenstein,2017,,,
ESTAT:NRG_TI_GAS(1.0),24/03/26 23:00:00,Annual,Natural gas,Russia,Million cubic metres,Liechtenstein,2018,,,
ESTAT:NRG_TI_GAS(1.0),24/03/26 23:00:00,Annual,Natural gas,Russia,Million cubic metres,Liechtenstein,2019,0.000,,
ESTAT:NRG_TI_GAS(1.0),24/03/26 23:00:00,Annual,Natural gas,Russia,Million cubic metres,Liechtenstein,2020,11.759,,
ESTAT:NRG_TI_GAS(1.0),24/03/26 23:00:00,Annual,Natural gas,Russia,Million cubic metres,Liechtenstein,2021,12.000,,
ESTAT:NRG_TI_GAS(1.0),24/03/26 23:00:00,Annual,Natural gas,Russia,Million cubic metres,Liechtenstein,2022,4.371,,
ESTAT:NRG_TI_GAS(1.0),24/03/26 23:00:00,Annual,Natural gas,Russia,Million cubic metres,Liechtenstein,2023,1.764,,
ESTAT:NRG_TI_GAS(1.0),24/03/26 23:00:00,Annual,Natural gas,Russia,Million cubic metres,Liechtenstein,2024,2.423,,
ESTAT:NRG_TI_GAS(1.0),24/03/26 23:00:00,Annual,Natural gas,Russia,Million cubic metres,Lithuania,1990,5888.000,,
ESTAT:NRG_TI_GAS(1.0),24/03/26 23:00:00,Annual,Natural gas,Russia,Million cubic metres,Lithuania,1991,5873.000,,
ESTAT:NRG_TI_GAS(1.0),24/03/26 23:00:00,Annual,Natural gas,Russia,Million cubic metres,Lithuania,1992,3377.000,,
ESTAT:NRG_TI_GAS(1.0),24/03/26 23:00:00,Annual,Natural gas,Russia,Million cubic metres,Lithuania,1993,1826.000,,
ESTAT:NRG_TI_GAS(1.0),24/03/26 23:00:00,Annual,Natural gas,Russia,Million cubic metres,Lithuania,1994,2133.000,,
ESTAT:NRG_TI_GAS(1.0),24/03/26 23:00:00,Annual,Natural gas,Russia,Million cubic metres,Lithuania,1995,2476.000,,
ESTAT:NRG_TI_GAS(1.0),24/03/26 23:00:00,Annual,Natural gas,Russia,Million cubic metres,Lithuania,1996,2647.000,,
ESTAT:NRG_TI_GAS(1.0),24/03/26 23:00:00,Annual,Natural gas,Russia,Million cubic metres,Lithuania,1997,2460.000,,
ESTAT:NRG_TI_GAS(1.0),24/03/26 23:00:00,Annual,Natural gas,Russia,Million cubic metres,Lithuania,1998,2154.000,,
ESTAT:NRG_TI_GAS(1.0),24/03/26 23:00:00,Annual,Natural gas,Russia,Million cubic metres,Lithuania,1999,2244.000,,
ESTAT:NRG_TI_GAS(1.0),24/03/26 23:00:00,Annual,Natural gas,Russia,Million cubic metres,Lithuania,2000,2537.000,,
ESTAT:NRG_TI_GAS(1.0),24/03/26 23:00:00,Annual,Natural gas,Russia,Million cubic metres,Lithuania,2001,2635.000,,
ESTAT:NRG_TI_GAS(1.0),24/03/26 23:00:00,Annual,Natural gas,Russia,Million cubic metres,Lithuania,2002,2664.000,,
ESTAT:NRG_TI_GAS(1.0),24/03/26 23:00:00,Annual,Natural gas,Russia,Million cubic metres,Lithuania,2003,2893.000,,
ESTAT:NRG_TI_GAS(1.0),24/03/26 23:00:00,Annual,Natural gas,Russia,Million cubic metres,Lithuania,2004,2879.000,,
ESTAT:NRG_TI_GAS(1.0),24/03/26 23:00:00,Annual,Natural gas,Russia,Million cubic metres,Lithuania,2005,3063.000,,
ESTAT:NRG_TI_GAS(1.0),24/03/26 23:00:00,Annual,Natural gas,Russia,Million cubic metres,Lithuania,2006,3047.000,,
ESTAT:NRG_TI_GAS(1.0),24/03/26 23:00:00,Annual,Natural gas,Russia,Million cubic metres,Lithuania,2007,3656.000,,
ESTAT:NRG_TI_GAS(1.0),24/03/26 23:00:00,Annual,Natural gas,Russia,Million cubic metres,Lithuania,2008,3071.000,,
ESTAT:NRG_TI_GAS(1.0),24/03/26 23:00:00,Annual,Natural gas,Russia,Million cubic metres,Lithuania,2009,2690.000,,
ESTAT:NRG_TI_GAS(1.0),24/03/26 23:00:00,Annual,Natural gas,Russia,Million cubic metres,Lithuania,2010,3053.000,,
ESTAT:NRG_TI_GAS(1.0),24/03/26 23:00:00,Annual,Natural gas,Russia,Million cubic metres,Lithuania,2011,3349.000,,
ESTAT:NRG_TI_GAS(1.0),24/03/26 23:00:00,Annual,Natural gas,Russia,Million cubic metres,Lithuania,2012,3263.000,,
ESTAT:NRG_TI_GAS(1.0),24/03/26 23:00:00,Annual,Natural gas,Russia,Million cubic metres,Lithuania,2013,2661.000,,
ESTAT:NRG_TI_GAS(1.0),24/03/26 23:00:00,Annual,Natural gas,Russia,Million cubic metres,Lithuania,2014,2499.000,,
ESTAT:NRG_TI_GAS(1.0),24/03/26 23:00:00,Annual,Natural gas,Russia,Million cubic metres,Lithuania,2015,2138.000,,
ESTAT:NRG_TI_GAS(1.0),24/03/26 23:00:00,Annual,Natural gas,Russia,Million cubic metres,Lithuania,2016,869.000,,
ESTAT:NRG_TI_GAS(1.0),24/03/26 23:00:00,Annual,Natural gas,Russia,Million cubic metres,Lithuania,2017,1343.000,,
ESTAT:NRG_TI_GAS(1.0),24/03/26 23:00:00,Annual,Natural gas,Russia,Million cubic metres,Lithuania,2018,1303.000,,
ESTAT:NRG_TI_GAS(1.0),24/03/26 23:00:00,Annual,Natural gas,Russia,Million cubic metres,Lithuania,2019,1191.000,,
ESTAT:NRG_TI_GAS(1.0),24/03/26 23:00:00,Annual,Natural gas,Russia,Million cubic metres,Lithuania,2020,1196.000,,
ESTAT:NRG_TI_GAS(1.0),24/03/26 23:00:00,Annual,Natural gas,Russia,Million cubic metres,Lithuania,2021,887.200,,
ESTAT:NRG_TI_GAS(1.0),24/03/26 23:00:00,Annual,Natural gas,Russia,Million cubic metres,Lithuania,2022,279.000,,
ESTAT:NRG_TI_GAS(1.0),24/03/26 23:00:00,Annual,Natural gas,Russia,Million cubic metres,Lithuania,2023,0.000,,
ESTAT:NRG_TI_GAS(1.0),24/03/26 23:00:00,Annual,Natural gas,Russia,Million cubic metres,Lithuania,2024,0.000,,
ESTAT:NRG_TI_GAS(1.0),24/03/26 23:00:00,Annual,Natural gas,Russia,Million cubic metres,Luxembourg,1990,0.000,,
ESTAT:NRG_TI_GAS(1.0),24/03/26 23:00:00,Annual,Natural gas,Russia,Million cubic metres,Luxembourg,1991,0.000,,
ESTAT:NRG_TI_GAS(1.0),24/03/26 23:00:00,Annual,Natural gas,Russia,Million cubic metres,Luxembourg,1992,0.000,,
ESTAT:NRG_TI_GAS(1.0),24/03/26 23:00:00,Annual,Natural gas,Russia,Million cubic metres,Luxembourg,1993,0.000,,
ESTAT:NRG_TI_GAS(1.0),24/03/26 23:00:00,Annual,Natural gas,Russia,Million cubic metres,Luxembourg,1994,0.000,,
ESTAT:NRG_TI_GAS(1.0),24/03/26 23:00:00,Annual,Natural gas,Russia,Million cubic metres,Luxembourg,1995,0.000,,
ESTAT:NRG_TI_GAS(1.0),24/03/26 23:00:00,Annual,Natural gas,Russia,Million cubic metres,Luxembourg,1996,0.000,,
ESTAT:NRG_TI_GAS(1.0),24/03/26 23:00:00,Annual,Natural gas,Russia,Million cubic metres,Luxembourg,1997,0.000,,
ESTAT:NRG_TI_GAS(1.0),24/03/26 23:00:00,Annual,Natural gas,Russia,Million cubic metres,Luxembourg,1998,0.000,,
ESTAT:NRG_TI_GAS(1.0),24/03/26 23:00:00,Annual,Natural gas,Russia,Million cubic metres,Luxembourg,1999,0.000,,
ESTAT:NRG_TI_GAS(1.0),24/03/26 23:00:00,Annual,Natural gas,Russia,Million cubic metres,Luxembourg,2000,0.000,,
ESTAT:NRG_TI_GAS(1.0),24/03/26 23:00:00,Annual,Natural gas,Russia,Million cubic metres,Luxembourg,2001,0.000,,
ESTAT:NRG_TI_GAS(1.0),24/03/26 23:00:00,Annual,Natural gas,Russia,Million cubic metres,Luxembourg,2002,0.000,,
ESTAT:NRG_TI_GAS(1.0),24/03/26 23:00:00,Annual,Natural gas,Russia,Million cubic metres,Luxembourg,2003,0.000,,
ESTAT:NRG_TI_GAS(1.0),24/03/26 23:00:00,Annual,Natural gas,Russia,Million cubic metres,Luxembourg,2004,0.000,,
ESTAT:NRG_TI_GAS(1.0),24/03/26 23:00:00,Annual,Natural gas,Russia,Million cubic metres,Luxembourg,2005,0.000,,
ESTAT:NRG_TI_GAS(1.0),24/03/26 23:00:00,Annual,Natural gas,Russia,Million cubic metres,Luxembourg,2006,0.000,,
ESTAT:NRG_TI_GAS(1.0),24/03/26 23:00:00,Annual,Natural gas,Russia,Million cubic metres,Luxembourg,2007,308.000,,
ESTAT:NRG_TI_GAS(1.0),24/03/26 23:00:00,Annual,Natural gas,Russia,Million cubic metres,Luxembourg,2008,295.000,,
ESTAT:NRG_TI_GAS(1.0),24/03/26 23:00:00,Annual,Natural gas,Russia,Million cubic metres,Luxembourg,2009,305.000,,
ESTAT:NRG_TI_GAS(1.0),24/03/26 23:00:00,Annual,Natural gas,Russia,Million cubic metres,Luxembourg,2010,327.000,,
ESTAT:NRG_TI_GAS(1.0),24/03/26 23:00:00,Annual,Natural gas,Russia,Million cubic metres,Luxembourg,2011,284.000,,
ESTAT:NRG_TI_GAS(1.0),24/03/26 23:00:00,Annual,Natural gas,Russia,Million cubic metres,Luxembourg,2012,290.000,,
ESTAT:NRG_TI_GAS(1.0),24/03/26 23:00:00,Annual,Natural gas,Russia,Million cubic metres,Luxembourg,2013,260.000,,
ESTAT:NRG_TI_GAS(1.0),24/03/26 23:00:00,Annual,Natural gas,Russia,Million cubic metres,Luxembourg,2014,245.000,,
ESTAT:NRG_TI_GAS(1.0),24/03/26 23:00:00,Annual,Natural gas,Russia,Million cubic metres,Luxembourg,2015,221.000,,
ESTAT:NRG_TI_GAS(1.0),24/03/26 23:00:00,Annual,Natural gas,Russia,Million cubic metres,Luxembourg,2016,203.000,,
ESTAT:NRG_TI_GAS(1.0),24/03/26 23:00:00,Annual,Natural gas,Russia,Million cubic metres,Luxembourg,2017,142.614,,
ESTAT:NRG_TI_GAS(1.0),24/03/26 23:00:00,Annual,Natural gas,Russia,Million cubic metres,Luxembourg,2018,199.104,,
ESTAT:NRG_TI_GAS(1.0),24/03/26 23:00:00,Annual,Natural gas,Russia,Million cubic metres,Luxembourg,2019,91.174,,
ESTAT:NRG_TI_GAS(1.0),24/03/26 23:00:00,Annual,Natural gas,Russia,Million cubic metres,Luxembourg,2020,163.835,,
ESTAT:NRG_TI_GAS(1.0),24/03/26 23:00:00,Annual,Natural gas,Russia,Million cubic metres,Luxembourg,2021,141.631,,
ESTAT:NRG_TI_GAS(1.0),24/03/26 23:00:00,Annual,Natural gas,Russia,Million cubic metres,Luxembourg,2022,0.007,,
ESTAT:NRG_TI_GAS(1.0),24/03/26 23:00:00,Annual,Natural gas,Russia,Million cubic metres,Luxembourg,2023,1.870,,
ESTAT:NRG_TI_GAS(1.0),24/03/26 23:00:00,Annual,Natural gas,Russia,Million cubic metres,Luxembourg,2024,0.000,,
ESTAT:NRG_TI_GAS(1.0),24/03/26 23:00:00,Annual,Natural gas,Russia,Million cubic metres,Latvia,1990,3310.000,,
ESTAT:NRG_TI_GAS(1.0),24/03/26 23:00:00,Annual,Natural gas,Russia,Million cubic metres,Latvia,1991,2961.000,,
ESTAT:NRG_TI_GAS(1.0),24/03/26 23:00:00,Annual,Natural gas,Russia,Million cubic metres,Latvia,1992,2660.000,,
ESTAT:NRG_TI_GAS(1.0),24/03/26 23:00:00,Annual,Natural gas,Russia,Million cubic metres,Latvia,1993,943.000,,
ESTAT:NRG_TI_GAS(1.0),24/03/26 23:00:00,Annual,Natural gas,Russia,Million cubic metres,Latvia,1994,1010.000,,
ESTAT:NRG_TI_GAS(1.0),24/03/26 23:00:00,Annual,Natural gas,Russia,Million cubic metres,Latvia,1995,1241.000,,
ESTAT:NRG_TI_GAS(1.0),24/03/26 23:00:00,Annual,Natural gas,Russia,Million cubic metres,Latvia,1996,1089.000,,
ESTAT:NRG_TI_GAS(1.0),24/03/26 23:00:00,Annual,Natural gas,Russia,Million cubic metres,Latvia,1997,1318.000,,
ESTAT:NRG_TI_GAS(1.0),24/03/26 23:00:00,Annual,Natural gas,Russia,Million cubic metres,Latvia,1998,1382.000,,
ESTAT:NRG_TI_GAS(1.0),24/03/26 23:00:00,Annual,Natural gas,Russia,Million cubic metres,Latvia,1999,1290.000,,
ESTAT:NRG_TI_GAS(1.0),24/03/26 23:00:00,Annual,Natural gas,Russia,Million cubic metres,Latvia,2000,1385.000,,
ESTAT:NRG_TI_GAS(1.0),24/03/26 23:00:00,Annual,Natural gas,Russia,Million cubic metres,Latvia,2001,1350.000,,
ESTAT:NRG_TI_GAS(1.0),24/03/26 23:00:00,Annual,Natural gas,Russia,Million cubic metres,Latvia,2002,1425.000,,
ESTAT:NRG_TI_GAS(1.0),24/03/26 23:00:00,Annual,Natural gas,Russia,Million cubic metres,Latvia,2003,1750.000,,
ESTAT:NRG_TI_GAS(1.0),24/03/26 23:00:00,Annual,Natural gas,Russia,Million cubic metres,Latvia,2004,2170.000,,
ESTAT:NRG_TI_GAS(1.0),24/03/26 23:00:00,Annual,Natural gas,Russia,Million cubic metres,Latvia,2005,1790.000,,
ESTAT:NRG_TI_GAS(1.0),24/03/26 23:00:00,Annual,Natural gas,Russia,Million cubic metres,Latvia,2006,1910.000,,
ESTAT:NRG_TI_GAS(1.0),24/03/26 23:00:00,Annual,Natural gas,Russia,Million cubic metres,Latvia,2007,1645.000,,
ESTAT:NRG_TI_GAS(1.0),24/03/26 23:00:00,Annual,Natural gas,Russia,Million cubic metres,Latvia,2008,1368.000,,
ESTAT:NRG_TI_GAS(1.0),24/03/26 23:00:00,Annual,Natural gas,Russia,Million cubic metres,Latvia,2009,1743.000,,
ESTAT:NRG_TI_GAS(1.0),24/03/26 23:00:00,Annual,Natural gas,Russia,Million cubic metres,Latvia,2010,1125.000,,
ESTAT:NRG_TI_GAS(1.0),24/03/26 23:00:00,Annual,Natural gas,Russia,Million cubic metres,Latvia,2011,1755.000,,
ESTAT:NRG_TI_GAS(1.0),24/03/26 23:00:00,Annual,Natural gas,Russia,Million cubic metres,Latvia,2012,1716.000,,
ESTAT:NRG_TI_GAS(1.0),24/03/26 23:00:00,Annual,Natural gas,Russia,Million cubic metres,Latvia,2013,1698.000,,
ESTAT:NRG_TI_GAS(1.0),24/03/26 23:00:00,Annual,Natural gas,Russia,Million cubic metres,Latvia,2014,947.000,,
ESTAT:NRG_TI_GAS(1.0),24/03/26 23:00:00,Annual,Natural gas,Russia,Million cubic metres,Latvia,2015,1306.000,,
ESTAT:NRG_TI_GAS(1.0),24/03/26 23:00:00,Annual,Natural gas,Russia,Million cubic metres,Latvia,2016,1132.000,,
ESTAT:NRG_TI_GAS(1.0),24/03/26 23:00:00,Annual,Natural gas,Russia,Million cubic metres,Latvia,2017,1242.660,,
ESTAT:NRG_TI_GAS(1.0),24/03/26 23:00:00,Annual,Natural gas,Russia,Million cubic metres,Latvia,2018,1414.807,,
ESTAT:NRG_TI_GAS(1.0),24/03/26 23:00:00,Annual,Natural gas,Russia,Million cubic metres,Latvia,2019,1353.952,,
ESTAT:NRG_TI_GAS(1.0),24/03/26 23:00:00,Annual,Natural gas,Russia,Million cubic metres,Latvia,2020,1114.949,,
ESTAT:NRG_TI_GAS(1.0),24/03/26 23:00:00,Annual,Natural gas,Russia,Million cubic metres,Latvia,2021,1186.959,,
ESTAT:NRG_TI_GAS(1.0),24/03/26 23:00:00,Annual,Natural gas,Russia,Million cubic metres,Latvia,2022,189.834,,
ESTAT:NRG_TI_GAS(1.0),24/03/26 23:00:00,Annual,Natural gas,Russia,Million cubic metres,Latvia,2023,0.000,,
ESTAT:NRG_TI_GAS(1.0),24/03/26 23:00:00,Annual,Natural gas,Russia,Million cubic metres,Latvia,2024,0.000,,
ESTAT:NRG_TI_GAS(1.0),24/03/26 23:00:00,Annual,Natural gas,Russia,Million cubic metres,Moldova,1990,,,
ESTAT:NRG_TI_GAS(1.0),24/03/26 23:00:00,Annual,Natural gas,Russia,Million cubic metres,Moldova,1991,,,
ESTAT:NRG_TI_GAS(1.0),24/03/26 23:00:00,Annual,Natural gas,Russia,Million cubic metres,Moldova,1992,,,
ESTAT:NRG_TI_GAS(1.0),24/03/26 23:00:00,Annual,Natural gas,Russia,Million cubic metres,Moldova,1993,,,
ESTAT:NRG_TI_GAS(1.0),24/03/26 23:00:00,Annual,Natural gas,Russia,Million cubic metres,Moldova,1994,,,
ESTAT:NRG_TI_GAS(1.0),24/03/26 23:00:00,Annual,Natural gas,Russia,Million cubic metres,Moldova,1995,,,
ESTAT:NRG_TI_GAS(1.0),24/03/26 23:00:00,Annual,Natural gas,Russia,Million cubic metres,Moldova,1996,,,
ESTAT:NRG_TI_GAS(1.0),24/03/26 23:00:00,Annual,Natural gas,Russia,Million cubic metres,Moldova,1997,,,
ESTAT:NRG_TI_GAS(1.0),24/03/26 23:00:00,Annual,Natural gas,Russia,Million cubic metres,Moldova,1998,,,
ESTAT:NRG_TI_GAS(1.0),24/03/26 23:00:00,Annual,Natural gas,Russia,Million cubic metres,Moldova,1999,,,
ESTAT:NRG_TI_GAS(1.0),24/03/26 23:00:00,Annual,Natural gas,Russia,Million cubic metres,Moldova,2000,,,
ESTAT:NRG_TI_GAS(1.0),24/03/26 23:00:00,Annual,Natural gas,Russia,Million cubic metres,Moldova,2001,,,
ESTAT:NRG_TI_GAS(1.0),24/03/26 23:00:00,Annual,Natural gas,Russia,Million cubic metres,Moldova,2002,,,
ESTAT:NRG_TI_GAS(1.0),24/03/26 23:00:00,Annual,Natural gas,Russia,Million cubic metres,Moldova,2003,,,
ESTAT:NRG_TI_GAS(1.0),24/03/26 23:00:00,Annual,Natural gas,Russia,Million cubic metres,Moldova,2004,,,
ESTAT:NRG_TI_GAS(1.0),24/03/26 23:00:00,Annual,Natural gas,Russia,Million cubic metres,Moldova,2005,,,
ESTAT:NRG_TI_GAS(1.0),24/03/26 23:00:00,Annual,Natural gas,Russia,Million cubic metres,Moldova,2006,,,
ESTAT:NRG_TI_GAS(1.0),24/03/26 23:00:00,Annual,Natural gas,Russia,Million cubic metres,Moldova,2007,,,
ESTAT:NRG_TI_GAS(1.0),24/03/26 23:00:00,Annual,Natural gas,Russia,Million cubic metres,Moldova,2008,,,
ESTAT:NRG_TI_GAS(1.0),24/03/26 23:00:00,Annual,Natural gas,Russia,Million cubic metres,Moldova,2009,,,
ESTAT:NRG_TI_GAS(1.0),24/03/26 23:00:00,Annual,Natural gas,Russia,Million cubic metres,Moldova,2010,1188.000,,
ESTAT:NRG_TI_GAS(1.0),24/03/26 23:00:00,Annual,Natural gas,Russia,Million cubic metres,Moldova,2011,1152.000,,
ESTAT:NRG_TI_GAS(1.0),24/03/26 23:00:00,Annual,Natural gas,Russia,Million cubic metres,Moldova,2012,1095.000,,
ESTAT:NRG_TI_GAS(1.0),24/03/26 23:00:00,Annual,Natural gas,Russia,Million cubic metres,Moldova,2013,1031.000,,
ESTAT:NRG_TI_GAS(1.0),24/03/26 23:00:00,Annual,Natural gas,Russia,Million cubic metres,Moldova,2014,1053.000,,
ESTAT:NRG_TI_GAS(1.0),24/03/26 23:00:00,Annual,Natural gas,Russia,Million cubic metres,Moldova,2015,1007.000,,
ESTAT:NRG_TI_GAS(1.0),24/03/26 23:00:00,Annual,Natural gas,Russia,Million cubic metres,Moldova,2016,1037.000,,
ESTAT:NRG_TI_GAS(1.0),24/03/26 23:00:00,Annual,Natural gas,Russia,Million cubic metres,Moldova,2017,1033.482,,
ESTAT:NRG_TI_GAS(1.0),24/03/26 23:00:00,Annual,Natural gas,Russia,Million cubic metres,Moldova,2018,1129.700,,
ESTAT:NRG_TI_GAS(1.0),24/03/26 23:00:00,Annual,Natural gas,Russia,Million cubic metres,Moldova,2019,1039.600,,
ESTAT:NRG_TI_GAS(1.0),24/03/26 23:00:00,Annual,Natural gas,Russia,Million cubic metres,Moldova,2020,1056.000,,
ESTAT:NRG_TI_GAS(1.0),24/03/26 23:00:00,Annual,Natural gas,Russia,Million cubic metres,Moldova,2021,1198.300,,
ESTAT:NRG_TI_GAS(1.0),24/03/26 23:00:00,Annual,Natural gas,Russia,Million cubic metres,Moldova,2022,848.400,,
ESTAT:NRG_TI_GAS(1.0),24/03/26 23:00:00,Annual,Natural gas,Russia,Million cubic metres,Moldova,2023,70.700,,
ESTAT:NRG_TI_GAS(1.0),24/03/26 23:00:00,Annual,Natural gas,Russia,Million cubic metres,Moldova,2024,0.000,,
ESTAT:NRG_TI_GAS(1.0),24/03/26 23:00:00,Annual,Natural gas,Russia,Million cubic metres,Montenegro,1990,,,
ESTAT:NRG_TI_GAS(1.0),24/03/26 23:00:00,Annual,Natural gas,Russia,Million cubic metres,Montenegro,1991,,,
ESTAT:NRG_TI_GAS(1.0),24/03/26 23:00:00,Annual,Natural gas,Russia,Million cubic metres,Montenegro,1992,,,
ESTAT:NRG_TI_GAS(1.0),24/03/26 23:00:00,Annual,Natural gas,Russia,Million cubic metres,Montenegro,1993,,,
ESTAT:NRG_TI_GAS(1.0),24/03/26 23:00:00,Annual,Natural gas,Russia,Million cubic metres,Montenegro,1994,,,
ESTAT:NRG_TI_GAS(1.0),24/03/26 23:00:00,Annual,Natural gas,Russia,Million cubic metres,Montenegro,1995,,,
ESTAT:NRG_TI_GAS(1.0),24/03/26 23:00:00,Annual,Natural gas,Russia,Million cubic metres,Montenegro,1996,,,
ESTAT:NRG_TI_GAS(1.0),24/03/26 23:00:00,Annual,Natural gas,Russia,Million cubic metres,Montenegro,1997,,,
ESTAT:NRG_TI_GAS(1.0),24/03/26 23:00:00,Annual,Natural gas,Russia,Million cubic metres,Montenegro,1998,,,
ESTAT:NRG_TI_GAS(1.0),24/03/26 23:00:00,Annual,Natural gas,Russia,Million cubic metres,Montenegro,1999,,,
ESTAT:NRG_TI_GAS(1.0),24/03/26 23:00:00,Annual,Natural gas,Russia,Million cubic metres,Montenegro,2000,,,
ESTAT:NRG_TI_GAS(1.0),24/03/26 23:00:00,Annual,Natural gas,Russia,Million cubic metres,Montenegro,2001,,,
ESTAT:NRG_TI_GAS(1.0),24/03/26 23:00:00,Annual,Natural gas,Russia,Million cubic metres,Montenegro,2002,,,
ESTAT:NRG_TI_GAS(1.0),24/03/26 23:00:00,Annual,Natural gas,Russia,Million cubic metres,Montenegro,2003,,,
ESTAT:NRG_TI_GAS(1.0),24/03/26 23:00:00,Annual,Natural gas,Russia,Million cubic metres,Montenegro,2004,,,
ESTAT:NRG_TI_GAS(1.0),24/03/26 23:00:00,Annual,Natural gas,Russia,Million cubic metres,Montenegro,2005,0.000,,
ESTAT:NRG_TI_GAS(1.0),24/03/26 23:00:00,Annual,Natural gas,Russia,Million cubic metres,Montenegro,2006,0.000,,
ESTAT:NRG_TI_GAS(1.0),24/03/26 23:00:00,Annual,Natural gas,Russia,Million cubic metres,Montenegro,2007,0.000,,
ESTAT:NRG_TI_GAS(1.0),24/03/26 23:00:00,Annual,Natural gas,Russia,Million cubic metres,Montenegro,2008,0.000,,
ESTAT:NRG_TI_GAS(1.0),24/03/26 23:00:00,Annual,Natural gas,Russia,Million cubic metres,Montenegro,2009,0.000,,
ESTAT:NRG_TI_GAS(1.0),24/03/26 23:00:00,Annual,Natural gas,Russia,Million cubic metres,Montenegro,2010,0.000,,
ESTAT:NRG_TI_GAS(1.0),24/03/26 23:00:00,Annual,Natural gas,Russia,Million cubic metres,Montenegro,2011,0.000,,
ESTAT:NRG_TI_GAS(1.0),24/03/26 23:00:00,Annual,Natural gas,Russia,Million cubic metres,Montenegro,2012,0.000,,
ESTAT:NRG_TI_GAS(1.0),24/03/26 23:00:00,Annual,Natural gas,Russia,Million cubic metres,Montenegro,2013,0.000,,
ESTAT:NRG_TI_GAS(1.0),24/03/26 23:00:00,Annual,Natural gas,Russia,Million cubic metres,Montenegro,2014,0.000,,
ESTAT:NRG_TI_GAS(1.0),24/03/26 23:00:00,Annual,Natural gas,Russia,Million cubic metres,Montenegro,2015,0.000,,
ESTAT:NRG_TI_GAS(1.0),24/03/26 23:00:00,Annual,Natural gas,Russia,Million cubic metres,Montenegro,2016,0.000,,
ESTAT:NRG_TI_GAS(1.0),24/03/26 23:00:00,Annual,Natural gas,Russia,Million cubic metres,Montenegro,2017,0.000,,
ESTAT:NRG_TI_GAS(1.0),24/03/26 23:00:00,Annual,Natural gas,Russia,Million cubic metres,Montenegro,2018,0.000,,
ESTAT:NRG_TI_GAS(1.0),24/03/26 23:00:00,Annual,Natural gas,Russia,Million cubic metres,Montenegro,2019,0.000,,
ESTAT:NRG_TI_GAS(1.0),24/03/26 23:00:00,Annual,Natural gas,Russia,Million cubic metres,Montenegro,2020,0.000,,
ESTAT:NRG_TI_GAS(1.0),24/03/26 23:00:00,Annual,Natural gas,Russia,Million cubic metres,Montenegro,2021,0.000,,
ESTAT:NRG_TI_GAS(1.0),24/03/26 23:00:00,Annual,Natural gas,Russia,Million cubic metres,Montenegro,2022,0.000,,
ESTAT:NRG_TI_GAS(1.0),24/03/26 23:00:00,Annual,Natural gas,Russia,Million cubic metres,Montenegro,2023,0.000,,
ESTAT:NRG_TI_GAS(1.0),24/03/26 23:00:00,Annual,Natural gas,Russia,Million cubic metres,Montenegro,2024,0.000,,
ESTAT:NRG_TI_GAS(1.0),24/03/26 23:00:00,Annual,Natural gas,Russia,Million cubic metres,North Macedonia,1990,0.000,,
ESTAT:NRG_TI_GAS(1.0),24/03/26 23:00:00,Annual,Natural gas,Russia,Million cubic metres,North Macedonia,1991,0.000,,
ESTAT:NRG_TI_GAS(1.0),24/03/26 23:00:00,Annual,Natural gas,Russia,Million cubic metres,North Macedonia,1992,0.000,,
ESTAT:NRG_TI_GAS(1.0),24/03/26 23:00:00,Annual,Natural gas,Russia,Million cubic metres,North Macedonia,1993,0.000,,
ESTAT:NRG_TI_GAS(1.0),24/03/26 23:00:00,Annual,Natural gas,Russia,Million cubic metres,North Macedonia,1994,0.000,,
ESTAT:NRG_TI_GAS(1.0),24/03/26 23:00:00,Annual,Natural gas,Russia,Million cubic metres,North Macedonia,1995,0.000,,
ESTAT:NRG_TI_GAS(1.0),24/03/26 23:00:00,Annual,Natural gas,Russia,Million cubic metres,North Macedonia,1996,0.000,,
ESTAT:NRG_TI_GAS(1.0),24/03/26 23:00:00,Annual,Natural gas,Russia,Million cubic metres,North Macedonia,1997,0.000,,
ESTAT:NRG_TI_GAS(1.0),24/03/26 23:00:00,Annual,Natural gas,Russia,Million cubic metres,North Macedonia,1998,22.000,,
ESTAT:NRG_TI_GAS(1.0),24/03/26 23:00:00,Annual,Natural gas,Russia,Million cubic metres,North Macedonia,1999,42.000,,
ESTAT:NRG_TI_GAS(1.0),24/03/26 23:00:00,Annual,Natural gas,Russia,Million cubic metres,North Macedonia,2000,65.000,,
ESTAT:NRG_TI_GAS(1.0),24/03/26 23:00:00,Annual,Natural gas,Russia,Million cubic metres,North Macedonia,2001,87.000,,
ESTAT:NRG_TI_GAS(1.0),24/03/26 23:00:00,Annual,Natural gas,Russia,Million cubic metres,North Macedonia,2002,91.000,,
ESTAT:NRG_TI_GAS(1.0),24/03/26 23:00:00,Annual,Natural gas,Russia,Million cubic metres,North Macedonia,2003,80.000,,
ESTAT:NRG_TI_GAS(1.0),24/03/26 23:00:00,Annual,Natural gas,Russia,Million cubic metres,North Macedonia,2004,71.000,,
ESTAT:NRG_TI_GAS(1.0),24/03/26 23:00:00,Annual,Natural gas,Russia,Million cubic metres,North Macedonia,2005,76.000,,
ESTAT:NRG_TI_GAS(1.0),24/03/26 23:00:00,Annual,Natural gas,Russia,Million cubic metres,North Macedonia,2006,82.000,,
ESTAT:NRG_TI_GAS(1.0),24/03/26 23:00:00,Annual,Natural gas,Russia,Million cubic metres,North Macedonia,2007,104.000,,
ESTAT:NRG_TI_GAS(1.0),24/03/26 23:00:00,Annual,Natural gas,Russia,Million cubic metres,North Macedonia,2008,119.000,,
ESTAT:NRG_TI_GAS(1.0),24/03/26 23:00:00,Annual,Natural gas,Russia,Million cubic metres,North Macedonia,2009,79.000,,
ESTAT:NRG_TI_GAS(1.0),24/03/26 23:00:00,Annual,Natural gas,Russia,Million cubic metres,North Macedonia,2010,116.000,,
ESTAT:NRG_TI_GAS(1.0),24/03/26 23:00:00,Annual,Natural gas,Russia,Million cubic metres,North Macedonia,2011,134.000,,
ESTAT:NRG_TI_GAS(1.0),24/03/26 23:00:00,Annual,Natural gas,Russia,Million cubic metres,North Macedonia,2012,139.000,,
ESTAT:NRG_TI_GAS(1.0),24/03/26 23:00:00,Annual,Natural gas,Russia,Million cubic metres,North Macedonia,2013,157.000,,
ESTAT:NRG_TI_GAS(1.0),24/03/26 23:00:00,Annual,Natural gas,Russia,Million cubic metres,North Macedonia,2014,134.000,,
ESTAT:NRG_TI_GAS(1.0),24/03/26 23:00:00,Annual,Natural gas,Russia,Million cubic metres,North Macedonia,2015,135.000,,
ESTAT:NRG_TI_GAS(1.0),24/03/26 23:00:00,Annual,Natural gas,Russia,Million cubic metres,North Macedonia,2016,211.000,,
ESTAT:NRG_TI_GAS(1.0),24/03/26 23:00:00,Annual,Natural gas,Russia,Million cubic metres,North Macedonia,2017,271.000,,
ESTAT:NRG_TI_GAS(1.0),24/03/26 23:00:00,Annual,Natural gas,Russia,Million cubic metres,North Macedonia,2018,251.000,,
ESTAT:NRG_TI_GAS(1.0),24/03/26 23:00:00,Annual,Natural gas,Russia,Million cubic metres,North Macedonia,2019,292.000,,
ESTAT:NRG_TI_GAS(1.0),24/03/26 23:00:00,Annual,Natural gas,Russia,Million cubic metres,North Macedonia,2020,334.462,,
ESTAT:NRG_TI_GAS(1.0),24/03/26 23:00:00,Annual,Natural gas,Russia,Million cubic metres,North Macedonia,2021,432.146,,
ESTAT:NRG_TI_GAS(1.0),24/03/26 23:00:00,Annual,Natural gas,Russia,Million cubic metres,North Macedonia,2022,286.985,,
ESTAT:NRG_TI_GAS(1.0),24/03/26 23:00:00,Annual,Natural gas,Russia,Million cubic metres,North Macedonia,2023,356.334,,
ESTAT:NRG_TI_GAS(1.0),24/03/26 23:00:00,Annual,Natural gas,Russia,Million cubic metres,North Macedonia,2024,330.724,,
ESTAT:NRG_TI_GAS(1.0),24/03/26 23:00:00,Annual,Natural gas,Russia,Million cubic metres,Malta,1990,0.000,,
ESTAT:NRG_TI_GAS(1.0),24/03/26 23:00:00,Annual,Natural gas,Russia,Million cubic metres,Malta,1991,0.000,,
ESTAT:NRG_TI_GAS(1.0),24/03/26 23:00:00,Annual,Natural gas,Russia,Million cubic metres,Malta,1992,0.000,,
ESTAT:NRG_TI_GAS(1.0),24/03/26 23:00:00,Annual,Natural gas,Russia,Million cubic metres,Malta,1993,0.000,,
ESTAT:NRG_TI_GAS(1.0),24/03/26 23:00:00,Annual,Natural gas,Russia,Million cubic metres,Malta,1994,0.000,,
ESTAT:NRG_TI_GAS(1.0),24/03/26 23:00:00,Annual,Natural gas,Russia,Million cubic metres,Malta,1995,0.000,,
ESTAT:NRG_TI_GAS(1.0),24/03/26 23:00:00,Annual,Natural gas,Russia,Million cubic metres,Malta,1996,0.000,,
ESTAT:NRG_TI_GAS(1.0),24/03/26 23:00:00,Annual,Natural gas,Russia,Million cubic metres,Malta,1997,0.000,,
ESTAT:NRG_TI_GAS(1.0),24/03/26 23:00:00,Annual,Natural gas,Russia,Million cubic metres,Malta,1998,0.000,,
ESTAT:NRG_TI_GAS(1.0),24/03/26 23:00:00,Annual,Natural gas,Russia,Million cubic metres,Malta,1999,0.000,,
ESTAT:NRG_TI_GAS(1.0),24/03/26 23:00:00,Annual,Natural gas,Russia,Million cubic metres,Malta,2000,0.000,,
ESTAT:NRG_TI_GAS(1.0),24/03/26 23:00:00,Annual,Natural gas,Russia,Million cubic metres,Malta,2001,0.000,,
ESTAT:NRG_TI_GAS(1.0),24/03/26 23:00:00,Annual,Natural gas,Russia,Million cubic metres,Malta,2002,0.000,,
ESTAT:NRG_TI_GAS(1.0),24/03/26 23:00:00,Annual,Natural gas,Russia,Million cubic metres,Malta,2003,0.000,,
ESTAT:NRG_TI_GAS(1.0),24/03/26 23:00:00,Annual,Natural gas,Russia,Million cubic metres,Malta,2004,0.000,,
ESTAT:NRG_TI_GAS(1.0),24/03/26 23:00:00,Annual,Natural gas,Russia,Million cubic metres,Malta,2005,0.000,,
ESTAT:NRG_TI_GAS(1.0),24/03/26 23:00:00,Annual,Natural gas,Russia,Million cubic metres,Malta,2006,0.000,,
ESTAT:NRG_TI_GAS(1.0),24/03/26 23:00:00,Annual,Natural gas,Russia,Million cubic metres,Malta,2007,0.000,,
ESTAT:NRG_TI_GAS(1.0),24/03/26 23:00:00,Annual,Natural gas,Russia,Million cubic metres,Malta,2008,0.000,,
ESTAT:NRG_TI_GAS(1.0),24/03/26 23:00:00,Annual,Natural gas,Russia,Million cubic metres,Malta,2009,0.000,,
ESTAT:NRG_TI_GAS(1.0),24/03/26 23:00:00,Annual,Natural gas,Russia,Million cubic metres,Malta,2010,0.000,,
ESTAT:NRG_TI_GAS(1.0),24/03/26 23:00:00,Annual,Natural gas,Russia,Million cubic metres,Malta,2011,0.000,,
ESTAT:NRG_TI_GAS(1.0),24/03/26 23:00:00,Annual,Natural gas,Russia,Million cubic metres,Malta,2012,0.000,,
ESTAT:NRG_TI_GAS(1.0),24/03/26 23:00:00,Annual,Natural gas,Russia,Million cubic metres,Malta,2013,0.000,,
ESTAT:NRG_TI_GAS(1.0),24/03/26 23:00:00,Annual,Natural gas,Russia,Million cubic metres,Malta,2014,0.000,,
ESTAT:NRG_TI_GAS(1.0),24/03/26 23:00:00,Annual,Natural gas,Russia,Million cubic metres,Malta,2015,0.000,,
ESTAT:NRG_TI_GAS(1.0),24/03/26 23:00:00,Annual,Natural gas,Russia,Million cubic metres,Malta,2016,0.000,,
ESTAT:NRG_TI_GAS(1.0),24/03/26 23:00:00,Annual,Natural gas,Russia,Million cubic metres,Malta,2017,0.000,,
ESTAT:NRG_TI_GAS(1.0),24/03/26 23:00:00,Annual,Natural gas,Russia,Million cubic metres,Malta,2018,0.000,,
ESTAT:NRG_TI_GAS(1.0),24/03/26 23:00:00,Annual,Natural gas,Russia,Million cubic metres,Malta,2019,0.000,,
ESTAT:NRG_TI_GAS(1.0),24/03/26 23:00:00,Annual,Natural gas,Russia,Million cubic metres,Malta,2020,0.000,,
ESTAT:NRG_TI_GAS(1.0),24/03/26 23:00:00,Annual,Natural gas,Russia,Million cubic metres,Malta,2021,0.000,,
ESTAT:NRG_TI_GAS(1.0),24/03/26 23:00:00,Annual,Natural gas,Russia,Million cubic metres,Malta,2022,0.000,,
ESTAT:NRG_TI_GAS(1.0),24/03/26 23:00:00,Annual,Natural gas,Russia,Million cubic metres,Malta,2023,0.000,,
ESTAT:NRG_TI_GAS(1.0),24/03/26 23:00:00,Annual,Natural gas,Russia,Million cubic metres,Malta,2024,0.000,,
ESTAT:NRG_TI_GAS(1.0),24/03/26 23:00:00,Annual,Natural gas,Russia,Million cubic metres,Netherlands,1990,0.000,,
ESTAT:NRG_TI_GAS(1.0),24/03/26 23:00:00,Annual,Natural gas,Russia,Million cubic metres,Netherlands,1991,0.000,,
ESTAT:NRG_TI_GAS(1.0),24/03/26 23:00:00,Annual,Natural gas,Russia,Million cubic metres,Netherlands,1992,0.000,,
ESTAT:NRG_TI_GAS(1.0),24/03/26 23:00:00,Annual,Natural gas,Russia,Million cubic metres,Netherlands,1993,0.000,,
ESTAT:NRG_TI_GAS(1.0),24/03/26 23:00:00,Annual,Natural gas,Russia,Million cubic metres,Netherlands,1994,0.000,,
ESTAT:NRG_TI_GAS(1.0),24/03/26 23:00:00,Annual,Natural gas,Russia,Million cubic metres,Netherlands,1995,0.000,,
ESTAT:NRG_TI_GAS(1.0),24/03/26 23:00:00,Annual,Natural gas,Russia,Million cubic metres,Netherlands,1996,0.000,,
ESTAT:NRG_TI_GAS(1.0),24/03/26 23:00:00,Annual,Natural gas,Russia,Million cubic metres,Netherlands,1997,0.000,,
ESTAT:NRG_TI_GAS(1.0),24/03/26 23:00:00,Annual,Natural gas,Russia,Million cubic metres,Netherlands,1998,0.000,,
ESTAT:NRG_TI_GAS(1.0),24/03/26 23:00:00,Annual,Natural gas,Russia,Million cubic metres,Netherlands,1999,0.000,,
ESTAT:NRG_TI_GAS(1.0),24/03/26 23:00:00,Annual,Natural gas,Russia,Million cubic metres,Netherlands,2000,0.000,,
ESTAT:NRG_TI_GAS(1.0),24/03/26 23:00:00,Annual,Natural gas,Russia,Million cubic metres,Netherlands,2001,0.000,,
ESTAT:NRG_TI_GAS(1.0),24/03/26 23:00:00,Annual,Natural gas,Russia,Million cubic metres,Netherlands,2002,0.000,,
ESTAT:NRG_TI_GAS(1.0),24/03/26 23:00:00,Annual,Natural gas,Russia,Million cubic metres,Netherlands,2003,0.000,,
ESTAT:NRG_TI_GAS(1.0),24/03/26 23:00:00,Annual,Natural gas,Russia,Million cubic metres,Netherlands,2004,0.000,,
ESTAT:NRG_TI_GAS(1.0),24/03/26 23:00:00,Annual,Natural gas,Russia,Million cubic metres,Netherlands,2005,4431.000,,
ESTAT:NRG_TI_GAS(1.0),24/03/26 23:00:00,Annual,Natural gas,Russia,Million cubic metres,Netherlands,2006,5064.000,,
ESTAT:NRG_TI_GAS(1.0),24/03/26 23:00:00,Annual,Natural gas,Russia,Million cubic metres,Netherlands,2007,4747.000,,
ESTAT:NRG_TI_GAS(1.0),24/03/26 23:00:00,Annual,Natural gas,Russia,Million cubic metres,Netherlands,2008,5161.000,,
ESTAT:NRG_TI_GAS(1.0),24/03/26 23:00:00,Annual,Natural gas,Russia,Million cubic metres,Netherlands,2009,3627.000,,
ESTAT:NRG_TI_GAS(1.0),24/03/26 23:00:00,Annual,Natural gas,Russia,Million cubic metres,Netherlands,2010,4039.000,,
ESTAT:NRG_TI_GAS(1.0),24/03/26 23:00:00,Annual,Natural gas,Russia,Million cubic metres,Netherlands,2011,2022.000,,
ESTAT:NRG_TI_GAS(1.0),24/03/26 23:00:00,Annual,Natural gas,Russia,Million cubic metres,Netherlands,2012,2931.000,,
ESTAT:NRG_TI_GAS(1.0),24/03/26 23:00:00,Annual,Natural gas,Russia,Million cubic metres,Netherlands,2013,4291.000,,
ESTAT:NRG_TI_GAS(1.0),24/03/26 23:00:00,Annual,Natural gas,Russia,Million cubic metres,Netherlands,2014,6406.000,,
ESTAT:NRG_TI_GAS(1.0),24/03/26 23:00:00,Annual,Natural gas,Russia,Million cubic metres,Netherlands,2015,9608.223,,
ESTAT:NRG_TI_GAS(1.0),24/03/26 23:00:00,Annual,Natural gas,Russia,Million cubic metres,Netherlands,2016,15134.702,,
ESTAT:NRG_TI_GAS(1.0),24/03/26 23:00:00,Annual,Natural gas,Russia,Million cubic metres,Netherlands,2017,7627.252,,
ESTAT:NRG_TI_GAS(1.0),24/03/26 23:00:00,Annual,Natural gas,Russia,Million cubic metres,Netherlands,2018,14054.544,,
ESTAT:NRG_TI_GAS(1.0),24/03/26 23:00:00,Annual,Natural gas,Russia,Million cubic metres,Netherlands,2019,14328.504,,
ESTAT:NRG_TI_GAS(1.0),24/03/26 23:00:00,Annual,Natural gas,Russia,Million cubic metres,Netherlands,2020,13384.845,,
ESTAT:NRG_TI_GAS(1.0),24/03/26 23:00:00,Annual,Natural gas,Russia,Million cubic metres,Netherlands,2021,9176.732,,
ESTAT:NRG_TI_GAS(1.0),24/03/26 23:00:00,Annual,Natural gas,Russia,Million cubic metres,Netherlands,2022,3910.000,,
ESTAT:NRG_TI_GAS(1.0),24/03/26 23:00:00,Annual,Natural gas,Russia,Million cubic metres,Netherlands,2023,1357.909,,
ESTAT:NRG_TI_GAS(1.0),24/03/26 23:00:00,Annual,Natural gas,Russia,Million cubic metres,Netherlands,2024,2127.053,,
ESTAT:NRG_TI_GAS(1.0),24/03/26 23:00:00,Annual,Natural gas,Russia,Million cubic metres,Norway,1990,0.000,,
ESTAT:NRG_TI_GAS(1.0),24/03/26 23:00:00,Annual,Natural gas,Russia,Million cubic metres,Norway,1991,0.000,,
ESTAT:NRG_TI_GAS(1.0),24/03/26 23:00:00,Annual,Natural gas,Russia,Million cubic metres,Norway,1992,0.000,,
ESTAT:NRG_TI_GAS(1.0),24/03/26 23:00:00,Annual,Natural gas,Russia,Million cubic metres,Norway,1993,0.000,,
ESTAT:NRG_TI_GAS(1.0),24/03/26 23:00:00,Annual,Natural gas,Russia,Million cubic metres,Norway,1994,0.000,,
ESTAT:NRG_TI_GAS(1.0),24/03/26 23:00:00,Annual,Natural gas,Russia,Million cubic metres,Norway,1995,0.000,,
ESTAT:NRG_TI_GAS(1.0),24/03/26 23:00:00,Annual,Natural gas,Russia,Million cubic metres,Norway,1996,0.000,,
ESTAT:NRG_TI_GAS(1.0),24/03/26 23:00:00,Annual,Natural gas,Russia,Million cubic metres,Norway,1997,0.000,,
ESTAT:NRG_TI_GAS(1.0),24/03/26 23:00:00,Annual,Natural gas,Russia,Million cubic metres,Norway,1998,0.000,,
ESTAT:NRG_TI_GAS(1.0),24/03/26 23:00:00,Annual,Natural gas,Russia,Million cubic metres,Norway,1999,0.000,,
ESTAT:NRG_TI_GAS(1.0),24/03/26 23:00:00,Annual,Natural gas,Russia,Million cubic metres,Norway,2000,0.000,,
ESTAT:NRG_TI_GAS(1.0),24/03/26 23:00:00,Annual,Natural gas,Russia,Million cubic metres,Norway,2001,0.000,,
ESTAT:NRG_TI_GAS(1.0),24/03/26 23:00:00,Annual,Natural gas,Russia,Million cubic metres,Norway,2002,0.000,,
ESTAT:NRG_TI_GAS(1.0),24/03/26 23:00:00,Annual,Natural gas,Russia,Million cubic metres,Norway,2003,0.000,,
ESTAT:NRG_TI_GAS(1.0),24/03/26 23:00:00,Annual,Natural gas,Russia,Million cubic metres,Norway,2004,0.000,,
ESTAT:NRG_TI_GAS(1.0),24/03/26 23:00:00,Annual,Natural gas,Russia,Million cubic metres,Norway,2005,0.000,,
ESTAT:NRG_TI_GAS(1.0),24/03/26 23:00:00,Annual,Natural gas,Russia,Million cubic metres,Norway,2006,0.000,,
ESTAT:NRG_TI_GAS(1.0),24/03/26 23:00:00,Annual,Natural gas,Russia,Million cubic metres,Norway,2007,0.000,,
ESTAT:NRG_TI_GAS(1.0),24/03/26 23:00:00,Annual,Natural gas,Russia,Million cubic metres,Norway,2008,0.000,,
ESTAT:NRG_TI_GAS(1.0),24/03/26 23:00:00,Annual,Natural gas,Russia,Million cubic metres,Norway,2009,0.000,,
ESTAT:NRG_TI_GAS(1.0),24/03/26 23:00:00,Annual,Natural gas,Russia,Million cubic metres,Norway,2010,0.000,,
ESTAT:NRG_TI_GAS(1.0),24/03/26 23:00:00,Annual,Natural gas,Russia,Million cubic metres,Norway,2011,0.000,,
ESTAT:NRG_TI_GAS(1.0),24/03/26 23:00:00,Annual,Natural gas,Russia,Million cubic metres,Norway,2012,0.000,,
ESTAT:NRG_TI_GAS(1.0),24/03/26 23:00:00,Annual,Natural gas,Russia,Million cubic metres,Norway,2013,0.000,,
ESTAT:NRG_TI_GAS(1.0),24/03/26 23:00:00,Annual,Natural gas,Russia,Million cubic metres,Norway,2014,0.000,,
ESTAT:NRG_TI_GAS(1.0),24/03/26 23:00:00,Annual,Natural gas,Russia,Million cubic metres,Norway,2015,0.000,,
ESTAT:NRG_TI_GAS(1.0),24/03/26 23:00:00,Annual,Natural gas,Russia,Million cubic metres,Norway,2016,0.000,,
ESTAT:NRG_TI_GAS(1.0),24/03/26 23:00:00,Annual,Natural gas,Russia,Million cubic metres,Norway,2017,0.000,,
ESTAT:NRG_TI_GAS(1.0),24/03/26 23:00:00,Annual,Natural gas,Russia,Million cubic metres,Norway,2018,0.000,,
ESTAT:NRG_TI_GAS(1.0),24/03/26 23:00:00,Annual,Natural gas,Russia,Million cubic metres,Norway,2019,0.000,,
ESTAT:NRG_TI_GAS(1.0),24/03/26 23:00:00,Annual,Natural gas,Russia,Million cubic metres,Norway,2020,10.132,,
ESTAT:NRG_TI_GAS(1.0),24/03/26 23:00:00,Annual,Natural gas,Russia,Million cubic metres,Norway,2021,128.174,,
ESTAT:NRG_TI_GAS(1.0),24/03/26 23:00:00,Annual,Natural gas,Russia,Million cubic metres,Norway,2022,43.874,,
ESTAT:NRG_TI_GAS(1.0),24/03/26 23:00:00,Annual,Natural gas,Russia,Million cubic metres,Norway,2023,58.251,,
ESTAT:NRG_TI_GAS(1.0),24/03/26 23:00:00,Annual,Natural gas,Russia,Million cubic metres,Norway,2024,18.617,,
ESTAT:NRG_TI_GAS(1.0),24/03/26 23:00:00,Annual,Natural gas,Russia,Million cubic metres,Poland,1990,8266.000,,
ESTAT:NRG_TI_GAS(1.0),24/03/26 23:00:00,Annual,Natural gas,Russia,Million cubic metres,Poland,1991,6978.000,,
ESTAT:NRG_TI_GAS(1.0),24/03/26 23:00:00,Annual,Natural gas,Russia,Million cubic metres,Poland,1992,6521.000,,
ESTAT:NRG_TI_GAS(1.0),24/03/26 23:00:00,Annual,Natural gas,Russia,Million cubic metres,Poland,1993,5702.000,,
ESTAT:NRG_TI_GAS(1.0),24/03/26 23:00:00,Annual,Natural gas,Russia,Million cubic metres,Poland,1994,6099.000,,
ESTAT:NRG_TI_GAS(1.0),24/03/26 23:00:00,Annual,Natural gas,Russia,Million cubic metres,Poland,1995,7076.000,,
ESTAT:NRG_TI_GAS(1.0),24/03/26 23:00:00,Annual,Natural gas,Russia,Million cubic metres,Poland,1996,7014.000,,
ESTAT:NRG_TI_GAS(1.0),24/03/26 23:00:00,Annual,Natural gas,Russia,Million cubic metres,Poland,1997,6636.000,,
ESTAT:NRG_TI_GAS(1.0),24/03/26 23:00:00,Annual,Natural gas,Russia,Million cubic metres,Poland,1998,7615.000,,
ESTAT:NRG_TI_GAS(1.0),24/03/26 23:00:00,Annual,Natural gas,Russia,Million cubic metres,Poland,1999,5988.000,,
ESTAT:NRG_TI_GAS(1.0),24/03/26 23:00:00,Annual,Natural gas,Russia,Million cubic metres,Poland,2000,6564.000,,
ESTAT:NRG_TI_GAS(1.0),24/03/26 23:00:00,Annual,Natural gas,Russia,Million cubic metres,Poland,2001,7319.000,,
ESTAT:NRG_TI_GAS(1.0),24/03/26 23:00:00,Annual,Natural gas,Russia,Million cubic metres,Poland,2002,7060.000,,
ESTAT:NRG_TI_GAS(1.0),24/03/26 23:00:00,Annual,Natural gas,Russia,Million cubic metres,Poland,2003,7232.000,,
ESTAT:NRG_TI_GAS(1.0),24/03/26 23:00:00,Annual,Natural gas,Russia,Million cubic metres,Poland,2004,6223.000,,
ESTAT:NRG_TI_GAS(1.0),24/03/26 23:00:00,Annual,Natural gas,Russia,Million cubic metres,Poland,2005,6905.000,,
ESTAT:NRG_TI_GAS(1.0),24/03/26 23:00:00,Annual,Natural gas,Russia,Million cubic metres,Poland,2006,7525.000,,
ESTAT:NRG_TI_GAS(1.0),24/03/26 23:00:00,Annual,Natural gas,Russia,Million cubic metres,Poland,2007,6855.000,,
ESTAT:NRG_TI_GAS(1.0),24/03/26 23:00:00,Annual,Natural gas,Russia,Million cubic metres,Poland,2008,7783.000,,
ESTAT:NRG_TI_GAS(1.0),24/03/26 23:00:00,Annual,Natural gas,Russia,Million cubic metres,Poland,2009,8166.000,,
ESTAT:NRG_TI_GAS(1.0),24/03/26 23:00:00,Annual,Natural gas,Russia,Million cubic metres,Poland,2010,9756.000,,
ESTAT:NRG_TI_GAS(1.0),24/03/26 23:00:00,Annual,Natural gas,Russia,Million cubic metres,Poland,2011,10076.000,,
ESTAT:NRG_TI_GAS(1.0),24/03/26 23:00:00,Annual,Natural gas,Russia,Million cubic metres,Poland,2012,9774.000,,
ESTAT:NRG_TI_GAS(1.0),24/03/26 23:00:00,Annual,Natural gas,Russia,Million cubic metres,Poland,2013,9621.000,,
ESTAT:NRG_TI_GAS(1.0),24/03/26 23:00:00,Annual,Natural gas,Russia,Million cubic metres,Poland,2014,8947.000,,
ESTAT:NRG_TI_GAS(1.0),24/03/26 23:00:00,Annual,Natural gas,Russia,Million cubic metres,Poland,2015,8786.000,,
ESTAT:NRG_TI_GAS(1.0),24/03/26 23:00:00,Annual,Natural gas,Russia,Million cubic metres,Poland,2016,10902.000,,
ESTAT:NRG_TI_GAS(1.0),24/03/26 23:00:00,Annual,Natural gas,Russia,Million cubic metres,Poland,2017,10316.949,,
ESTAT:NRG_TI_GAS(1.0),24/03/26 23:00:00,Annual,Natural gas,Russia,Million cubic metres,Poland,2018,9717.426,,
ESTAT:NRG_TI_GAS(1.0),24/03/26 23:00:00,Annual,Natural gas,Russia,Million cubic metres,Poland,2019,9602.542,,
ESTAT:NRG_TI_GAS(1.0),24/03/26 23:00:00,Annual,Natural gas,Russia,Million cubic metres,Poland,2020,9557.538,,
ESTAT:NRG_TI_GAS(1.0),24/03/26 23:00:00,Annual,Natural gas,Russia,Million cubic metres,Poland,2021,10468.222,,
ESTAT:NRG_TI_GAS(1.0),24/03/26 23:00:00,Annual,Natural gas,Russia,Million cubic metres,Poland,2022,2986.300,,
ESTAT:NRG_TI_GAS(1.0),24/03/26 23:00:00,Annual,Natural gas,Russia,Million cubic metres,Poland,2023,0.000,,
ESTAT:NRG_TI_GAS(1.0),24/03/26 23:00:00,Annual,Natural gas,Russia,Million cubic metres,Poland,2024,0.000,,
ESTAT:NRG_TI_GAS(1.0),24/03/26 23:00:00,Annual,Natural gas,Russia,Million cubic metres,Portugal,1990,0.000,,
ESTAT:NRG_TI_GAS(1.0),24/03/26 23:00:00,Annual,Natural gas,Russia,Million cubic metres,Portugal,1991,0.000,,
ESTAT:NRG_TI_GAS(1.0),24/03/26 23:00:00,Annual,Natural gas,Russia,Million cubic metres,Portugal,1992,0.000,,
ESTAT:NRG_TI_GAS(1.0),24/03/26 23:00:00,Annual,Natural gas,Russia,Million cubic metres,Portugal,1993,0.000,,
ESTAT:NRG_TI_GAS(1.0),24/03/26 23:00:00,Annual,Natural gas,Russia,Million cubic metres,Portugal,1994,0.000,,
ESTAT:NRG_TI_GAS(1.0),24/03/26 23:00:00,Annual,Natural gas,Russia,Million cubic metres,Portugal,1995,0.000,,
ESTAT:NRG_TI_GAS(1.0),24/03/26 23:00:00,Annual,Natural gas,Russia,Million cubic metres,Portugal,1996,0.000,,
ESTAT:NRG_TI_GAS(1.0),24/03/26 23:00:00,Annual,Natural gas,Russia,Million cubic metres,Portugal,1997,0.000,,
ESTAT:NRG_TI_GAS(1.0),24/03/26 23:00:00,Annual,Natural gas,Russia,Million cubic metres,Portugal,1998,0.000,,
ESTAT:NRG_TI_GAS(1.0),24/03/26 23:00:00,Annual,Natural gas,Russia,Million cubic metres,Portugal,1999,0.000,,
ESTAT:NRG_TI_GAS(1.0),24/03/26 23:00:00,Annual,Natural gas,Russia,Million cubic metres,Portugal,2000,0.000,,
ESTAT:NRG_TI_GAS(1.0),24/03/26 23:00:00,Annual,Natural gas,Russia,Million cubic metres,Portugal,2001,0.000,,
ESTAT:NRG_TI_GAS(1.0),24/03/26 23:00:00,Annual,Natural gas,Russia,Million cubic metres,Portugal,2002,0.000,,
ESTAT:NRG_TI_GAS(1.0),24/03/26 23:00:00,Annual,Natural gas,Russia,Million cubic metres,Portugal,2003,0.000,,
ESTAT:NRG_TI_GAS(1.0),24/03/26 23:00:00,Annual,Natural gas,Russia,Million cubic metres,Portugal,2004,0.000,,
ESTAT:NRG_TI_GAS(1.0),24/03/26 23:00:00,Annual,Natural gas,Russia,Million cubic metres,Portugal,2005,0.000,,
ESTAT:NRG_TI_GAS(1.0),24/03/26 23:00:00,Annual,Natural gas,Russia,Million cubic metres,Portugal,2006,0.000,,
ESTAT:NRG_TI_GAS(1.0),24/03/26 23:00:00,Annual,Natural gas,Russia,Million cubic metres,Portugal,2007,0.000,,
ESTAT:NRG_TI_GAS(1.0),24/03/26 23:00:00,Annual,Natural gas,Russia,Million cubic metres,Portugal,2008,0.000,,
ESTAT:NRG_TI_GAS(1.0),24/03/26 23:00:00,Annual,Natural gas,Russia,Million cubic metres,Portugal,2009,0.000,,
ESTAT:NRG_TI_GAS(1.0),24/03/26 23:00:00,Annual,Natural gas,Russia,Million cubic metres,Portugal,2010,0.000,,
ESTAT:NRG_TI_GAS(1.0),24/03/26 23:00:00,Annual,Natural gas,Russia,Million cubic metres,Portugal,2011,0.000,,
ESTAT:NRG_TI_GAS(1.0),24/03/26 23:00:00,Annual,Natural gas,Russia,Million cubic metres,Portugal,2012,0.000,,
ESTAT:NRG_TI_GAS(1.0),24/03/26 23:00:00,Annual,Natural gas,Russia,Million cubic metres,Portugal,2013,0.000,,
ESTAT:NRG_TI_GAS(1.0),24/03/26 23:00:00,Annual,Natural gas,Russia,Million cubic metres,Portugal,2014,0.000,,
ESTAT:NRG_TI_GAS(1.0),24/03/26 23:00:00,Annual,Natural gas,Russia,Million cubic metres,Portugal,2015,0.000,,
ESTAT:NRG_TI_GAS(1.0),24/03/26 23:00:00,Annual,Natural gas,Russia,Million cubic metres,Portugal,2016,0.000,,
ESTAT:NRG_TI_GAS(1.0),24/03/26 23:00:00,Annual,Natural gas,Russia,Million cubic metres,Portugal,2017,0.000,,
ESTAT:NRG_TI_GAS(1.0),24/03/26 23:00:00,Annual,Natural gas,Russia,Million cubic metres,Portugal,2018,0.000,,
ESTAT:NRG_TI_GAS(1.0),24/03/26 23:00:00,Annual,Natural gas,Russia,Million cubic metres,Portugal,2019,97.142,,
ESTAT:NRG_TI_GAS(1.0),24/03/26 23:00:00,Annual,Natural gas,Russia,Million cubic metres,Portugal,2020,669.783,,
ESTAT:NRG_TI_GAS(1.0),24/03/26 23:00:00,Annual,Natural gas,Russia,Million cubic metres,Portugal,2021,780.145,,
ESTAT:NRG_TI_GAS(1.0),24/03/26 23:00:00,Annual,Natural gas,Russia,Million cubic metres,Portugal,2022,298.711,,
ESTAT:NRG_TI_GAS(1.0),24/03/26 23:00:00,Annual,Natural gas,Russia,Million cubic metres,Portugal,2023,366.640,,
ESTAT:NRG_TI_GAS(1.0),24/03/26 23:00:00,Annual,Natural gas,Russia,Million cubic metres,Portugal,2024,246.067,,
ESTAT:NRG_TI_GAS(1.0),24/03/26 23:00:00,Annual,Natural gas,Russia,Million cubic metres,Romania,1990,7331.000,,
ESTAT:NRG_TI_GAS(1.0),24/03/26 23:00:00,Annual,Natural gas,Russia,Million cubic metres,Romania,1991,4626.000,,
ESTAT:NRG_TI_GAS(1.0),24/03/26 23:00:00,Annual,Natural gas,Russia,Million cubic metres,Romania,1992,4452.000,,
ESTAT:NRG_TI_GAS(1.0),24/03/26 23:00:00,Annual,Natural gas,Russia,Million cubic metres,Romania,1993,4493.000,,
ESTAT:NRG_TI_GAS(1.0),24/03/26 23:00:00,Annual,Natural gas,Russia,Million cubic metres,Romania,1994,4641.000,,
ESTAT:NRG_TI_GAS(1.0),24/03/26 23:00:00,Annual,Natural gas,Russia,Million cubic metres,Romania,1995,5958.000,,
ESTAT:NRG_TI_GAS(1.0),24/03/26 23:00:00,Annual,Natural gas,Russia,Million cubic metres,Romania,1996,7026.000,,
ESTAT:NRG_TI_GAS(1.0),24/03/26 23:00:00,Annual,Natural gas,Russia,Million cubic metres,Romania,1997,5007.000,,
ESTAT:NRG_TI_GAS(1.0),24/03/26 23:00:00,Annual,Natural gas,Russia,Million cubic metres,Romania,1998,4736.000,,
ESTAT:NRG_TI_GAS(1.0),24/03/26 23:00:00,Annual,Natural gas,Russia,Million cubic metres,Romania,1999,3153.000,,
ESTAT:NRG_TI_GAS(1.0),24/03/26 23:00:00,Annual,Natural gas,Russia,Million cubic metres,Romania,2000,3370.000,,
ESTAT:NRG_TI_GAS(1.0),24/03/26 23:00:00,Annual,Natural gas,Russia,Million cubic metres,Romania,2001,2879.000,,
ESTAT:NRG_TI_GAS(1.0),24/03/26 23:00:00,Annual,Natural gas,Russia,Million cubic metres,Romania,2002,3772.000,,
ESTAT:NRG_TI_GAS(1.0),24/03/26 23:00:00,Annual,Natural gas,Russia,Million cubic metres,Romania,2003,4786.000,,
ESTAT:NRG_TI_GAS(1.0),24/03/26 23:00:00,Annual,Natural gas,Russia,Million cubic metres,Romania,2004,5129.000,,
ESTAT:NRG_TI_GAS(1.0),24/03/26 23:00:00,Annual,Natural gas,Russia,Million cubic metres,Romania,2005,5259.000,,
ESTAT:NRG_TI_GAS(1.0),24/03/26 23:00:00,Annual,Natural gas,Russia,Million cubic metres,Romania,2006,5650.000,,
ESTAT:NRG_TI_GAS(1.0),24/03/26 23:00:00,Annual,Natural gas,Russia,Million cubic metres,Romania,2007,4428.000,,
ESTAT:NRG_TI_GAS(1.0),24/03/26 23:00:00,Annual,Natural gas,Russia,Million cubic metres,Romania,2008,4321.000,,
ESTAT:NRG_TI_GAS(1.0),24/03/26 23:00:00,Annual,Natural gas,Russia,Million cubic metres,Romania,2009,1979.000,,
ESTAT:NRG_TI_GAS(1.0),24/03/26 23:00:00,Annual,Natural gas,Russia,Million cubic metres,Romania,2010,2230.000,,
ESTAT:NRG_TI_GAS(1.0),24/03/26 23:00:00,Annual,Natural gas,Russia,Million cubic metres,Romania,2011,2659.000,,
ESTAT:NRG_TI_GAS(1.0),24/03/26 23:00:00,Annual,Natural gas,Russia,Million cubic metres,Romania,2012,2469.000,,
ESTAT:NRG_TI_GAS(1.0),24/03/26 23:00:00,Annual,Natural gas,Russia,Million cubic metres,Romania,2013,1341.000,,
ESTAT:NRG_TI_GAS(1.0),24/03/26 23:00:00,Annual,Natural gas,Russia,Million cubic metres,Romania,2014,521.000,,
ESTAT:NRG_TI_GAS(1.0),24/03/26 23:00:00,Annual,Natural gas,Russia,Million cubic metres,Romania,2015,183.000,,
ESTAT:NRG_TI_GAS(1.0),24/03/26 23:00:00,Annual,Natural gas,Russia,Million cubic metres,Romania,2016,1460.000,,
ESTAT:NRG_TI_GAS(1.0),24/03/26 23:00:00,Annual,Natural gas,Russia,Million cubic metres,Romania,2017,1183.094,,
ESTAT:NRG_TI_GAS(1.0),24/03/26 23:00:00,Annual,Natural gas,Russia,Million cubic metres,Romania,2018,1315.183,,
ESTAT:NRG_TI_GAS(1.0),24/03/26 23:00:00,Annual,Natural gas,Russia,Million cubic metres,Romania,2019,989.592,,
ESTAT:NRG_TI_GAS(1.0),24/03/26 23:00:00,Annual,Natural gas,Russia,Million cubic metres,Romania,2020,959.883,,
ESTAT:NRG_TI_GAS(1.0),24/03/26 23:00:00,Annual,Natural gas,Russia,Million cubic metres,Romania,2021,2765.944,,
ESTAT:NRG_TI_GAS(1.0),24/03/26 23:00:00,Annual,Natural gas,Russia,Million cubic metres,Romania,2022,365.493,,
ESTAT:NRG_TI_GAS(1.0),24/03/26 23:00:00,Annual,Natural gas,Russia,Million cubic metres,Romania,2023,0.000,,
ESTAT:NRG_TI_GAS(1.0),24/03/26 23:00:00,Annual,Natural gas,Russia,Million cubic metres,Romania,2024,0.000,,
ESTAT:NRG_TI_GAS(1.0),24/03/26 23:00:00,Annual,Natural gas,Russia,Million cubic metres,Serbia,1990,2542.000,,
ESTAT:NRG_TI_GAS(1.0),24/03/26 23:00:00,Annual,Natural gas,Russia,Million cubic metres,Serbia,1991,2339.000,,
ESTAT:NRG_TI_GAS(1.0),24/03/26 23:00:00,Annual,Natural gas,Russia,Million cubic metres,Serbia,1992,1941.000,,
ESTAT:NRG_TI_GAS(1.0),24/03/26 23:00:00,Annual,Natural gas,Russia,Million cubic metres,Serbia,1993,892.000,,
ESTAT:NRG_TI_GAS(1.0),24/03/26 23:00:00,Annual,Natural gas,Russia,Million cubic metres,Serbia,1994,650.000,,
ESTAT:NRG_TI_GAS(1.0),24/03/26 23:00:00,Annual,Natural gas,Russia,Million cubic metres,Serbia,1995,828.000,,
ESTAT:NRG_TI_GAS(1.0),24/03/26 23:00:00,Annual,Natural gas,Russia,Million cubic metres,Serbia,1996,1852.000,,
ESTAT:NRG_TI_GAS(1.0),24/03/26 23:00:00,Annual,Natural gas,Russia,Million cubic metres,Serbia,1997,2065.000,,
ESTAT:NRG_TI_GAS(1.0),24/03/26 23:00:00,Annual,Natural gas,Russia,Million cubic metres,Serbia,1998,1794.000,,
ESTAT:NRG_TI_GAS(1.0),24/03/26 23:00:00,Annual,Natural gas,Russia,Million cubic metres,Serbia,1999,1072.000,,
ESTAT:NRG_TI_GAS(1.0),24/03/26 23:00:00,Annual,Natural gas,Russia,Million cubic metres,Serbia,2000,1122.000,,
ESTAT:NRG_TI_GAS(1.0),24/03/26 23:00:00,Annual,Natural gas,Russia,Million cubic metres,Serbia,2001,1575.000,,
ESTAT:NRG_TI_GAS(1.0),24/03/26 23:00:00,Annual,Natural gas,Russia,Million cubic metres,Serbia,2002,1698.000,,
ESTAT:NRG_TI_GAS(1.0),24/03/26 23:00:00,Annual,Natural gas,Russia,Million cubic metres,Serbia,2003,1882.000,,
ESTAT:NRG_TI_GAS(1.0),24/03/26 23:00:00,Annual,Natural gas,Russia,Million cubic metres,Serbia,2004,2536.000,,
ESTAT:NRG_TI_GAS(1.0),24/03/26 23:00:00,Annual,Natural gas,Russia,Million cubic metres,Serbia,2005,2120.000,,
ESTAT:NRG_TI_GAS(1.0),24/03/26 23:00:00,Annual,Natural gas,Russia,Million cubic metres,Serbia,2006,2167.000,,
ESTAT:NRG_TI_GAS(1.0),24/03/26 23:00:00,Annual,Natural gas,Russia,Million cubic metres,Serbia,2007,2232.000,,
ESTAT:NRG_TI_GAS(1.0),24/03/26 23:00:00,Annual,Natural gas,Russia,Million cubic metres,Serbia,2008,2177.000,,
ESTAT:NRG_TI_GAS(1.0),24/03/26 23:00:00,Annual,Natural gas,Russia,Million cubic metres,Serbia,2009,1565.000,,
ESTAT:NRG_TI_GAS(1.0),24/03/26 23:00:00,Annual,Natural gas,Russia,Million cubic metres,Serbia,2010,1766.000,,
ESTAT:NRG_TI_GAS(1.0),24/03/26 23:00:00,Annual,Natural gas,Russia,Million cubic metres,Serbia,2011,1478.000,,
ESTAT:NRG_TI_GAS(1.0),24/03/26 23:00:00,Annual,Natural gas,Russia,Million cubic metres,Serbia,2012,976.000,,
ESTAT:NRG_TI_GAS(1.0),24/03/26 23:00:00,Annual,Natural gas,Russia,Million cubic metres,Serbia,2013,1158.000,,
ESTAT:NRG_TI_GAS(1.0),24/03/26 23:00:00,Annual,Natural gas,Russia,Million cubic metres,Serbia,2014,1395.000,,
ESTAT:NRG_TI_GAS(1.0),24/03/26 23:00:00,Annual,Natural gas,Russia,Million cubic metres,Serbia,2015,1740.000,,
ESTAT:NRG_TI_GAS(1.0),24/03/26 23:00:00,Annual,Natural gas,Russia,Million cubic metres,Serbia,2016,1795.000,,
ESTAT:NRG_TI_GAS(1.0),24/03/26 23:00:00,Annual,Natural gas,Russia,Million cubic metres,Serbia,2017,2182.632,,
ESTAT:NRG_TI_GAS(1.0),24/03/26 23:00:00,Annual,Natural gas,Russia,Million cubic metres,Serbia,2018,2198.330,,
ESTAT:NRG_TI_GAS(1.0),24/03/26 23:00:00,Annual,Natural gas,Russia,Million cubic metres,Serbia,2019,2262.610,,
ESTAT:NRG_TI_GAS(1.0),24/03/26 23:00:00,Annual,Natural gas,Russia,Million cubic metres,Serbia,2020,1989.886,,
ESTAT:NRG_TI_GAS(1.0),24/03/26 23:00:00,Annual,Natural gas,Russia,Million cubic metres,Serbia,2021,2365.051,,
ESTAT:NRG_TI_GAS(1.0),24/03/26 23:00:00,Annual,Natural gas,Russia,Million cubic metres,Serbia,2022,2969.595,,
ESTAT:NRG_TI_GAS(1.0),24/03/26 23:00:00,Annual,Natural gas,Russia,Million cubic metres,Serbia,2023,2657.624,,
ESTAT:NRG_TI_GAS(1.0),24/03/26 23:00:00,Annual,Natural gas,Russia,Million cubic metres,Serbia,2024,2412.376,,
ESTAT:NRG_TI_GAS(1.0),24/03/26 23:00:00,Annual,Natural gas,Russia,Million cubic metres,Sweden,1990,0.000,,
ESTAT:NRG_TI_GAS(1.0),24/03/26 23:00:00,Annual,Natural gas,Russia,Million cubic metres,Sweden,1991,0.000,,
ESTAT:NRG_TI_GAS(1.0),24/03/26 23:00:00,Annual,Natural gas,Russia,Million cubic metres,Sweden,1992,0.000,,
ESTAT:NRG_TI_GAS(1.0),24/03/26 23:00:00,Annual,Natural gas,Russia,Million cubic metres,Sweden,1993,0.000,,
ESTAT:NRG_TI_GAS(1.0),24/03/26 23:00:00,Annual,Natural gas,Russia,Million cubic metres,Sweden,1994,0.000,,
ESTAT:NRG_TI_GAS(1.0),24/03/26 23:00:00,Annual,Natural gas,Russia,Million cubic metres,Sweden,1995,0.000,,
ESTAT:NRG_TI_GAS(1.0),24/03/26 23:00:00,Annual,Natural gas,Russia,Million cubic metres,Sweden,1996,0.000,,
ESTAT:NRG_TI_GAS(1.0),24/03/26 23:00:00,Annual,Natural gas,Russia,Million cubic metres,Sweden,1997,0.000,,
ESTAT:NRG_TI_GAS(1.0),24/03/26 23:00:00,Annual,Natural gas,Russia,Million cubic metres,Sweden,1998,0.000,,
ESTAT:NRG_TI_GAS(1.0),24/03/26 23:00:00,Annual,Natural gas,Russia,Million cubic metres,Sweden,1999,0.000,,
ESTAT:NRG_TI_GAS(1.0),24/03/26 23:00:00,Annual,Natural gas,Russia,Million cubic metres,Sweden,2000,0.000,,
ESTAT:NRG_TI_GAS(1.0),24/03/26 23:00:00,Annual,Natural gas,Russia,Million cubic metres,Sweden,2001,0.000,,
ESTAT:NRG_TI_GAS(1.0),24/03/26 23:00:00,Annual,Natural gas,Russia,Million cubic metres,Sweden,2002,0.000,,
ESTAT:NRG_TI_GAS(1.0),24/03/26 23:00:00,Annual,Natural gas,Russia,Million cubic metres,Sweden,2003,0.000,,
ESTAT:NRG_TI_GAS(1.0),24/03/26 23:00:00,Annual,Natural gas,Russia,Million cubic metres,Sweden,2004,0.000,,
ESTAT:NRG_TI_GAS(1.0),24/03/26 23:00:00,Annual,Natural gas,Russia,Million cubic metres,Sweden,2005,0.000,,
ESTAT:NRG_TI_GAS(1.0),24/03/26 23:00:00,Annual,Natural gas,Russia,Million cubic metres,Sweden,2006,0.000,,
ESTAT:NRG_TI_GAS(1.0),24/03/26 23:00:00,Annual,Natural gas,Russia,Million cubic metres,Sweden,2007,0.000,,
ESTAT:NRG_TI_GAS(1.0),24/03/26 23:00:00,Annual,Natural gas,Russia,Million cubic metres,Sweden,2008,0.000,,
ESTAT:NRG_TI_GAS(1.0),24/03/26 23:00:00,Annual,Natural gas,Russia,Million cubic metres,Sweden,2009,0.000,,
ESTAT:NRG_TI_GAS(1.0),24/03/26 23:00:00,Annual,Natural gas,Russia,Million cubic metres,Sweden,2010,0.000,,
ESTAT:NRG_TI_GAS(1.0),24/03/26 23:00:00,Annual,Natural gas,Russia,Million cubic metres,Sweden,2011,0.000,,
ESTAT:NRG_TI_GAS(1.0),24/03/26 23:00:00,Annual,Natural gas,Russia,Million cubic metres,Sweden,2012,0.000,,
ESTAT:NRG_TI_GAS(1.0),24/03/26 23:00:00,Annual,Natural gas,Russia,Million cubic metres,Sweden,2013,0.000,,
ESTAT:NRG_TI_GAS(1.0),24/03/26 23:00:00,Annual,Natural gas,Russia,Million cubic metres,Sweden,2014,0.000,,
ESTAT:NRG_TI_GAS(1.0),24/03/26 23:00:00,Annual,Natural gas,Russia,Million cubic metres,Sweden,2015,0.000,,
ESTAT:NRG_TI_GAS(1.0),24/03/26 23:00:00,Annual,Natural gas,Russia,Million cubic metres,Sweden,2016,0.000,,
ESTAT:NRG_TI_GAS(1.0),24/03/26 23:00:00,Annual,Natural gas,Russia,Million cubic metres,Sweden,2017,0.000,,
ESTAT:NRG_TI_GAS(1.0),24/03/26 23:00:00,Annual,Natural gas,Russia,Million cubic metres,Sweden,2018,0.000,,
ESTAT:NRG_TI_GAS(1.0),24/03/26 23:00:00,Annual,Natural gas,Russia,Million cubic metres,Sweden,2019,0.000,,
ESTAT:NRG_TI_GAS(1.0),24/03/26 23:00:00,Annual,Natural gas,Russia,Million cubic metres,Sweden,2020,184.303,,
ESTAT:NRG_TI_GAS(1.0),24/03/26 23:00:00,Annual,Natural gas,Russia,Million cubic metres,Sweden,2021,120.242,,
ESTAT:NRG_TI_GAS(1.0),24/03/26 23:00:00,Annual,Natural gas,Russia,Million cubic metres,Sweden,2022,64.889,,
ESTAT:NRG_TI_GAS(1.0),24/03/26 23:00:00,Annual,Natural gas,Russia,Million cubic metres,Sweden,2023,117.602,,
ESTAT:NRG_TI_GAS(1.0),24/03/26 23:00:00,Annual,Natural gas,Russia,Million cubic metres,Sweden,2024,61.990,,
ESTAT:NRG_TI_GAS(1.0),24/03/26 23:00:00,Annual,Natural gas,Russia,Million cubic metres,Slovenia,1990,846.000,,
ESTAT:NRG_TI_GAS(1.0),24/03/26 23:00:00,Annual,Natural gas,Russia,Million cubic metres,Slovenia,1991,819.000,,
ESTAT:NRG_TI_GAS(1.0),24/03/26 23:00:00,Annual,Natural gas,Russia,Million cubic metres,Slovenia,1992,505.000,,
ESTAT:NRG_TI_GAS(1.0),24/03/26 23:00:00,Annual,Natural gas,Russia,Million cubic metres,Slovenia,1993,473.000,,
ESTAT:NRG_TI_GAS(1.0),24/03/26 23:00:00,Annual,Natural gas,Russia,Million cubic metres,Slovenia,1994,415.000,,
ESTAT:NRG_TI_GAS(1.0),24/03/26 23:00:00,Annual,Natural gas,Russia,Million cubic metres,Slovenia,1995,528.000,,
ESTAT:NRG_TI_GAS(1.0),24/03/26 23:00:00,Annual,Natural gas,Russia,Million cubic metres,Slovenia,1996,439.000,,
ESTAT:NRG_TI_GAS(1.0),24/03/26 23:00:00,Annual,Natural gas,Russia,Million cubic metres,Slovenia,1997,503.000,,
ESTAT:NRG_TI_GAS(1.0),24/03/26 23:00:00,Annual,Natural gas,Russia,Million cubic metres,Slovenia,1998,556.000,,
ESTAT:NRG_TI_GAS(1.0),24/03/26 23:00:00,Annual,Natural gas,Russia,Million cubic metres,Slovenia,1999,397.000,,
ESTAT:NRG_TI_GAS(1.0),24/03/26 23:00:00,Annual,Natural gas,Russia,Million cubic metres,Slovenia,2000,604.000,,
ESTAT:NRG_TI_GAS(1.0),24/03/26 23:00:00,Annual,Natural gas,Russia,Million cubic metres,Slovenia,2001,623.000,,
ESTAT:NRG_TI_GAS(1.0),24/03/26 23:00:00,Annual,Natural gas,Russia,Million cubic metres,Slovenia,2002,600.000,,
ESTAT:NRG_TI_GAS(1.0),24/03/26 23:00:00,Annual,Natural gas,Russia,Million cubic metres,Slovenia,2003,664.000,,
ESTAT:NRG_TI_GAS(1.0),24/03/26 23:00:00,Annual,Natural gas,Russia,Million cubic metres,Slovenia,2004,658.000,,
ESTAT:NRG_TI_GAS(1.0),24/03/26 23:00:00,Annual,Natural gas,Russia,Million cubic metres,Slovenia,2005,680.000,,
ESTAT:NRG_TI_GAS(1.0),24/03/26 23:00:00,Annual,Natural gas,Russia,Million cubic metres,Slovenia,2006,563.000,,
ESTAT:NRG_TI_GAS(1.0),24/03/26 23:00:00,Annual,Natural gas,Russia,Million cubic metres,Slovenia,2007,572.000,,
ESTAT:NRG_TI_GAS(1.0),24/03/26 23:00:00,Annual,Natural gas,Russia,Million cubic metres,Slovenia,2008,509.000,,
ESTAT:NRG_TI_GAS(1.0),24/03/26 23:00:00,Annual,Natural gas,Russia,Million cubic metres,Slovenia,2009,494.000,,
ESTAT:NRG_TI_GAS(1.0),24/03/26 23:00:00,Annual,Natural gas,Russia,Million cubic metres,Slovenia,2010,495.000,,
ESTAT:NRG_TI_GAS(1.0),24/03/26 23:00:00,Annual,Natural gas,Russia,Million cubic metres,Slovenia,2011,434.000,,
ESTAT:NRG_TI_GAS(1.0),24/03/26 23:00:00,Annual,Natural gas,Russia,Million cubic metres,Slovenia,2012,365.000,,
ESTAT:NRG_TI_GAS(1.0),24/03/26 23:00:00,Annual,Natural gas,Russia,Million cubic metres,Slovenia,2013,490.000,,
ESTAT:NRG_TI_GAS(1.0),24/03/26 23:00:00,Annual,Natural gas,Russia,Million cubic metres,Slovenia,2014,283.000,,
ESTAT:NRG_TI_GAS(1.0),24/03/26 23:00:00,Annual,Natural gas,Russia,Million cubic metres,Slovenia,2015,244.000,,
ESTAT:NRG_TI_GAS(1.0),24/03/26 23:00:00,Annual,Natural gas,Russia,Million cubic metres,Slovenia,2016,293.000,,
ESTAT:NRG_TI_GAS(1.0),24/03/26 23:00:00,Annual,Natural gas,Russia,Million cubic metres,Slovenia,2017,207.575,,
ESTAT:NRG_TI_GAS(1.0),24/03/26 23:00:00,Annual,Natural gas,Russia,Million cubic metres,Slovenia,2018,276.625,,
ESTAT:NRG_TI_GAS(1.0),24/03/26 23:00:00,Annual,Natural gas,Russia,Million cubic metres,Slovenia,2019,105.777,,
ESTAT:NRG_TI_GAS(1.0),24/03/26 23:00:00,Annual,Natural gas,Russia,Million cubic metres,Slovenia,2020,78.045,,
ESTAT:NRG_TI_GAS(1.0),24/03/26 23:00:00,Annual,Natural gas,Russia,Million cubic metres,Slovenia,2021,128.806,,
ESTAT:NRG_TI_GAS(1.0),24/03/26 23:00:00,Annual,Natural gas,Russia,Million cubic metres,Slovenia,2022,71.836,,
ESTAT:NRG_TI_GAS(1.0),24/03/26 23:00:00,Annual,Natural gas,Russia,Million cubic metres,Slovenia,2023,0.000,,
ESTAT:NRG_TI_GAS(1.0),24/03/26 23:00:00,Annual,Natural gas,Russia,Million cubic metres,Slovenia,2024,0.000,,
ESTAT:NRG_TI_GAS(1.0),24/03/26 23:00:00,Annual,Natural gas,Russia,Million cubic metres,Slovakia,1990,6698.000,,
ESTAT:NRG_TI_GAS(1.0),24/03/26 23:00:00,Annual,Natural gas,Russia,Million cubic metres,Slovakia,1991,5349.000,,
ESTAT:NRG_TI_GAS(1.0),24/03/26 23:00:00,Annual,Natural gas,Russia,Million cubic metres,Slovakia,1992,5995.000,,
ESTAT:NRG_TI_GAS(1.0),24/03/26 23:00:00,Annual,Natural gas,Russia,Million cubic metres,Slovakia,1993,5308.000,,
ESTAT:NRG_TI_GAS(1.0),24/03/26 23:00:00,Annual,Natural gas,Russia,Million cubic metres,Slovakia,1994,5523.000,,
ESTAT:NRG_TI_GAS(1.0),24/03/26 23:00:00,Annual,Natural gas,Russia,Million cubic metres,Slovakia,1995,5604.000,,
ESTAT:NRG_TI_GAS(1.0),24/03/26 23:00:00,Annual,Natural gas,Russia,Million cubic metres,Slovakia,1996,6269.000,,
ESTAT:NRG_TI_GAS(1.0),24/03/26 23:00:00,Annual,Natural gas,Russia,Million cubic metres,Slovakia,1997,6403.000,,
ESTAT:NRG_TI_GAS(1.0),24/03/26 23:00:00,Annual,Natural gas,Russia,Million cubic metres,Slovakia,1998,6642.000,,
ESTAT:NRG_TI_GAS(1.0),24/03/26 23:00:00,Annual,Natural gas,Russia,Million cubic metres,Slovakia,1999,6484.000,,
ESTAT:NRG_TI_GAS(1.0),24/03/26 23:00:00,Annual,Natural gas,Russia,Million cubic metres,Slovakia,2000,7036.000,,
ESTAT:NRG_TI_GAS(1.0),24/03/26 23:00:00,Annual,Natural gas,Russia,Million cubic metres,Slovakia,2001,7002.000,,
ESTAT:NRG_TI_GAS(1.0),24/03/26 23:00:00,Annual,Natural gas,Russia,Million cubic metres,Slovakia,2002,7255.000,,
ESTAT:NRG_TI_GAS(1.0),24/03/26 23:00:00,Annual,Natural gas,Russia,Million cubic metres,Slovakia,2003,6795.000,,
ESTAT:NRG_TI_GAS(1.0),24/03/26 23:00:00,Annual,Natural gas,Russia,Million cubic metres,Slovakia,2004,6949.000,,
ESTAT:NRG_TI_GAS(1.0),24/03/26 23:00:00,Annual,Natural gas,Russia,Million cubic metres,Slovakia,2005,7399.000,,
ESTAT:NRG_TI_GAS(1.0),24/03/26 23:00:00,Annual,Natural gas,Russia,Million cubic metres,Slovakia,2006,6940.000,,
ESTAT:NRG_TI_GAS(1.0),24/03/26 23:00:00,Annual,Natural gas,Russia,Million cubic metres,Slovakia,2007,6220.000,,
ESTAT:NRG_TI_GAS(1.0),24/03/26 23:00:00,Annual,Natural gas,Russia,Million cubic metres,Slovakia,2008,6266.000,,
ESTAT:NRG_TI_GAS(1.0),24/03/26 23:00:00,Annual,Natural gas,Russia,Million cubic metres,Slovakia,2009,5834.000,,
ESTAT:NRG_TI_GAS(1.0),24/03/26 23:00:00,Annual,Natural gas,Russia,Million cubic metres,Slovakia,2010,6098.000,,
ESTAT:NRG_TI_GAS(1.0),24/03/26 23:00:00,Annual,Natural gas,Russia,Million cubic metres,Slovakia,2011,5907.000,,
ESTAT:NRG_TI_GAS(1.0),24/03/26 23:00:00,Annual,Natural gas,Russia,Million cubic metres,Slovakia,2012,4801.000,,
ESTAT:NRG_TI_GAS(1.0),24/03/26 23:00:00,Annual,Natural gas,Russia,Million cubic metres,Slovakia,2013,5269.000,,
ESTAT:NRG_TI_GAS(1.0),24/03/26 23:00:00,Annual,Natural gas,Russia,Million cubic metres,Slovakia,2014,4757.000,,
ESTAT:NRG_TI_GAS(1.0),24/03/26 23:00:00,Annual,Natural gas,Russia,Million cubic metres,Slovakia,2015,4407.000,,
ESTAT:NRG_TI_GAS(1.0),24/03/26 23:00:00,Annual,Natural gas,Russia,Million cubic metres,Slovakia,2016,4326.000,,
ESTAT:NRG_TI_GAS(1.0),24/03/26 23:00:00,Annual,Natural gas,Russia,Million cubic metres,Slovakia,2017,4442.000,,
ESTAT:NRG_TI_GAS(1.0),24/03/26 23:00:00,Annual,Natural gas,Russia,Million cubic metres,Slovakia,2018,4396.000,,
ESTAT:NRG_TI_GAS(1.0),24/03/26 23:00:00,Annual,Natural gas,Russia,Million cubic metres,Slovakia,2019,6707.000,,
ESTAT:NRG_TI_GAS(1.0),24/03/26 23:00:00,Annual,Natural gas,Russia,Million cubic metres,Slovakia,2020,3675.000,,
ESTAT:NRG_TI_GAS(1.0),24/03/26 23:00:00,Annual,Natural gas,Russia,Million cubic metres,Slovakia,2021,3536.000,,
ESTAT:NRG_TI_GAS(1.0),24/03/26 23:00:00,Annual,Natural gas,Russia,Million cubic metres,Slovakia,2022,2388.000,,
ESTAT:NRG_TI_GAS(1.0),24/03/26 23:00:00,Annual,Natural gas,Russia,Million cubic metres,Slovakia,2023,2877.000,,
ESTAT:NRG_TI_GAS(1.0),24/03/26 23:00:00,Annual,Natural gas,Russia,Million cubic metres,Slovakia,2024,3089.000,,
ESTAT:NRG_TI_GAS(1.0),24/03/26 23:00:00,Annual,Natural gas,Russia,Million cubic metres,Türkiye,1990,3257.000,,
ESTAT:NRG_TI_GAS(1.0),24/03/26 23:00:00,Annual,Natural gas,Russia,Million cubic metres,Türkiye,1991,4035.000,,
ESTAT:NRG_TI_GAS(1.0),24/03/26 23:00:00,Annual,Natural gas,Russia,Million cubic metres,Türkiye,1992,4437.000,,
ESTAT:NRG_TI_GAS(1.0),24/03/26 23:00:00,Annual,Natural gas,Russia,Million cubic metres,Türkiye,1993,4954.000,,
ESTAT:NRG_TI_GAS(1.0),24/03/26 23:00:00,Annual,Natural gas,Russia,Million cubic metres,Türkiye,1994,4962.000,,
ESTAT:NRG_TI_GAS(1.0),24/03/26 23:00:00,Annual,Natural gas,Russia,Million cubic metres,Türkiye,1995,5563.000,,
ESTAT:NRG_TI_GAS(1.0),24/03/26 23:00:00,Annual,Natural gas,Russia,Million cubic metres,Türkiye,1996,5530.000,,
ESTAT:NRG_TI_GAS(1.0),24/03/26 23:00:00,Annual,Natural gas,Russia,Million cubic metres,Türkiye,1997,6586.000,,
ESTAT:NRG_TI_GAS(1.0),24/03/26 23:00:00,Annual,Natural gas,Russia,Million cubic metres,Türkiye,1998,6547.000,,
ESTAT:NRG_TI_GAS(1.0),24/03/26 23:00:00,Annual,Natural gas,Russia,Million cubic metres,Türkiye,1999,8699.000,,
ESTAT:NRG_TI_GAS(1.0),24/03/26 23:00:00,Annual,Natural gas,Russia,Million cubic metres,Türkiye,2000,10082.000,,
ESTAT:NRG_TI_GAS(1.0),24/03/26 23:00:00,Annual,Natural gas,Russia,Million cubic metres,Türkiye,2001,10929.000,,
ESTAT:NRG_TI_GAS(1.0),24/03/26 23:00:00,Annual,Natural gas,Russia,Million cubic metres,Türkiye,2002,11573.000,,
ESTAT:NRG_TI_GAS(1.0),24/03/26 23:00:00,Annual,Natural gas,Russia,Million cubic metres,Türkiye,2003,12619.000,,
ESTAT:NRG_TI_GAS(1.0),24/03/26 23:00:00,Annual,Natural gas,Russia,Million cubic metres,Türkiye,2004,14102.000,,
ESTAT:NRG_TI_GAS(1.0),24/03/26 23:00:00,Annual,Natural gas,Russia,Million cubic metres,Türkiye,2005,17523.000,,
ESTAT:NRG_TI_GAS(1.0),24/03/26 23:00:00,Annual,Natural gas,Russia,Million cubic metres,Türkiye,2006,19316.000,,
ESTAT:NRG_TI_GAS(1.0),24/03/26 23:00:00,Annual,Natural gas,Russia,Million cubic metres,Türkiye,2007,22752.000,,
ESTAT:NRG_TI_GAS(1.0),24/03/26 23:00:00,Annual,Natural gas,Russia,Million cubic metres,Türkiye,2008,22962.000,,
ESTAT:NRG_TI_GAS(1.0),24/03/26 23:00:00,Annual,Natural gas,Russia,Million cubic metres,Türkiye,2009,19473.000,,
ESTAT:NRG_TI_GAS(1.0),24/03/26 23:00:00,Annual,Natural gas,Russia,Million cubic metres,Türkiye,2010,17575.000,,
ESTAT:NRG_TI_GAS(1.0),24/03/26 23:00:00,Annual,Natural gas,Russia,Million cubic metres,Türkiye,2011,25407.000,,
ESTAT:NRG_TI_GAS(1.0),24/03/26 23:00:00,Annual,Natural gas,Russia,Million cubic metres,Türkiye,2012,26490.000,,
ESTAT:NRG_TI_GAS(1.0),24/03/26 23:00:00,Annual,Natural gas,Russia,Million cubic metres,Türkiye,2013,26213.000,,
ESTAT:NRG_TI_GAS(1.0),24/03/26 23:00:00,Annual,Natural gas,Russia,Million cubic metres,Türkiye,2014,26976.000,,
ESTAT:NRG_TI_GAS(1.0),24/03/26 23:00:00,Annual,Natural gas,Russia,Million cubic metres,Türkiye,2015,26784.000,,
ESTAT:NRG_TI_GAS(1.0),24/03/26 23:00:00,Annual,Natural gas,Russia,Million cubic metres,Türkiye,2016,24541.000,,
ESTAT:NRG_TI_GAS(1.0),24/03/26 23:00:00,Annual,Natural gas,Russia,Million cubic metres,Türkiye,2017,28685.000,,
ESTAT:NRG_TI_GAS(1.0),24/03/26 23:00:00,Annual,Natural gas,Russia,Million cubic metres,Türkiye,2018,23643.000,,
ESTAT:NRG_TI_GAS(1.0),24/03/26 23:00:00,Annual,Natural gas,Russia,Million cubic metres,Türkiye,2019,15196.000,,
ESTAT:NRG_TI_GAS(1.0),24/03/26 23:00:00,Annual,Natural gas,Russia,Million cubic metres,Türkiye,2020,16178.050,,
ESTAT:NRG_TI_GAS(1.0),24/03/26 23:00:00,Annual,Natural gas,Russia,Million cubic metres,Türkiye,2021,26342.610,,
ESTAT:NRG_TI_GAS(1.0),24/03/26 23:00:00,Annual,Natural gas,Russia,Million cubic metres,Türkiye,2022,21574.730,,
ESTAT:NRG_TI_GAS(1.0),24/03/26 23:00:00,Annual,Natural gas,Russia,Million cubic metres,Türkiye,2023,21340.410,,
ESTAT:NRG_TI_GAS(1.0),24/03/26 23:00:00,Annual,Natural gas,Russia,Million cubic metres,Türkiye,2024,21571.780,,
ESTAT:NRG_TI_GAS(1.0),24/03/26 23:00:00,Annual,Natural gas,Russia,Million cubic metres,Ukraine,1990,0.000,,
ESTAT:NRG_TI_GAS(1.0),24/03/26 23:00:00,Annual,Natural gas,Russia,Million cubic metres,Ukraine,1991,91700.000,,
ESTAT:NRG_TI_GAS(1.0),24/03/26 23:00:00,Annual,Natural gas,Russia,Million cubic metres,Ukraine,1992,77092.000,,
ESTAT:NRG_TI_GAS(1.0),24/03/26 23:00:00,Annual,Natural gas,Russia,Million cubic metres,Ukraine,1993,52275.000,,
ESTAT:NRG_TI_GAS(1.0),24/03/26 23:00:00,Annual,Natural gas,Russia,Million cubic metres,Ukraine,1994,54750.000,,
ESTAT:NRG_TI_GAS(1.0),24/03/26 23:00:00,Annual,Natural gas,Russia,Million cubic metres,Ukraine,1995,51180.000,,
ESTAT:NRG_TI_GAS(1.0),24/03/26 23:00:00,Annual,Natural gas,Russia,Million cubic metres,Ukraine,1996,52900.000,,
ESTAT:NRG_TI_GAS(1.0),24/03/26 23:00:00,Annual,Natural gas,Russia,Million cubic metres,Ukraine,1997,49352.000,,
ESTAT:NRG_TI_GAS(1.0),24/03/26 23:00:00,Annual,Natural gas,Russia,Million cubic metres,Ukraine,1998,53549.000,,
ESTAT:NRG_TI_GAS(1.0),24/03/26 23:00:00,Annual,Natural gas,Russia,Million cubic metres,Ukraine,1999,51138.000,,
ESTAT:NRG_TI_GAS(1.0),24/03/26 23:00:00,Annual,Natural gas,Russia,Million cubic metres,Ukraine,2000,51947.000,,
ESTAT:NRG_TI_GAS(1.0),24/03/26 23:00:00,Annual,Natural gas,Russia,Million cubic metres,Ukraine,2001,29042.000,,
ESTAT:NRG_TI_GAS(1.0),24/03/26 23:00:00,Annual,Natural gas,Russia,Million cubic metres,Ukraine,2002,27266.000,,
ESTAT:NRG_TI_GAS(1.0),24/03/26 23:00:00,Annual,Natural gas,Russia,Million cubic metres,Ukraine,2003,31585.000,,
ESTAT:NRG_TI_GAS(1.0),24/03/26 23:00:00,Annual,Natural gas,Russia,Million cubic metres,Ukraine,2004,32287.000,,
ESTAT:NRG_TI_GAS(1.0),24/03/26 23:00:00,Annual,Natural gas,Russia,Million cubic metres,Ukraine,2005,23166.000,,
ESTAT:NRG_TI_GAS(1.0),24/03/26 23:00:00,Annual,Natural gas,Russia,Million cubic metres,Ukraine,2006,0.000,,
ESTAT:NRG_TI_GAS(1.0),24/03/26 23:00:00,Annual,Natural gas,Russia,Million cubic metres,Ukraine,2007,0.000,,
ESTAT:NRG_TI_GAS(1.0),24/03/26 23:00:00,Annual,Natural gas,Russia,Million cubic metres,Ukraine,2008,1353.000,,
ESTAT:NRG_TI_GAS(1.0),24/03/26 23:00:00,Annual,Natural gas,Russia,Million cubic metres,Ukraine,2009,21803.000,,
ESTAT:NRG_TI_GAS(1.0),24/03/26 23:00:00,Annual,Natural gas,Russia,Million cubic metres,Ukraine,2010,35969.000,,
ESTAT:NRG_TI_GAS(1.0),24/03/26 23:00:00,Annual,Natural gas,Russia,Million cubic metres,Ukraine,2011,39320.000,,
ESTAT:NRG_TI_GAS(1.0),24/03/26 23:00:00,Annual,Natural gas,Russia,Million cubic metres,Ukraine,2012,32313.000,,
ESTAT:NRG_TI_GAS(1.0),24/03/26 23:00:00,Annual,Natural gas,Russia,Million cubic metres,Ukraine,2013,25399.000,,
ESTAT:NRG_TI_GAS(1.0),24/03/26 23:00:00,Annual,Natural gas,Russia,Million cubic metres,Ukraine,2014,14204.000,,
ESTAT:NRG_TI_GAS(1.0),24/03/26 23:00:00,Annual,Natural gas,Russia,Million cubic metres,Ukraine,2015,6035.000,,
ESTAT:NRG_TI_GAS(1.0),24/03/26 23:00:00,Annual,Natural gas,Russia,Million cubic metres,Ukraine,2016,0.000,,
ESTAT:NRG_TI_GAS(1.0),24/03/26 23:00:00,Annual,Natural gas,Russia,Million cubic metres,Ukraine,2017,0.000,,
ESTAT:NRG_TI_GAS(1.0),24/03/26 23:00:00,Annual,Natural gas,Russia,Million cubic metres,Ukraine,2018,0.000,,
ESTAT:NRG_TI_GAS(1.0),24/03/26 23:00:00,Annual,Natural gas,Russia,Million cubic metres,Ukraine,2019,0.000,,
ESTAT:NRG_TI_GAS(1.0),24/03/26 23:00:00,Annual,Natural gas,Russia,Million cubic metres,Ukraine,2020,0.000,,
ESTAT:NRG_TI_GAS(1.0),24/03/26 23:00:00,Annual,Natural gas,Russia,Million cubic metres,Ukraine,2021,,,
ESTAT:NRG_TI_GAS(1.0),24/03/26 23:00:00,Annual,Natural gas,Russia,Million cubic metres,Ukraine,2022,,,
ESTAT:NRG_TI_GAS(1.0),24/03/26 23:00:00,Annual,Natural gas,Russia,Million cubic metres,Ukraine,2023,,,
ESTAT:NRG_TI_GAS(1.0),24/03/26 23:00:00,Annual,Natural gas,Russia,Million cubic metres,Ukraine,2024,,,
ESTAT:NRG_TI_GAS(1.0),24/03/26 23:00:00,Annual,Natural gas,Russia,Million cubic metres,United Kingdom,1990,0.000,,
ESTAT:NRG_TI_GAS(1.0),24/03/26 23:00:00,Annual,Natural gas,Russia,Million cubic metres,United Kingdom,1991,0.000,,
ESTAT:NRG_TI_GAS(1.0),24/03/26 23:00:00,Annual,Natural gas,Russia,Million cubic metres,United Kingdom,1992,0.000,,
ESTAT:NRG_TI_GAS(1.0),24/03/26 23:00:00,Annual,Natural gas,Russia,Million cubic metres,United Kingdom,1993,0.000,,
ESTAT:NRG_TI_GAS(1.0),24/03/26 23:00:00,Annual,Natural gas,Russia,Million cubic metres,United Kingdom,1994,0.000,,
ESTAT:NRG_TI_GAS(1.0),24/03/26 23:00:00,Annual,Natural gas,Russia,Million cubic metres,United Kingdom,1995,0.000,,
ESTAT:NRG_TI_GAS(1.0),24/03/26 23:00:00,Annual,Natural gas,Russia,Million cubic metres,United Kingdom,1996,0.000,,
ESTAT:NRG_TI_GAS(1.0),24/03/26 23:00:00,Annual,Natural gas,Russia,Million cubic metres,United Kingdom,1997,0.000,,
ESTAT:NRG_TI_GAS(1.0),24/03/26 23:00:00,Annual,Natural gas,Russia,Million cubic metres,United Kingdom,1998,0.000,,
ESTAT:NRG_TI_GAS(1.0),24/03/26 23:00:00,Annual,Natural gas,Russia,Million cubic metres,United Kingdom,1999,0.000,,
ESTAT:NRG_TI_GAS(1.0),24/03/26 23:00:00,Annual,Natural gas,Russia,Million cubic metres,United Kingdom,2000,0.000,,
ESTAT:NRG_TI_GAS(1.0),24/03/26 23:00:00,Annual,Natural gas,Russia,Million cubic metres,United Kingdom,2001,0.000,,
ESTAT:NRG_TI_GAS(1.0),24/03/26 23:00:00,Annual,Natural gas,Russia,Million cubic metres,United Kingdom,2002,0.000,,
ESTAT:NRG_TI_GAS(1.0),24/03/26 23:00:00,Annual,Natural gas,Russia,Million cubic metres,United Kingdom,2003,0.000,,
ESTAT:NRG_TI_GAS(1.0),24/03/26 23:00:00,Annual,Natural gas,Russia,Million cubic metres,United Kingdom,2004,0.000,,
ESTAT:NRG_TI_GAS(1.0),24/03/26 23:00:00,Annual,Natural gas,Russia,Million cubic metres,United Kingdom,2005,0.000,,
ESTAT:NRG_TI_GAS(1.0),24/03/26 23:00:00,Annual,Natural gas,Russia,Million cubic metres,United Kingdom,2006,0.000,,
ESTAT:NRG_TI_GAS(1.0),24/03/26 23:00:00,Annual,Natural gas,Russia,Million cubic metres,United Kingdom,2007,0.000,,
ESTAT:NRG_TI_GAS(1.0),24/03/26 23:00:00,Annual,Natural gas,Russia,Million cubic metres,United Kingdom,2008,0.000,,
ESTAT:NRG_TI_GAS(1.0),24/03/26 23:00:00,Annual,Natural gas,Russia,Million cubic metres,United Kingdom,2009,0.000,,
ESTAT:NRG_TI_GAS(1.0),24/03/26 23:00:00,Annual,Natural gas,Russia,Million cubic metres,United Kingdom,2010,0.000,,
ESTAT:NRG_TI_GAS(1.0),24/03/26 23:00:00,Annual,Natural gas,Russia,Million cubic metres,United Kingdom,2011,0.000,,
ESTAT:NRG_TI_GAS(1.0),24/03/26 23:00:00,Annual,Natural gas,Russia,Million cubic metres,United Kingdom,2012,0.000,,
ESTAT:NRG_TI_GAS(1.0),24/03/26 23:00:00,Annual,Natural gas,Russia,Million cubic metres,United Kingdom,2013,0.000,,
ESTAT:NRG_TI_GAS(1.0),24/03/26 23:00:00,Annual,Natural gas,Russia,Million cubic metres,United Kingdom,2014,0.000,,
ESTAT:NRG_TI_GAS(1.0),24/03/26 23:00:00,Annual,Natural gas,Russia,Million cubic metres,United Kingdom,2015,0.000,,
ESTAT:NRG_TI_GAS(1.0),24/03/26 23:00:00,Annual,Natural gas,Russia,Million cubic metres,United Kingdom,2016,0.000,,
ESTAT:NRG_TI_GAS(1.0),24/03/26 23:00:00,Annual,Natural gas,Russia,Million cubic metres,United Kingdom,2017,98.620,,
ESTAT:NRG_TI_GAS(1.0),24/03/26 23:00:00,Annual,Natural gas,Russia,Million cubic metres,United Kingdom,2018,1530.113,,
ESTAT:NRG_TI_GAS(1.0),24/03/26 23:00:00,Annual,Natural gas,Russia,Million cubic metres,United Kingdom,2019,3180.167,,
ESTAT:NRG_TI_GAS(1.0),24/03/26 23:00:00,Annual,Natural gas,Russia,Million cubic metres,United Kingdom,2020,,,
ESTAT:NRG_TI_GAS(1.0),24/03/26 23:00:00,Annual,Natural gas,Russia,Million cubic metres,United Kingdom,2021,,,
ESTAT:NRG_TI_GAS(1.0),24/03/26 23:00:00,Annual,Natural gas,Russia,Million cubic metres,United Kingdom,2022,,,
ESTAT:NRG_TI_GAS(1.0),24/03/26 23:00:00,Annual,Natural gas,Russia,Million cubic metres,United Kingdom,2023,,,
ESTAT:NRG_TI_GAS(1.0),24/03/26 23:00:00,Annual,Natural gas,Russia,Million cubic metres,United Kingdom,2024,,,
ESTAT:NRG_TI_GAS(1.0),24/03/26 23:00:00,Annual,Natural gas,Russia,Million cubic metres,Kosovo*,1990,0.000,,
ESTAT:NRG_TI_GAS(1.0),24/03/26 23:00:00,Annual,Natural gas,Russia,Million cubic metres,Kosovo*,1991,0.000,,
ESTAT:NRG_TI_GAS(1.0),24/03/26 23:00:00,Annual,Natural gas,Russia,Million cubic metres,Kosovo*,1992,0.000,,
ESTAT:NRG_TI_GAS(1.0),24/03/26 23:00:00,Annual,Natural gas,Russia,Million cubic metres,Kosovo*,1993,0.000,,
ESTAT:NRG_TI_GAS(1.0),24/03/26 23:00:00,Annual,Natural gas,Russia,Million cubic metres,Kosovo*,1994,0.000,,
ESTAT:NRG_TI_GAS(1.0),24/03/26 23:00:00,Annual,Natural gas,Russia,Million cubic metres,Kosovo*,1995,0.000,,
ESTAT:NRG_TI_GAS(1.0),24/03/26 23:00:00,Annual,Natural gas,Russia,Million cubic metres,Kosovo*,1996,0.000,,
ESTAT:NRG_TI_GAS(1.0),24/03/26 23:00:00,Annual,Natural gas,Russia,Million cubic metres,Kosovo*,1997,0.000,,
ESTAT:NRG_TI_GAS(1.0),24/03/26 23:00:00,Annual,Natural gas,Russia,Million cubic metres,Kosovo*,1998,0.000,,
ESTAT:NRG_TI_GAS(1.0),24/03/26 23:00:00,Annual,Natural gas,Russia,Million cubic metres,Kosovo*,1999,0.000,,
ESTAT:NRG_TI_GAS(1.0),24/03/26 23:00:00,Annual,Natural gas,Russia,Million cubic metres,Kosovo*,2000,0.000,,
ESTAT:NRG_TI_GAS(1.0),24/03/26 23:00:00,Annual,Natural gas,Russia,Million cubic metres,Kosovo*,2001,0.000,,
ESTAT:NRG_TI_GAS(1.0),24/03/26 23:00:00,Annual,Natural gas,Russia,Million cubic metres,Kosovo*,2002,0.000,,
ESTAT:NRG_TI_GAS(1.0),24/03/26 23:00:00,Annual,Natural gas,Russia,Million cubic metres,Kosovo*,2003,0.000,,
ESTAT:NRG_TI_GAS(1.0),24/03/26 23:00:00,Annual,Natural gas,Russia,Million cubic metres,Kosovo*,2004,0.000,,
ESTAT:NRG_TI_GAS(1.0),24/03/26 23:00:00,Annual,Natural gas,Russia,Million cubic metres,Kosovo*,2005,0.000,,
ESTAT:NRG_TI_GAS(1.0),24/03/26 23:00:00,Annual,Natural gas,Russia,Million cubic metres,Kosovo*,2006,0.000,,
ESTAT:NRG_TI_GAS(1.0),24/03/26 23:00:00,Annual,Natural gas,Russia,Million cubic metres,Kosovo*,2007,0.000,,
ESTAT:NRG_TI_GAS(1.0),24/03/26 23:00:00,Annual,Natural gas,Russia,Million cubic metres,Kosovo*,2008,0.000,,
ESTAT:NRG_TI_GAS(1.0),24/03/26 23:00:00,Annual,Natural gas,Russia,Million cubic metres,Kosovo*,2009,0.000,,
ESTAT:NRG_TI_GAS(1.0),24/03/26 23:00:00,Annual,Natural gas,Russia,Million cubic metres,Kosovo*,2010,0.000,,
ESTAT:NRG_TI_GAS(1.0),24/03/26 23:00:00,Annual,Natural gas,Russia,Million cubic metres,Kosovo*,2011,0.000,,
ESTAT:NRG_TI_GAS(1.0),24/03/26 23:00:00,Annual,Natural gas,Russia,Million cubic metres,Kosovo*,2012,0.000,,
ESTAT:NRG_TI_GAS(1.0),24/03/26 23:00:00,Annual,Natural gas,Russia,Million cubic metres,Kosovo*,2013,0.000,,
ESTAT:NRG_TI_GAS(1.0),24/03/26 23:00:00,Annual,Natural gas,Russia,Million cubic metres,Kosovo*,2014,0.000,,
ESTAT:NRG_TI_GAS(1.0),24/03/26 23:00:00,Annual,Natural gas,Russia,Million cubic metres,Kosovo*,2015,0.000,,
ESTAT:NRG_TI_GAS(1.0),24/03/26 23:00:00,Annual,Natural gas,Russia,Million cubic metres,Kosovo*,2016,0.000,,
ESTAT:NRG_TI_GAS(1.0),24/03/26 23:00:00,Annual,Natural gas,Russia,Million cubic metres,Kosovo*,2017,0.000,,
ESTAT:NRG_TI_GAS(1.0),24/03/26 23:00:00,Annual,Natural gas,Russia,Million cubic metres,Kosovo*,2018,0.000,,
ESTAT:NRG_TI_GAS(1.0),24/03/26 23:00:00,Annual,Natural gas,Russia,Million cubic metres,Kosovo*,2019,0.000,,
ESTAT:NRG_TI_GAS(1.0),24/03/26 23:00:00,Annual,Natural gas,Russia,Million cubic metres,Kosovo*,2020,0.000,,
ESTAT:NRG_TI_GAS(1.0),24/03/26 23:00:00,Annual,Natural gas,Russia,Million cubic metres,Kosovo*,2021,0.000,,
ESTAT:NRG_TI_GAS(1.0),24/03/26 23:00:00,Annual,Natural gas,Russia,Million cubic metres,Kosovo*,2022,0.000,,
ESTAT:NRG_TI_GAS(1.0),24/03/26 23:00:00,Annual,Natural gas,Russia,Million cubic metres,Kosovo*,2023,0.000,,
ESTAT:NRG_TI_GAS(1.0),24/03/26 23:00:00,Annual,Natural gas,Russia,Million cubic metres,Kosovo*,2024,0.000,,
ESTAT:NRG_TI_GAS(1.0),24/03/26 23:00:00,Annual,Natural gas,Total,Million cubic metres,Albania,1990,0.000,,
ESTAT:NRG_TI_GAS(1.0),24/03/26 23:00:00,Annual,Natural gas,Total,Million cubic metres,Albania,1991,0.000,,
ESTAT:NRG_TI_GAS(1.0),24/03/26 23:00:00,Annual,Natural gas,Total,Million cubic metres,Albania,1992,0.000,,
ESTAT:NRG_TI_GAS(1.0),24/03/26 23:00:00,Annual,Natural gas,Total,Million cubic metres,Albania,1993,0.000,,
ESTAT:NRG_TI_GAS(1.0),24/03/26 23:00:00,Annual,Natural gas,Total,Million cubic metres,Albania,1994,0.000,,
ESTAT:NRG_TI_GAS(1.0),24/03/26 23:00:00,Annual,Natural gas,Total,Million cubic metres,Albania,1995,0.000,,
ESTAT:NRG_TI_GAS(1.0),24/03/26 23:00:00,Annual,Natural gas,Total,Million cubic metres,Albania,1996,0.000,,
ESTAT:NRG_TI_GAS(1.0),24/03/26 23:00:00,Annual,Natural gas,Total,Million cubic metres,Albania,1997,0.000,,
ESTAT:NRG_TI_GAS(1.0),24/03/26 23:00:00,Annual,Natural gas,Total,Million cubic metres,Albania,1998,0.000,,
ESTAT:NRG_TI_GAS(1.0),24/03/26 23:00:00,Annual,Natural gas,Total,Million cubic metres,Albania,1999,0.000,,
ESTAT:NRG_TI_GAS(1.0),24/03/26 23:00:00,Annual,Natural gas,Total,Million cubic metres,Albania,2000,0.000,,
ESTAT:NRG_TI_GAS(1.0),24/03/26 23:00:00,Annual,Natural gas,Total,Million cubic metres,Albania,2001,0.000,,
ESTAT:NRG_TI_GAS(1.0),24/03/26 23:00:00,Annual,Natural gas,Total,Million cubic metres,Albania,2002,0.000,,
ESTAT:NRG_TI_GAS(1.0),24/03/26 23:00:00,Annual,Natural gas,Total,Million cubic metres,Albania,2003,0.000,,
ESTAT:NRG_TI_GAS(1.0),24/03/26 23:00:00,Annual,Natural gas,Total,Million cubic metres,Albania,2004,0.000,,
ESTAT:NRG_TI_GAS(1.0),24/03/26 23:00:00,Annual,Natural gas,Total,Million cubic metres,Albania,2005,0.000,,
ESTAT:NRG_TI_GAS(1.0),24/03/26 23:00:00,Annual,Natural gas,Total,Million cubic metres,Albania,2006,0.000,,
ESTAT:NRG_TI_GAS(1.0),24/03/26 23:00:00,Annual,Natural gas,Total,Million cubic metres,Albania,2007,0.000,,
ESTAT:NRG_TI_GAS(1.0),24/03/26 23:00:00,Annual,Natural gas,Total,Million cubic metres,Albania,2008,0.000,,
ESTAT:NRG_TI_GAS(1.0),24/03/26 23:00:00,Annual,Natural gas,Total,Million cubic metres,Albania,2009,0.000,,
ESTAT:NRG_TI_GAS(1.0),24/03/26 23:00:00,Annual,Natural gas,Total,Million cubic metres,Albania,2010,0.000,,
ESTAT:NRG_TI_GAS(1.0),24/03/26 23:00:00,Annual,Natural gas,Total,Million cubic metres,Albania,2011,0.000,,
ESTAT:NRG_TI_GAS(1.0),24/03/26 23:00:00,Annual,Natural gas,Total,Million cubic metres,Albania,2012,0.000,,
ESTAT:NRG_TI_GAS(1.0),24/03/26 23:00:00,Annual,Natural gas,Total,Million cubic metres,Albania,2013,0.000,,
ESTAT:NRG_TI_GAS(1.0),24/03/26 23:00:00,Annual,Natural gas,Total,Million cubic metres,Albania,2014,0.000,,
ESTAT:NRG_TI_GAS(1.0),24/03/26 23:00:00,Annual,Natural gas,Total,Million cubic metres,Albania,2015,0.000,,
ESTAT:NRG_TI_GAS(1.0),24/03/26 23:00:00,Annual,Natural gas,Total,Million cubic metres,Albania,2016,0.000,,
ESTAT:NRG_TI_GAS(1.0),24/03/26 23:00:00,Annual,Natural gas,Total,Million cubic metres,Albania,2017,0.000,,
ESTAT:NRG_TI_GAS(1.0),24/03/26 23:00:00,Annual,Natural gas,Total,Million cubic metres,Albania,2018,0.000,,
ESTAT:NRG_TI_GAS(1.0),24/03/26 23:00:00,Annual,Natural gas,Total,Million cubic metres,Albania,2019,0.000,,
ESTAT:NRG_TI_GAS(1.0),24/03/26 23:00:00,Annual,Natural gas,Total,Million cubic metres,Albania,2020,0.000,,
ESTAT:NRG_TI_GAS(1.0),24/03/26 23:00:00,Annual,Natural gas,Total,Million cubic metres,Albania,2021,0.000,,
ESTAT:NRG_TI_GAS(1.0),24/03/26 23:00:00,Annual,Natural gas,Total,Million cubic metres,Albania,2022,0.000,,
ESTAT:NRG_TI_GAS(1.0),24/03/26 23:00:00,Annual,Natural gas,Total,Million cubic metres,Albania,2023,0.000,,
ESTAT:NRG_TI_GAS(1.0),24/03/26 23:00:00,Annual,Natural gas,Total,Million cubic metres,Albania,2024,0.000,,
ESTAT:NRG_TI_GAS(1.0),24/03/26 23:00:00,Annual,Natural gas,Total,Million cubic metres,Austria,1990,5507.000,,
ESTAT:NRG_TI_GAS(1.0),24/03/26 23:00:00,Annual,Natural gas,Total,Million cubic metres,Austria,1991,5396.000,,
ESTAT:NRG_TI_GAS(1.0),24/03/26 23:00:00,Annual,Natural gas,Total,Million cubic metres,Austria,1992,5388.000,,
ESTAT:NRG_TI_GAS(1.0),24/03/26 23:00:00,Annual,Natural gas,Total,Million cubic metres,Austria,1993,5676.000,,
ESTAT:NRG_TI_GAS(1.0),24/03/26 23:00:00,Annual,Natural gas,Total,Million cubic metres,Austria,1994,5258.000,,
ESTAT:NRG_TI_GAS(1.0),24/03/26 23:00:00,Annual,Natural gas,Total,Million cubic metres,Austria,1995,6714.000,,
ESTAT:NRG_TI_GAS(1.0),24/03/26 23:00:00,Annual,Natural gas,Total,Million cubic metres,Austria,1996,6933.000,,
ESTAT:NRG_TI_GAS(1.0),24/03/26 23:00:00,Annual,Natural gas,Total,Million cubic metres,Austria,1997,6357.000,,
ESTAT:NRG_TI_GAS(1.0),24/03/26 23:00:00,Annual,Natural gas,Total,Million cubic metres,Austria,1998,6565.000,,
ESTAT:NRG_TI_GAS(1.0),24/03/26 23:00:00,Annual,Natural gas,Total,Million cubic metres,Austria,1999,6463.000,,
ESTAT:NRG_TI_GAS(1.0),24/03/26 23:00:00,Annual,Natural gas,Total,Million cubic metres,Austria,2000,6560.000,,
ESTAT:NRG_TI_GAS(1.0),24/03/26 23:00:00,Annual,Natural gas,Total,Million cubic metres,Austria,2001,6642.000,,
ESTAT:NRG_TI_GAS(1.0),24/03/26 23:00:00,Annual,Natural gas,Total,Million cubic metres,Austria,2002,6913.000,,
ESTAT:NRG_TI_GAS(1.0),24/03/26 23:00:00,Annual,Natural gas,Total,Million cubic metres,Austria,2003,8619.000,,
ESTAT:NRG_TI_GAS(1.0),24/03/26 23:00:00,Annual,Natural gas,Total,Million cubic metres,Austria,2004,8903.000,,
ESTAT:NRG_TI_GAS(1.0),24/03/26 23:00:00,Annual,Natural gas,Total,Million cubic metres,Austria,2005,8776.142,,
ESTAT:NRG_TI_GAS(1.0),24/03/26 23:00:00,Annual,Natural gas,Total,Million cubic metres,Austria,2006,8192.975,,
ESTAT:NRG_TI_GAS(1.0),24/03/26 23:00:00,Annual,Natural gas,Total,Million cubic metres,Austria,2007,7235.640,,
ESTAT:NRG_TI_GAS(1.0),24/03/26 23:00:00,Annual,Natural gas,Total,Million cubic metres,Austria,2008,8189.878,,
ESTAT:NRG_TI_GAS(1.0),24/03/26 23:00:00,Annual,Natural gas,Total,Million cubic metres,Austria,2009,7837.831,,
ESTAT:NRG_TI_GAS(1.0),24/03/26 23:00:00,Annual,Natural gas,Total,Million cubic metres,Austria,2010,7450.372,,
ESTAT:NRG_TI_GAS(1.0),24/03/26 23:00:00,Annual,Natural gas,Total,Million cubic metres,Austria,2011,9743.769,,
ESTAT:NRG_TI_GAS(1.0),24/03/26 23:00:00,Annual,Natural gas,Total,Million cubic metres,Austria,2012,7792.181,,
ESTAT:NRG_TI_GAS(1.0),24/03/26 23:00:00,Annual,Natural gas,Total,Million cubic metres,Austria,2013,6421.019,,
ESTAT:NRG_TI_GAS(1.0),24/03/26 23:00:00,Annual,Natural gas,Total,Million cubic metres,Austria,2014,7709.120,,
ESTAT:NRG_TI_GAS(1.0),24/03/26 23:00:00,Annual,Natural gas,Total,Million cubic metres,Austria,2015,6072.549,,
ESTAT:NRG_TI_GAS(1.0),24/03/26 23:00:00,Annual,Natural gas,Total,Million cubic metres,Austria,2016,7498.885,,
ESTAT:NRG_TI_GAS(1.0),24/03/26 23:00:00,Annual,Natural gas,Total,Million cubic metres,Austria,2017,8464.450,,
ESTAT:NRG_TI_GAS(1.0),24/03/26 23:00:00,Annual,Natural gas,Total,Million cubic metres,Austria,2018,7830.957,,
ESTAT:NRG_TI_GAS(1.0),24/03/26 23:00:00,Annual,Natural gas,Total,Million cubic metres,Austria,2019,11377.632,,
ESTAT:NRG_TI_GAS(1.0),24/03/26 23:00:00,Annual,Natural gas,Total,Million cubic metres,Austria,2020,6462.232,,
ESTAT:NRG_TI_GAS(1.0),24/03/26 23:00:00,Annual,Natural gas,Total,Million cubic metres,Austria,2021,4754.663,,
ESTAT:NRG_TI_GAS(1.0),24/03/26 23:00:00,Annual,Natural gas,Total,Million cubic metres,Austria,2022,12190.070,,
ESTAT:NRG_TI_GAS(1.0),24/03/26 23:00:00,Annual,Natural gas,Total,Million cubic metres,Austria,2023,7117.618,,
ESTAT:NRG_TI_GAS(1.0),24/03/26 23:00:00,Annual,Natural gas,Total,Million cubic metres,Austria,2024,5358.714,,
ESTAT:NRG_TI_GAS(1.0),24/03/26 23:00:00,Annual,Natural gas,Total,Million cubic metres,Bosnia and Herzegovina,1990,,,
ESTAT:NRG_TI_GAS(1.0),24/03/26 23:00:00,Annual,Natural gas,Total,Million cubic metres,Bosnia and Herzegovina,1991,,,
ESTAT:NRG_TI_GAS(1.0),24/03/26 23:00:00,Annual,Natural gas,Total,Million cubic metres,Bosnia and Herzegovina,1992,,,
ESTAT:NRG_TI_GAS(1.0),24/03/26 23:00:00,Annual,Natural gas,Total,Million cubic metres,Bosnia and Herzegovina,1993,,,
ESTAT:NRG_TI_GAS(1.0),24/03/26 23:00:00,Annual,Natural gas,Total,Million cubic metres,Bosnia and Herzegovina,1994,,,
ESTAT:NRG_TI_GAS(1.0),24/03/26 23:00:00,Annual,Natural gas,Total,Million cubic metres,Bosnia and Herzegovina,1995,,,
ESTAT:NRG_TI_GAS(1.0),24/03/26 23:00:00,Annual,Natural gas,Total,Million cubic metres,Bosnia and Herzegovina,1996,,,
ESTAT:NRG_TI_GAS(1.0),24/03/26 23:00:00,Annual,Natural gas,Total,Million cubic metres,Bosnia and Herzegovina,1997,,,
ESTAT:NRG_TI_GAS(1.0),24/03/26 23:00:00,Annual,Natural gas,Total,Million cubic metres,Bosnia and Herzegovina,1998,,,
ESTAT:NRG_TI_GAS(1.0),24/03/26 23:00:00,Annual,Natural gas,Total,Million cubic metres,Bosnia and Herzegovina,1999,,,
ESTAT:NRG_TI_GAS(1.0),24/03/26 23:00:00,Annual,Natural gas,Total,Million cubic metres,Bosnia and Herzegovina,2000,,,
ESTAT:NRG_TI_GAS(1.0),24/03/26 23:00:00,Annual,Natural gas,Total,Million cubic metres,Bosnia and Herzegovina,2001,,,
ESTAT:NRG_TI_GAS(1.0),24/03/26 23:00:00,Annual,Natural gas,Total,Million cubic metres,Bosnia and Herzegovina,2002,,,
ESTAT:NRG_TI_GAS(1.0),24/03/26 23:00:00,Annual,Natural gas,Total,Million cubic metres,Bosnia and Herzegovina,2003,,,
ESTAT:NRG_TI_GAS(1.0),24/03/26 23:00:00,Annual,Natural gas,Total,Million cubic metres,Bosnia and Herzegovina,2004,,,
ESTAT:NRG_TI_GAS(1.0),24/03/26 23:00:00,Annual,Natural gas,Total,Million cubic metres,Bosnia and Herzegovina,2005,,,
ESTAT:NRG_TI_GAS(1.0),24/03/26 23:00:00,Annual,Natural gas,Total,Million cubic metres,Bosnia and Herzegovina,2006,,,
ESTAT:NRG_TI_GAS(1.0),24/03/26 23:00:00,Annual,Natural gas,Total,Million cubic metres,Bosnia and Herzegovina,2007,,,
ESTAT:NRG_TI_GAS(1.0),24/03/26 23:00:00,Annual,Natural gas,Total,Million cubic metres,Bosnia and Herzegovina,2008,,,
ESTAT:NRG_TI_GAS(1.0),24/03/26 23:00:00,Annual,Natural gas,Total,Million cubic metres,Bosnia and Herzegovina,2009,,,
ESTAT:NRG_TI_GAS(1.0),24/03/26 23:00:00,Annual,Natural gas,Total,Million cubic metres,Bosnia and Herzegovina,2010,,,
ESTAT:NRG_TI_GAS(1.0),24/03/26 23:00:00,Annual,Natural gas,Total,Million cubic metres,Bosnia and Herzegovina,2011,,,
ESTAT:NRG_TI_GAS(1.0),24/03/26 23:00:00,Annual,Natural gas,Total,Million cubic metres,Bosnia and Herzegovina,2012,,,
ESTAT:NRG_TI_GAS(1.0),24/03/26 23:00:00,Annual,Natural gas,Total,Million cubic metres,Bosnia and Herzegovina,2013,,,
ESTAT:NRG_TI_GAS(1.0),24/03/26 23:00:00,Annual,Natural gas,Total,Million cubic metres,Bosnia and Herzegovina,2014,186.000,,
ESTAT:NRG_TI_GAS(1.0),24/03/26 23:00:00,Annual,Natural gas,Total,Million cubic metres,Bosnia and Herzegovina,2015,218.000,,
ESTAT:NRG_TI_GAS(1.0),24/03/26 23:00:00,Annual,Natural gas,Total,Million cubic metres,Bosnia and Herzegovina,2016,227.000,,
ESTAT:NRG_TI_GAS(1.0),24/03/26 23:00:00,Annual,Natural gas,Total,Million cubic metres,Bosnia and Herzegovina,2017,245.000,,
ESTAT:NRG_TI_GAS(1.0),24/03/26 23:00:00,Annual,Natural gas,Total,Million cubic metres,Bosnia and Herzegovina,2018,244.604,,
ESTAT:NRG_TI_GAS(1.0),24/03/26 23:00:00,Annual,Natural gas,Total,Million cubic metres,Bosnia and Herzegovina,2019,230.980,,
ESTAT:NRG_TI_GAS(1.0),24/03/26 23:00:00,Annual,Natural gas,Total,Million cubic metres,Bosnia and Herzegovina,2020,210.686,,
ESTAT:NRG_TI_GAS(1.0),24/03/26 23:00:00,Annual,Natural gas,Total,Million cubic metres,Bosnia and Herzegovina,2021,253.953,,
ESTAT:NRG_TI_GAS(1.0),24/03/26 23:00:00,Annual,Natural gas,Total,Million cubic metres,Bosnia and Herzegovina,2022,247.419,,
ESTAT:NRG_TI_GAS(1.0),24/03/26 23:00:00,Annual,Natural gas,Total,Million cubic metres,Bosnia and Herzegovina,2023,223.200,,
ESTAT:NRG_TI_GAS(1.0),24/03/26 23:00:00,Annual,Natural gas,Total,Million cubic metres,Bosnia and Herzegovina,2024,219.668,,
ESTAT:NRG_TI_GAS(1.0),24/03/26 23:00:00,Annual,Natural gas,Total,Million cubic metres,Belgium,1990,9632.000,,
ESTAT:NRG_TI_GAS(1.0),24/03/26 23:00:00,Annual,Natural gas,Total,Million cubic metres,Belgium,1991,10152.000,,
ESTAT:NRG_TI_GAS(1.0),24/03/26 23:00:00,Annual,Natural gas,Total,Million cubic metres,Belgium,1992,10711.000,,
ESTAT:NRG_TI_GAS(1.0),24/03/26 23:00:00,Annual,Natural gas,Total,Million cubic metres,Belgium,1993,11098.000,,
ESTAT:NRG_TI_GAS(1.0),24/03/26 23:00:00,Annual,Natural gas,Total,Million cubic metres,Belgium,1994,11460.000,,
ESTAT:NRG_TI_GAS(1.0),24/03/26 23:00:00,Annual,Natural gas,Total,Million cubic metres,Belgium,1995,12566.000,,
ESTAT:NRG_TI_GAS(1.0),24/03/26 23:00:00,Annual,Natural gas,Total,Million cubic metres,Belgium,1996,14398.000,,
ESTAT:NRG_TI_GAS(1.0),24/03/26 23:00:00,Annual,Natural gas,Total,Million cubic metres,Belgium,1997,13593.000,,
ESTAT:NRG_TI_GAS(1.0),24/03/26 23:00:00,Annual,Natural gas,Total,Million cubic metres,Belgium,1998,15025.000,,
ESTAT:NRG_TI_GAS(1.0),24/03/26 23:00:00,Annual,Natural gas,Total,Million cubic metres,Belgium,1999,16272.000,,
ESTAT:NRG_TI_GAS(1.0),24/03/26 23:00:00,Annual,Natural gas,Total,Million cubic metres,Belgium,2000,16045.000,,
ESTAT:NRG_TI_GAS(1.0),24/03/26 23:00:00,Annual,Natural gas,Total,Million cubic metres,Belgium,2001,16075.000,,
ESTAT:NRG_TI_GAS(1.0),24/03/26 23:00:00,Annual,Natural gas,Total,Million cubic metres,Belgium,2002,16648.000,,
ESTAT:NRG_TI_GAS(1.0),24/03/26 23:00:00,Annual,Natural gas,Total,Million cubic metres,Belgium,2003,17293.000,,
ESTAT:NRG_TI_GAS(1.0),24/03/26 23:00:00,Annual,Natural gas,Total,Million cubic metres,Belgium,2004,17766.000,,
ESTAT:NRG_TI_GAS(1.0),24/03/26 23:00:00,Annual,Natural gas,Total,Million cubic metres,Belgium,2005,17955.000,,
ESTAT:NRG_TI_GAS(1.0),24/03/26 23:00:00,Annual,Natural gas,Total,Million cubic metres,Belgium,2006,18245.000,,
ESTAT:NRG_TI_GAS(1.0),24/03/26 23:00:00,Annual,Natural gas,Total,Million cubic metres,Belgium,2007,18222.000,,
ESTAT:NRG_TI_GAS(1.0),24/03/26 23:00:00,Annual,Natural gas,Total,Million cubic metres,Belgium,2008,18918.000,,
ESTAT:NRG_TI_GAS(1.0),24/03/26 23:00:00,Annual,Natural gas,Total,Million cubic metres,Belgium,2009,21770.000,,
ESTAT:NRG_TI_GAS(1.0),24/03/26 23:00:00,Annual,Natural gas,Total,Million cubic metres,Belgium,2010,23723.000,,
ESTAT:NRG_TI_GAS(1.0),24/03/26 23:00:00,Annual,Natural gas,Total,Million cubic metres,Belgium,2011,21840.000,,
ESTAT:NRG_TI_GAS(1.0),24/03/26 23:00:00,Annual,Natural gas,Total,Million cubic metres,Belgium,2012,18922.000,,
ESTAT:NRG_TI_GAS(1.0),24/03/26 23:00:00,Annual,Natural gas,Total,Million cubic metres,Belgium,2013,19155.000,,
ESTAT:NRG_TI_GAS(1.0),24/03/26 23:00:00,Annual,Natural gas,Total,Million cubic metres,Belgium,2014,16845.800,,
ESTAT:NRG_TI_GAS(1.0),24/03/26 23:00:00,Annual,Natural gas,Total,Million cubic metres,Belgium,2015,18766.100,,
ESTAT:NRG_TI_GAS(1.0),24/03/26 23:00:00,Annual,Natural gas,Total,Million cubic metres,Belgium,2016,18232.800,,
ESTAT:NRG_TI_GAS(1.0),24/03/26 23:00:00,Annual,Natural gas,Total,Million cubic metres,Belgium,2017,17870.300,b,
ESTAT:NRG_TI_GAS(1.0),24/03/26 23:00:00,Annual,Natural gas,Total,Million cubic metres,Belgium,2018,19804.500,,
ESTAT:NRG_TI_GAS(1.0),24/03/26 23:00:00,Annual,Natural gas,Total,Million cubic metres,Belgium,2019,23264.500,,
ESTAT:NRG_TI_GAS(1.0),24/03/26 23:00:00,Annual,Natural gas,Total,Million cubic metres,Belgium,2020,21678.700,,
ESTAT:NRG_TI_GAS(1.0),24/03/26 23:00:00,Annual,Natural gas,Total,Million cubic metres,Belgium,2021,21280.100,,
ESTAT:NRG_TI_GAS(1.0),24/03/26 23:00:00,Annual,Natural gas,Total,Million cubic metres,Belgium,2022,24182.700,,
ESTAT:NRG_TI_GAS(1.0),24/03/26 23:00:00,Annual,Natural gas,Total,Million cubic metres,Belgium,2023,22783.500,,
ESTAT:NRG_TI_GAS(1.0),24/03/26 23:00:00,Annual,Natural gas,Total,Million cubic metres,Belgium,2024,18952.300,,
ESTAT:NRG_TI_GAS(1.0),24/03/26 23:00:00,Annual,Natural gas,Total,Million cubic metres,Bulgaria,1990,6732.000,,
ESTAT:NRG_TI_GAS(1.0),24/03/26 23:00:00,Annual,Natural gas,Total,Million cubic metres,Bulgaria,1991,5563.000,,
ESTAT:NRG_TI_GAS(1.0),24/03/26 23:00:00,Annual,Natural gas,Total,Million cubic metres,Bulgaria,1992,5024.000,,
ESTAT:NRG_TI_GAS(1.0),24/03/26 23:00:00,Annual,Natural gas,Total,Million cubic metres,Bulgaria,1993,4677.000,,
ESTAT:NRG_TI_GAS(1.0),24/03/26 23:00:00,Annual,Natural gas,Total,Million cubic metres,Bulgaria,1994,4633.000,,
ESTAT:NRG_TI_GAS(1.0),24/03/26 23:00:00,Annual,Natural gas,Total,Million cubic metres,Bulgaria,1995,5652.000,,
ESTAT:NRG_TI_GAS(1.0),24/03/26 23:00:00,Annual,Natural gas,Total,Million cubic metres,Bulgaria,1996,5859.000,,
ESTAT:NRG_TI_GAS(1.0),24/03/26 23:00:00,Annual,Natural gas,Total,Million cubic metres,Bulgaria,1997,4775.000,,
ESTAT:NRG_TI_GAS(1.0),24/03/26 23:00:00,Annual,Natural gas,Total,Million cubic metres,Bulgaria,1998,3867.000,,
ESTAT:NRG_TI_GAS(1.0),24/03/26 23:00:00,Annual,Natural gas,Total,Million cubic metres,Bulgaria,1999,3404.000,,
ESTAT:NRG_TI_GAS(1.0),24/03/26 23:00:00,Annual,Natural gas,Total,Million cubic metres,Bulgaria,2000,3384.000,,
ESTAT:NRG_TI_GAS(1.0),24/03/26 23:00:00,Annual,Natural gas,Total,Million cubic metres,Bulgaria,2001,3367.000,,
ESTAT:NRG_TI_GAS(1.0),24/03/26 23:00:00,Annual,Natural gas,Total,Million cubic metres,Bulgaria,2002,3074.000,,
ESTAT:NRG_TI_GAS(1.0),24/03/26 23:00:00,Annual,Natural gas,Total,Million cubic metres,Bulgaria,2003,2895.000,,
ESTAT:NRG_TI_GAS(1.0),24/03/26 23:00:00,Annual,Natural gas,Total,Million cubic metres,Bulgaria,2004,2960.000,,
ESTAT:NRG_TI_GAS(1.0),24/03/26 23:00:00,Annual,Natural gas,Total,Million cubic metres,Bulgaria,2005,3014.000,,
ESTAT:NRG_TI_GAS(1.0),24/03/26 23:00:00,Annual,Natural gas,Total,Million cubic metres,Bulgaria,2006,3195.000,,
ESTAT:NRG_TI_GAS(1.0),24/03/26 23:00:00,Annual,Natural gas,Total,Million cubic metres,Bulgaria,2007,3370.000,,
ESTAT:NRG_TI_GAS(1.0),24/03/26 23:00:00,Annual,Natural gas,Total,Million cubic metres,Bulgaria,2008,3432.000,,
ESTAT:NRG_TI_GAS(1.0),24/03/26 23:00:00,Annual,Natural gas,Total,Million cubic metres,Bulgaria,2009,2604.000,,
ESTAT:NRG_TI_GAS(1.0),24/03/26 23:00:00,Annual,Natural gas,Total,Million cubic metres,Bulgaria,2010,2608.000,,
ESTAT:NRG_TI_GAS(1.0),24/03/26 23:00:00,Annual,Natural gas,Total,Million cubic metres,Bulgaria,2011,2764.000,,
ESTAT:NRG_TI_GAS(1.0),24/03/26 23:00:00,Annual,Natural gas,Total,Million cubic metres,Bulgaria,2012,2485.000,,
ESTAT:NRG_TI_GAS(1.0),24/03/26 23:00:00,Annual,Natural gas,Total,Million cubic metres,Bulgaria,2013,2698.000,,
ESTAT:NRG_TI_GAS(1.0),24/03/26 23:00:00,Annual,Natural gas,Total,Million cubic metres,Bulgaria,2014,2683.000,,
ESTAT:NRG_TI_GAS(1.0),24/03/26 23:00:00,Annual,Natural gas,Total,Million cubic metres,Bulgaria,2015,3010.000,,
ESTAT:NRG_TI_GAS(1.0),24/03/26 23:00:00,Annual,Natural gas,Total,Million cubic metres,Bulgaria,2016,3094.000,,
ESTAT:NRG_TI_GAS(1.0),24/03/26 23:00:00,Annual,Natural gas,Total,Million cubic metres,Bulgaria,2017,3268.781,,
ESTAT:NRG_TI_GAS(1.0),24/03/26 23:00:00,Annual,Natural gas,Total,Million cubic metres,Bulgaria,2018,3115.070,,
ESTAT:NRG_TI_GAS(1.0),24/03/26 23:00:00,Annual,Natural gas,Total,Million cubic metres,Bulgaria,2019,2949.968,,
ESTAT:NRG_TI_GAS(1.0),24/03/26 23:00:00,Annual,Natural gas,Total,Million cubic metres,Bulgaria,2020,2925.938,,
ESTAT:NRG_TI_GAS(1.0),24/03/26 23:00:00,Annual,Natural gas,Total,Million cubic metres,Bulgaria,2021,3290.561,,
ESTAT:NRG_TI_GAS(1.0),24/03/26 23:00:00,Annual,Natural gas,Total,Million cubic metres,Bulgaria,2022,2911.098,,
ESTAT:NRG_TI_GAS(1.0),24/03/26 23:00:00,Annual,Natural gas,Total,Million cubic metres,Bulgaria,2023,2544.113,,
ESTAT:NRG_TI_GAS(1.0),24/03/26 23:00:00,Annual,Natural gas,Total,Million cubic metres,Bulgaria,2024,2684.093,,
ESTAT:NRG_TI_GAS(1.0),24/03/26 23:00:00,Annual,Natural gas,Total,Million cubic metres,Cyprus,1990,0.000,,
ESTAT:NRG_TI_GAS(1.0),24/03/26 23:00:00,Annual,Natural gas,Total,Million cubic metres,Cyprus,1991,0.000,,
ESTAT:NRG_TI_GAS(1.0),24/03/26 23:00:00,Annual,Natural gas,Total,Million cubic metres,Cyprus,1992,0.000,,
ESTAT:NRG_TI_GAS(1.0),24/03/26 23:00:00,Annual,Natural gas,Total,Million cubic metres,Cyprus,1993,0.000,,
ESTAT:NRG_TI_GAS(1.0),24/03/26 23:00:00,Annual,Natural gas,Total,Million cubic metres,Cyprus,1994,0.000,,
ESTAT:NRG_TI_GAS(1.0),24/03/26 23:00:00,Annual,Natural gas,Total,Million cubic metres,Cyprus,1995,0.000,,
ESTAT:NRG_TI_GAS(1.0),24/03/26 23:00:00,Annual,Natural gas,Total,Million cubic metres,Cyprus,1996,0.000,,
ESTAT:NRG_TI_GAS(1.0),24/03/26 23:00:00,Annual,Natural gas,Total,Million cubic metres,Cyprus,1997,0.000,,
ESTAT:NRG_TI_GAS(1.0),24/03/26 23:00:00,Annual,Natural gas,Total,Million cubic metres,Cyprus,1998,0.000,,
ESTAT:NRG_TI_GAS(1.0),24/03/26 23:00:00,Annual,Natural gas,Total,Million cubic metres,Cyprus,1999,0.000,,
ESTAT:NRG_TI_GAS(1.0),24/03/26 23:00:00,Annual,Natural gas,Total,Million cubic metres,Cyprus,2000,0.000,,
ESTAT:NRG_TI_GAS(1.0),24/03/26 23:00:00,Annual,Natural gas,Total,Million cubic metres,Cyprus,2001,0.000,,
ESTAT:NRG_TI_GAS(1.0),24/03/26 23:00:00,Annual,Natural gas,Total,Million cubic metres,Cyprus,2002,0.000,,
ESTAT:NRG_TI_GAS(1.0),24/03/26 23:00:00,Annual,Natural gas,Total,Million cubic metres,Cyprus,2003,0.000,,
ESTAT:NRG_TI_GAS(1.0),24/03/26 23:00:00,Annual,Natural gas,Total,Million cubic metres,Cyprus,2004,0.000,,
ESTAT:NRG_TI_GAS(1.0),24/03/26 23:00:00,Annual,Natural gas,Total,Million cubic metres,Cyprus,2005,0.000,,
ESTAT:NRG_TI_GAS(1.0),24/03/26 23:00:00,Annual,Natural gas,Total,Million cubic metres,Cyprus,2006,0.000,,
ESTAT:NRG_TI_GAS(1.0),24/03/26 23:00:00,Annual,Natural gas,Total,Million cubic metres,Cyprus,2007,0.000,,
ESTAT:NRG_TI_GAS(1.0),24/03/26 23:00:00,Annual,Natural gas,Total,Million cubic metres,Cyprus,2008,0.000,,
ESTAT:NRG_TI_GAS(1.0),24/03/26 23:00:00,Annual,Natural gas,Total,Million cubic metres,Cyprus,2009,0.000,,
ESTAT:NRG_TI_GAS(1.0),24/03/26 23:00:00,Annual,Natural gas,Total,Million cubic metres,Cyprus,2010,0.000,,
ESTAT:NRG_TI_GAS(1.0),24/03/26 23:00:00,Annual,Natural gas,Total,Million cubic metres,Cyprus,2011,0.000,,
ESTAT:NRG_TI_GAS(1.0),24/03/26 23:00:00,Annual,Natural gas,Total,Million cubic metres,Cyprus,2012,0.000,,
ESTAT:NRG_TI_GAS(1.0),24/03/26 23:00:00,Annual,Natural gas,Total,Million cubic metres,Cyprus,2013,0.000,,
ESTAT:NRG_TI_GAS(1.0),24/03/26 23:00:00,Annual,Natural gas,Total,Million cubic metres,Cyprus,2014,0.000,,
ESTAT:NRG_TI_GAS(1.0),24/03/26 23:00:00,Annual,Natural gas,Total,Million cubic metres,Cyprus,2015,0.000,,
ESTAT:NRG_TI_GAS(1.0),24/03/26 23:00:00,Annual,Natural gas,Total,Million cubic metres,Cyprus,2016,0.000,,
ESTAT:NRG_TI_GAS(1.0),24/03/26 23:00:00,Annual,Natural gas,Total,Million cubic metres,Cyprus,2017,0.000,,
ESTAT:NRG_TI_GAS(1.0),24/03/26 23:00:00,Annual,Natural gas,Total,Million cubic metres,Cyprus,2018,0.000,,
ESTAT:NRG_TI_GAS(1.0),24/03/26 23:00:00,Annual,Natural gas,Total,Million cubic metres,Cyprus,2019,0.000,,
ESTAT:NRG_TI_GAS(1.0),24/03/26 23:00:00,Annual,Natural gas,Total,Million cubic metres,Cyprus,2020,0.000,,
ESTAT:NRG_TI_GAS(1.0),24/03/26 23:00:00,Annual,Natural gas,Total,Million cubic metres,Cyprus,2021,0.000,,
ESTAT:NRG_TI_GAS(1.0),24/03/26 23:00:00,Annual,Natural gas,Total,Million cubic metres,Cyprus,2022,0.000,,
ESTAT:NRG_TI_GAS(1.0),24/03/26 23:00:00,Annual,Natural gas,Total,Million cubic metres,Cyprus,2023,0.000,,
ESTAT:NRG_TI_GAS(1.0),24/03/26 23:00:00,Annual,Natural gas,Total,Million cubic metres,Cyprus,2024,0.000,,
ESTAT:NRG_TI_GAS(1.0),24/03/26 23:00:00,Annual,Natural gas,Total,Million cubic metres,Czechia,1990,5988.000,,
ESTAT:NRG_TI_GAS(1.0),24/03/26 23:00:00,Annual,Natural gas,Total,Million cubic metres,Czechia,1991,6891.000,,
ESTAT:NRG_TI_GAS(1.0),24/03/26 23:00:00,Annual,Natural gas,Total,Million cubic metres,Czechia,1992,6844.000,,
ESTAT:NRG_TI_GAS(1.0),24/03/26 23:00:00,Annual,Natural gas,Total,Million cubic metres,Czechia,1993,6994.000,,
ESTAT:NRG_TI_GAS(1.0),24/03/26 23:00:00,Annual,Natural gas,Total,Million cubic metres,Czechia,1994,7165.000,,
ESTAT:NRG_TI_GAS(1.0),24/03/26 23:00:00,Annual,Natural gas,Total,Million cubic metres,Czechia,1995,7904.000,,
ESTAT:NRG_TI_GAS(1.0),24/03/26 23:00:00,Annual,Natural gas,Total,Million cubic metres,Czechia,1996,9297.000,,
ESTAT:NRG_TI_GAS(1.0),24/03/26 23:00:00,Annual,Natural gas,Total,Million cubic metres,Czechia,1997,9368.000,,
ESTAT:NRG_TI_GAS(1.0),24/03/26 23:00:00,Annual,Natural gas,Total,Million cubic metres,Czechia,1998,9343.000,,
ESTAT:NRG_TI_GAS(1.0),24/03/26 23:00:00,Annual,Natural gas,Total,Million cubic metres,Czechia,1999,9160.000,,
ESTAT:NRG_TI_GAS(1.0),24/03/26 23:00:00,Annual,Natural gas,Total,Million cubic metres,Czechia,2000,9209.000,,
ESTAT:NRG_TI_GAS(1.0),24/03/26 23:00:00,Annual,Natural gas,Total,Million cubic metres,Czechia,2001,9521.000,,
ESTAT:NRG_TI_GAS(1.0),24/03/26 23:00:00,Annual,Natural gas,Total,Million cubic metres,Czechia,2002,9734.000,,
ESTAT:NRG_TI_GAS(1.0),24/03/26 23:00:00,Annual,Natural gas,Total,Million cubic metres,Czechia,2003,9525.000,,
ESTAT:NRG_TI_GAS(1.0),24/03/26 23:00:00,Annual,Natural gas,Total,Million cubic metres,Czechia,2004,8817.000,,
ESTAT:NRG_TI_GAS(1.0),24/03/26 23:00:00,Annual,Natural gas,Total,Million cubic metres,Czechia,2005,9359.000,,
ESTAT:NRG_TI_GAS(1.0),24/03/26 23:00:00,Annual,Natural gas,Total,Million cubic metres,Czechia,2006,9794.000,,
ESTAT:NRG_TI_GAS(1.0),24/03/26 23:00:00,Annual,Natural gas,Total,Million cubic metres,Czechia,2007,8379.000,,
ESTAT:NRG_TI_GAS(1.0),24/03/26 23:00:00,Annual,Natural gas,Total,Million cubic metres,Czechia,2008,8693.000,,
ESTAT:NRG_TI_GAS(1.0),24/03/26 23:00:00,Annual,Natural gas,Total,Million cubic metres,Czechia,2009,8670.000,,
ESTAT:NRG_TI_GAS(1.0),24/03/26 23:00:00,Annual,Natural gas,Total,Million cubic metres,Czechia,2010,8510.000,,
ESTAT:NRG_TI_GAS(1.0),24/03/26 23:00:00,Annual,Natural gas,Total,Million cubic metres,Czechia,2011,9321.000,,
ESTAT:NRG_TI_GAS(1.0),24/03/26 23:00:00,Annual,Natural gas,Total,Million cubic metres,Czechia,2012,7471.000,,
ESTAT:NRG_TI_GAS(1.0),24/03/26 23:00:00,Annual,Natural gas,Total,Million cubic metres,Czechia,2013,8468.000,,
ESTAT:NRG_TI_GAS(1.0),24/03/26 23:00:00,Annual,Natural gas,Total,Million cubic metres,Czechia,2014,7249.000,,
ESTAT:NRG_TI_GAS(1.0),24/03/26 23:00:00,Annual,Natural gas,Total,Million cubic metres,Czechia,2015,7474.000,,
ESTAT:NRG_TI_GAS(1.0),24/03/26 23:00:00,Annual,Natural gas,Total,Million cubic metres,Czechia,2016,8123.000,,
ESTAT:NRG_TI_GAS(1.0),24/03/26 23:00:00,Annual,Natural gas,Total,Million cubic metres,Czechia,2017,8889.000,,
ESTAT:NRG_TI_GAS(1.0),24/03/26 23:00:00,Annual,Natural gas,Total,Million cubic metres,Czechia,2018,8007.991,,
ESTAT:NRG_TI_GAS(1.0),24/03/26 23:00:00,Annual,Natural gas,Total,Million cubic metres,Czechia,2019,9533.193,,
ESTAT:NRG_TI_GAS(1.0),24/03/26 23:00:00,Annual,Natural gas,Total,Million cubic metres,Czechia,2020,7589.967,,
ESTAT:NRG_TI_GAS(1.0),24/03/26 23:00:00,Annual,Natural gas,Total,Million cubic metres,Czechia,2021,8718.897,,
ESTAT:NRG_TI_GAS(1.0),24/03/26 23:00:00,Annual,Natural gas,Total,Million cubic metres,Czechia,2022,8612.009,,
ESTAT:NRG_TI_GAS(1.0),24/03/26 23:00:00,Annual,Natural gas,Total,Million cubic metres,Czechia,2023,6808.332,,
ESTAT:NRG_TI_GAS(1.0),24/03/26 23:00:00,Annual,Natural gas,Total,Million cubic metres,Czechia,2024,5722.136,,
ESTAT:NRG_TI_GAS(1.0),24/03/26 23:00:00,Annual,Natural gas,Total,Million cubic metres,Germany,1990,54288.000,,
ESTAT:NRG_TI_GAS(1.0),24/03/26 23:00:00,Annual,Natural gas,Total,Million cubic metres,Germany,1991,56789.000,,
ESTAT:NRG_TI_GAS(1.0),24/03/26 23:00:00,Annual,Natural gas,Total,Million cubic metres,Germany,1992,58229.000,,
ESTAT:NRG_TI_GAS(1.0),24/03/26 23:00:00,Annual,Natural gas,Total,Million cubic metres,Germany,1993,62343.000,,
ESTAT:NRG_TI_GAS(1.0),24/03/26 23:00:00,Annual,Natural gas,Total,Million cubic metres,Germany,1994,64889.000,,
ESTAT:NRG_TI_GAS(1.0),24/03/26 23:00:00,Annual,Natural gas,Total,Million cubic metres,Germany,1995,70208.000,,
ESTAT:NRG_TI_GAS(1.0),24/03/26 23:00:00,Annual,Natural gas,Total,Million cubic metres,Germany,1996,79555.000,,
ESTAT:NRG_TI_GAS(1.0),24/03/26 23:00:00,Annual,Natural gas,Total,Million cubic metres,Germany,1997,76594.000,,
ESTAT:NRG_TI_GAS(1.0),24/03/26 23:00:00,Annual,Natural gas,Total,Million cubic metres,Germany,1998,74247.000,,
ESTAT:NRG_TI_GAS(1.0),24/03/26 23:00:00,Annual,Natural gas,Total,Million cubic metres,Germany,1999,76761.000,,
ESTAT:NRG_TI_GAS(1.0),24/03/26 23:00:00,Annual,Natural gas,Total,Million cubic metres,Germany,2000,75767.000,,
ESTAT:NRG_TI_GAS(1.0),24/03/26 23:00:00,Annual,Natural gas,Total,Million cubic metres,Germany,2001,78728.000,,
ESTAT:NRG_TI_GAS(1.0),24/03/26 23:00:00,Annual,Natural gas,Total,Million cubic metres,Germany,2002,81341.000,,
ESTAT:NRG_TI_GAS(1.0),24/03/26 23:00:00,Annual,Natural gas,Total,Million cubic metres,Germany,2003,83966.000,,
ESTAT:NRG_TI_GAS(1.0),24/03/26 23:00:00,Annual,Natural gas,Total,Million cubic metres,Germany,2004,90421.000,,
ESTAT:NRG_TI_GAS(1.0),24/03/26 23:00:00,Annual,Natural gas,Total,Million cubic metres,Germany,2005,94143.000,,
ESTAT:NRG_TI_GAS(1.0),24/03/26 23:00:00,Annual,Natural gas,Total,Million cubic metres,Germany,2006,93044.000,,
ESTAT:NRG_TI_GAS(1.0),24/03/26 23:00:00,Annual,Natural gas,Total,Million cubic metres,Germany,2007,86600.000,,
ESTAT:NRG_TI_GAS(1.0),24/03/26 23:00:00,Annual,Natural gas,Total,Million cubic metres,Germany,2008,90759.000,,
ESTAT:NRG_TI_GAS(1.0),24/03/26 23:00:00,Annual,Natural gas,Total,Million cubic metres,Germany,2009,87657.000,,
ESTAT:NRG_TI_GAS(1.0),24/03/26 23:00:00,Annual,Natural gas,Total,Million cubic metres,Germany,2010,94026.000,,
ESTAT:NRG_TI_GAS(1.0),24/03/26 23:00:00,Annual,Natural gas,Total,Million cubic metres,Germany,2011,89645.000,,
ESTAT:NRG_TI_GAS(1.0),24/03/26 23:00:00,Annual,Natural gas,Total,Million cubic metres,Germany,2012,88401.000,,
ESTAT:NRG_TI_GAS(1.0),24/03/26 23:00:00,Annual,Natural gas,Total,Million cubic metres,Germany,2013,97777.000,,
ESTAT:NRG_TI_GAS(1.0),24/03/26 23:00:00,Annual,Natural gas,Total,Million cubic metres,Germany,2014,89896.000,,
ESTAT:NRG_TI_GAS(1.0),24/03/26 23:00:00,Annual,Natural gas,Total,Million cubic metres,Germany,2015,102517.000,,
ESTAT:NRG_TI_GAS(1.0),24/03/26 23:00:00,Annual,Natural gas,Total,Million cubic metres,Germany,2016,97379.000,,
ESTAT:NRG_TI_GAS(1.0),24/03/26 23:00:00,Annual,Natural gas,Total,Million cubic metres,Germany,2017,118694.443,,
ESTAT:NRG_TI_GAS(1.0),24/03/26 23:00:00,Annual,Natural gas,Total,Million cubic metres,Germany,2018,88347.545,,
ESTAT:NRG_TI_GAS(1.0),24/03/26 23:00:00,Annual,Natural gas,Total,Million cubic metres,Germany,2019,94786.760,,
ESTAT:NRG_TI_GAS(1.0),24/03/26 23:00:00,Annual,Natural gas,Total,Million cubic metres,Germany,2020,80439.019,,
ESTAT:NRG_TI_GAS(1.0),24/03/26 23:00:00,Annual,Natural gas,Total,Million cubic metres,Germany,2021,84808.432,,
ESTAT:NRG_TI_GAS(1.0),24/03/26 23:00:00,Annual,Natural gas,Total,Million cubic metres,Germany,2022,87694.613,,
ESTAT:NRG_TI_GAS(1.0),24/03/26 23:00:00,Annual,Natural gas,Total,Million cubic metres,Germany,2023,71591.397,,
ESTAT:NRG_TI_GAS(1.0),24/03/26 23:00:00,Annual,Natural gas,Total,Million cubic metres,Germany,2024,70859.706,,
ESTAT:NRG_TI_GAS(1.0),24/03/26 23:00:00,Annual,Natural gas,Total,Million cubic metres,Denmark,1990,0.000,,
ESTAT:NRG_TI_GAS(1.0),24/03/26 23:00:00,Annual,Natural gas,Total,Million cubic metres,Denmark,1991,0.000,,
ESTAT:NRG_TI_GAS(1.0),24/03/26 23:00:00,Annual,Natural gas,Total,Million cubic metres,Denmark,1992,0.000,,
ESTAT:NRG_TI_GAS(1.0),24/03/26 23:00:00,Annual,Natural gas,Total,Million cubic metres,Denmark,1993,0.000,,
ESTAT:NRG_TI_GAS(1.0),24/03/26 23:00:00,Annual,Natural gas,Total,Million cubic metres,Denmark,1994,0.000,,
ESTAT:NRG_TI_GAS(1.0),24/03/26 23:00:00,Annual,Natural gas,Total,Million cubic metres,Denmark,1995,0.000,,
ESTAT:NRG_TI_GAS(1.0),24/03/26 23:00:00,Annual,Natural gas,Total,Million cubic metres,Denmark,1996,0.000,,
ESTAT:NRG_TI_GAS(1.0),24/03/26 23:00:00,Annual,Natural gas,Total,Million cubic metres,Denmark,1997,0.000,,
ESTAT:NRG_TI_GAS(1.0),24/03/26 23:00:00,Annual,Natural gas,Total,Million cubic metres,Denmark,1998,0.000,,
ESTAT:NRG_TI_GAS(1.0),24/03/26 23:00:00,Annual,Natural gas,Total,Million cubic metres,Denmark,1999,0.000,,
ESTAT:NRG_TI_GAS(1.0),24/03/26 23:00:00,Annual,Natural gas,Total,Million cubic metres,Denmark,2000,0.000,,
ESTAT:NRG_TI_GAS(1.0),24/03/26 23:00:00,Annual,Natural gas,Total,Million cubic metres,Denmark,2001,0.000,,
ESTAT:NRG_TI_GAS(1.0),24/03/26 23:00:00,Annual,Natural gas,Total,Million cubic metres,Denmark,2002,0.000,,
ESTAT:NRG_TI_GAS(1.0),24/03/26 23:00:00,Annual,Natural gas,Total,Million cubic metres,Denmark,2003,0.000,,
ESTAT:NRG_TI_GAS(1.0),24/03/26 23:00:00,Annual,Natural gas,Total,Million cubic metres,Denmark,2004,0.000,,
ESTAT:NRG_TI_GAS(1.0),24/03/26 23:00:00,Annual,Natural gas,Total,Million cubic metres,Denmark,2005,0.000,,
ESTAT:NRG_TI_GAS(1.0),24/03/26 23:00:00,Annual,Natural gas,Total,Million cubic metres,Denmark,2006,0.000,,
ESTAT:NRG_TI_GAS(1.0),24/03/26 23:00:00,Annual,Natural gas,Total,Million cubic metres,Denmark,2007,0.000,,
ESTAT:NRG_TI_GAS(1.0),24/03/26 23:00:00,Annual,Natural gas,Total,Million cubic metres,Denmark,2008,0.000,,
ESTAT:NRG_TI_GAS(1.0),24/03/26 23:00:00,Annual,Natural gas,Total,Million cubic metres,Denmark,2009,0.000,,
ESTAT:NRG_TI_GAS(1.0),24/03/26 23:00:00,Annual,Natural gas,Total,Million cubic metres,Denmark,2010,152.000,,
ESTAT:NRG_TI_GAS(1.0),24/03/26 23:00:00,Annual,Natural gas,Total,Million cubic metres,Denmark,2011,841.000,,
ESTAT:NRG_TI_GAS(1.0),24/03/26 23:00:00,Annual,Natural gas,Total,Million cubic metres,Denmark,2012,918.000,,
ESTAT:NRG_TI_GAS(1.0),24/03/26 23:00:00,Annual,Natural gas,Total,Million cubic metres,Denmark,2013,1363.000,,
ESTAT:NRG_TI_GAS(1.0),24/03/26 23:00:00,Annual,Natural gas,Total,Million cubic metres,Denmark,2014,624.999,,
ESTAT:NRG_TI_GAS(1.0),24/03/26 23:00:00,Annual,Natural gas,Total,Million cubic metres,Denmark,2015,661.672,,
ESTAT:NRG_TI_GAS(1.0),24/03/26 23:00:00,Annual,Natural gas,Total,Million cubic metres,Denmark,2016,683.855,,
ESTAT:NRG_TI_GAS(1.0),24/03/26 23:00:00,Annual,Natural gas,Total,Million cubic metres,Denmark,2017,520.291,,
ESTAT:NRG_TI_GAS(1.0),24/03/26 23:00:00,Annual,Natural gas,Total,Million cubic metres,Denmark,2018,389.005,,
ESTAT:NRG_TI_GAS(1.0),24/03/26 23:00:00,Annual,Natural gas,Total,Million cubic metres,Denmark,2019,1138.958,,
ESTAT:NRG_TI_GAS(1.0),24/03/26 23:00:00,Annual,Natural gas,Total,Million cubic metres,Denmark,2020,2666.482,,
ESTAT:NRG_TI_GAS(1.0),24/03/26 23:00:00,Annual,Natural gas,Total,Million cubic metres,Denmark,2021,2502.686,,
ESTAT:NRG_TI_GAS(1.0),24/03/26 23:00:00,Annual,Natural gas,Total,Million cubic metres,Denmark,2022,2729.365,,
ESTAT:NRG_TI_GAS(1.0),24/03/26 23:00:00,Annual,Natural gas,Total,Million cubic metres,Denmark,2023,8614.097,,
ESTAT:NRG_TI_GAS(1.0),24/03/26 23:00:00,Annual,Natural gas,Total,Million cubic metres,Denmark,2024,8388.473,,
ESTAT:NRG_TI_GAS(1.0),24/03/26 23:00:00,Annual,Natural gas,Total,Million cubic metres,Euro area – 20 countries (2023-2025),1990,157298.000,,
ESTAT:NRG_TI_GAS(1.0),24/03/26 23:00:00,Annual,Natural gas,Total,Million cubic metres,Euro area – 20 countries (2023-2025),1991,163572.000,,
ESTAT:NRG_TI_GAS(1.0),24/03/26 23:00:00,Annual,Natural gas,Total,Million cubic metres,Euro area – 20 countries (2023-2025),1992,166268.000,,
ESTAT:NRG_TI_GAS(1.0),24/03/26 23:00:00,Annual,Natural gas,Total,Million cubic metres,Euro area – 20 countries (2023-2025),1993,164075.000,,
ESTAT:NRG_TI_GAS(1.0),24/03/26 23:00:00,Annual,Natural gas,Total,Million cubic metres,Euro area – 20 countries (2023-2025),1994,167553.000,,
ESTAT:NRG_TI_GAS(1.0),24/03/26 23:00:00,Annual,Natural gas,Total,Million cubic metres,Euro area – 20 countries (2023-2025),1995,184192.000,,
ESTAT:NRG_TI_GAS(1.0),24/03/26 23:00:00,Annual,Natural gas,Total,Million cubic metres,Euro area – 20 countries (2023-2025),1996,205900.000,,
ESTAT:NRG_TI_GAS(1.0),24/03/26 23:00:00,Annual,Natural gas,Total,Million cubic metres,Euro area – 20 countries (2023-2025),1997,209969.000,,
ESTAT:NRG_TI_GAS(1.0),24/03/26 23:00:00,Annual,Natural gas,Total,Million cubic metres,Euro area – 20 countries (2023-2025),1998,215819.000,,
ESTAT:NRG_TI_GAS(1.0),24/03/26 23:00:00,Annual,Natural gas,Total,Million cubic metres,Euro area – 20 countries (2023-2025),1999,240078.000,,
ESTAT:NRG_TI_GAS(1.0),24/03/26 23:00:00,Annual,Natural gas,Total,Million cubic metres,Euro area – 20 countries (2023-2025),2000,258168.985,,
ESTAT:NRG_TI_GAS(1.0),24/03/26 23:00:00,Annual,Natural gas,Total,Million cubic metres,Euro area – 20 countries (2023-2025),2001,263383.604,,
ESTAT:NRG_TI_GAS(1.0),24/03/26 23:00:00,Annual,Natural gas,Total,Million cubic metres,Euro area – 20 countries (2023-2025),2002,283515.637,,
ESTAT:NRG_TI_GAS(1.0),24/03/26 23:00:00,Annual,Natural gas,Total,Million cubic metres,Euro area – 20 countries (2023-2025),2003,295869.813,,
ESTAT:NRG_TI_GAS(1.0),24/03/26 23:00:00,Annual,Natural gas,Total,Million cubic metres,Euro area – 20 countries (2023-2025),2004,308710.044,,
ESTAT:NRG_TI_GAS(1.0),24/03/26 23:00:00,Annual,Natural gas,Total,Million cubic metres,Euro area – 20 countries (2023-2025),2005,332329.847,,
ESTAT:NRG_TI_GAS(1.0),24/03/26 23:00:00,Annual,Natural gas,Total,Million cubic metres,Euro area – 20 countries (2023-2025),2006,337079.272,,
ESTAT:NRG_TI_GAS(1.0),24/03/26 23:00:00,Annual,Natural gas,Total,Million cubic metres,Euro area – 20 countries (2023-2025),2007,325835.005,,
ESTAT:NRG_TI_GAS(1.0),24/03/26 23:00:00,Annual,Natural gas,Total,Million cubic metres,Euro area – 20 countries (2023-2025),2008,342175.890,,
ESTAT:NRG_TI_GAS(1.0),24/03/26 23:00:00,Annual,Natural gas,Total,Million cubic metres,Euro area – 20 countries (2023-2025),2009,327586.653,,
ESTAT:NRG_TI_GAS(1.0),24/03/26 23:00:00,Annual,Natural gas,Total,Million cubic metres,Euro area – 20 countries (2023-2025),2010,345183.843,,
ESTAT:NRG_TI_GAS(1.0),24/03/26 23:00:00,Annual,Natural gas,Total,Million cubic metres,Euro area – 20 countries (2023-2025),2011,334404.145,,
ESTAT:NRG_TI_GAS(1.0),24/03/26 23:00:00,Annual,Natural gas,Total,Million cubic metres,Euro area – 20 countries (2023-2025),2012,324970.298,,
ESTAT:NRG_TI_GAS(1.0),24/03/26 23:00:00,Annual,Natural gas,Total,Million cubic metres,Euro area – 20 countries (2023-2025),2013,329022.736,,
ESTAT:NRG_TI_GAS(1.0),24/03/26 23:00:00,Annual,Natural gas,Total,Million cubic metres,Euro area – 20 countries (2023-2025),2014,306561.859,,
ESTAT:NRG_TI_GAS(1.0),24/03/26 23:00:00,Annual,Natural gas,Total,Million cubic metres,Euro area – 20 countries (2023-2025),2015,326134.731,,
ESTAT:NRG_TI_GAS(1.0),24/03/26 23:00:00,Annual,Natural gas,Total,Million cubic metres,Euro area – 20 countries (2023-2025),2016,331769.928,,
ESTAT:NRG_TI_GAS(1.0),24/03/26 23:00:00,Annual,Natural gas,Total,Million cubic metres,Euro area – 20 countries (2023-2025),2017,348395.725,,
ESTAT:NRG_TI_GAS(1.0),24/03/26 23:00:00,Annual,Natural gas,Total,Million cubic metres,Euro area – 20 countries (2023-2025),2018,324501.975,,
ESTAT:NRG_TI_GAS(1.0),24/03/26 23:00:00,Annual,Natural gas,Total,Million cubic metres,Euro area – 20 countries (2023-2025),2019,358626.565,,
ESTAT:NRG_TI_GAS(1.0),24/03/26 23:00:00,Annual,Natural gas,Total,Million cubic metres,Euro area – 20 countries (2023-2025),2020,319617.596,,
ESTAT:NRG_TI_GAS(1.0),24/03/26 23:00:00,Annual,Natural gas,Total,Million cubic metres,Euro area – 20 countries (2023-2025),2021,329086.861,,
ESTAT:NRG_TI_GAS(1.0),24/03/26 23:00:00,Annual,Natural gas,Total,Million cubic metres,Euro area – 20 countries (2023-2025),2022,363067.305,,
ESTAT:NRG_TI_GAS(1.0),24/03/26 23:00:00,Annual,Natural gas,Total,Million cubic metres,Euro area – 20 countries (2023-2025),2023,313193.777,,
ESTAT:NRG_TI_GAS(1.0),24/03/26 23:00:00,Annual,Natural gas,Total,Million cubic metres,Euro area – 20 countries (2023-2025),2024,289192.798,,
ESTAT:NRG_TI_GAS(1.0),24/03/26 23:00:00,Annual,Natural gas,Total,Million cubic metres,Euro area – 21 countries (from 2026),1990,164030,,
ESTAT:NRG_TI_GAS(1.0),24/03/26 23:00:00,Annual,Natural gas,Total,Million cubic metres,Euro area – 21 countries (from 2026),1991,169135,,
ESTAT:NRG_TI_GAS(1.0),24/03/26 23:00:00,Annual,Natural gas,Total,Million cubic metres,Euro area – 21 countries (from 2026),1992,171292,,
ESTAT:NRG_TI_GAS(1.0),24/03/26 23:00:00,Annual,Natural gas,Total,Million cubic metres,Euro area – 21 countries (from 2026),1993,168752,,
ESTAT:NRG_TI_GAS(1.0),24/03/26 23:00:00,Annual,Natural gas,Total,Million cubic metres,Euro area – 21 countries (from 2026),1994,172186,,
ESTAT:NRG_TI_GAS(1.0),24/03/26 23:00:00,Annual,Natural gas,Total,Million cubic metres,Euro area – 21 countries (from 2026),1995,189844,,
ESTAT:NRG_TI_GAS(1.0),24/03/26 23:00:00,Annual,Natural gas,Total,Million cubic metres,Euro area – 21 countries (from 2026),1996,211759,,
ESTAT:NRG_TI_GAS(1.0),24/03/26 23:00:00,Annual,Natural gas,Total,Million cubic metres,Euro area – 21 countries (from 2026),1997,214744,,
ESTAT:NRG_TI_GAS(1.0),24/03/26 23:00:00,Annual,Natural gas,Total,Million cubic metres,Euro area – 21 countries (from 2026),1998,219686,,
ESTAT:NRG_TI_GAS(1.0),24/03/26 23:00:00,Annual,Natural gas,Total,Million cubic metres,Euro area – 21 countries (from 2026),1999,243482,,
ESTAT:NRG_TI_GAS(1.0),24/03/26 23:00:00,Annual,Natural gas,Total,Million cubic metres,Euro area – 21 countries (from 2026),2000,261552.985,,
ESTAT:NRG_TI_GAS(1.0),24/03/26 23:00:00,Annual,Natural gas,Total,Million cubic metres,Euro area – 21 countries (from 2026),2001,266750.604,,
ESTAT:NRG_TI_GAS(1.0),24/03/26 23:00:00,Annual,Natural gas,Total,Million cubic metres,Euro area – 21 countries (from 2026),2002,286589.637,,
ESTAT:NRG_TI_GAS(1.0),24/03/26 23:00:00,Annual,Natural gas,Total,Million cubic metres,Euro area – 21 countries (from 2026),2003,298764.813,,
ESTAT:NRG_TI_GAS(1.0),24/03/26 23:00:00,Annual,Natural gas,Total,Million cubic metres,Euro area – 21 countries (from 2026),2004,311670.044,,
ESTAT:NRG_TI_GAS(1.0),24/03/26 23:00:00,Annual,Natural gas,Total,Million cubic metres,Euro area – 21 countries (from 2026),2005,335343.847,,
ESTAT:NRG_TI_GAS(1.0),24/03/26 23:00:00,Annual,Natural gas,Total,Million cubic metres,Euro area – 21 countries (from 2026),2006,340274.272,,
ESTAT:NRG_TI_GAS(1.0),24/03/26 23:00:00,Annual,Natural gas,Total,Million cubic metres,Euro area – 21 countries (from 2026),2007,329205.005,,
ESTAT:NRG_TI_GAS(1.0),24/03/26 23:00:00,Annual,Natural gas,Total,Million cubic metres,Euro area – 21 countries (from 2026),2008,345607.89,,
ESTAT:NRG_TI_GAS(1.0),24/03/26 23:00:00,Annual,Natural gas,Total,Million cubic metres,Euro area – 21 countries (from 2026),2009,330190.653,,
ESTAT:NRG_TI_GAS(1.0),24/03/26 23:00:00,Annual,Natural gas,Total,Million cubic metres,Euro area – 21 countries (from 2026),2010,347791.843,,
ESTAT:NRG_TI_GAS(1.0),24/03/26 23:00:00,Annual,Natural gas,Total,Million cubic metres,Euro area – 21 countries (from 2026),2011,337168.145,,
ESTAT:NRG_TI_GAS(1.0),24/03/26 23:00:00,Annual,Natural gas,Total,Million cubic metres,Euro area – 21 countries (from 2026),2012,327455.298,,
ESTAT:NRG_TI_GAS(1.0),24/03/26 23:00:00,Annual,Natural gas,Total,Million cubic metres,Euro area – 21 countries (from 2026),2013,331720.736,,
ESTAT:NRG_TI_GAS(1.0),24/03/26 23:00:00,Annual,Natural gas,Total,Million cubic metres,Euro area – 21 countries (from 2026),2014,309244.859,,
ESTAT:NRG_TI_GAS(1.0),24/03/26 23:00:00,Annual,Natural gas,Total,Million cubic metres,Euro area – 21 countries (from 2026),2015,329144.731,,
ESTAT:NRG_TI_GAS(1.0),24/03/26 23:00:00,Annual,Natural gas,Total,Million cubic metres,Euro area – 21 countries (from 2026),2016,334863.928,,
ESTAT:NRG_TI_GAS(1.0),24/03/26 23:00:00,Annual,Natural gas,Total,Million cubic metres,Euro area – 21 countries (from 2026),2017,351664.506,,
ESTAT:NRG_TI_GAS(1.0),24/03/26 23:00:00,Annual,Natural gas,Total,Million cubic metres,Euro area – 21 countries (from 2026),2018,327617.045,,
ESTAT:NRG_TI_GAS(1.0),24/03/26 23:00:00,Annual,Natural gas,Total,Million cubic metres,Euro area – 21 countries (from 2026),2019,361576.533,,
ESTAT:NRG_TI_GAS(1.0),24/03/26 23:00:00,Annual,Natural gas,Total,Million cubic metres,Euro area – 21 countries (from 2026),2020,322543.534,,
ESTAT:NRG_TI_GAS(1.0),24/03/26 23:00:00,Annual,Natural gas,Total,Million cubic metres,Euro area – 21 countries (from 2026),2021,332377.422,,
ESTAT:NRG_TI_GAS(1.0),24/03/26 23:00:00,Annual,Natural gas,Total,Million cubic metres,Euro area – 21 countries (from 2026),2022,365978.403,,
ESTAT:NRG_TI_GAS(1.0),24/03/26 23:00:00,Annual,Natural gas,Total,Million cubic metres,Euro area – 21 countries (from 2026),2023,315737.89,,
ESTAT:NRG_TI_GAS(1.0),24/03/26 23:00:00,Annual,Natural gas,Total,Million cubic metres,Euro area – 21 countries (from 2026),2024,291876.891,,
ESTAT:NRG_TI_GAS(1.0),24/03/26 23:00:00,Annual,Natural gas,Total,Million cubic metres,Estonia,1990,1482.000,,
ESTAT:NRG_TI_GAS(1.0),24/03/26 23:00:00,Annual,Natural gas,Total,Million cubic metres,Estonia,1991,1498.000,,
ESTAT:NRG_TI_GAS(1.0),24/03/26 23:00:00,Annual,Natural gas,Total,Million cubic metres,Estonia,1992,876.000,,
ESTAT:NRG_TI_GAS(1.0),24/03/26 23:00:00,Annual,Natural gas,Total,Million cubic metres,Estonia,1993,433.000,,
ESTAT:NRG_TI_GAS(1.0),24/03/26 23:00:00,Annual,Natural gas,Total,Million cubic metres,Estonia,1994,626.000,,
ESTAT:NRG_TI_GAS(1.0),24/03/26 23:00:00,Annual,Natural gas,Total,Million cubic metres,Estonia,1995,712.000,,
ESTAT:NRG_TI_GAS(1.0),24/03/26 23:00:00,Annual,Natural gas,Total,Million cubic metres,Estonia,1996,786.000,,
ESTAT:NRG_TI_GAS(1.0),24/03/26 23:00:00,Annual,Natural gas,Total,Million cubic metres,Estonia,1997,766.000,,
ESTAT:NRG_TI_GAS(1.0),24/03/26 23:00:00,Annual,Natural gas,Total,Million cubic metres,Estonia,1998,726.000,,
ESTAT:NRG_TI_GAS(1.0),24/03/26 23:00:00,Annual,Natural gas,Total,Million cubic metres,Estonia,1999,707.000,,
ESTAT:NRG_TI_GAS(1.0),24/03/26 23:00:00,Annual,Natural gas,Total,Million cubic metres,Estonia,2000,812.000,,
ESTAT:NRG_TI_GAS(1.0),24/03/26 23:00:00,Annual,Natural gas,Total,Million cubic metres,Estonia,2001,872.000,,
ESTAT:NRG_TI_GAS(1.0),24/03/26 23:00:00,Annual,Natural gas,Total,Million cubic metres,Estonia,2002,730.000,,
ESTAT:NRG_TI_GAS(1.0),24/03/26 23:00:00,Annual,Natural gas,Total,Million cubic metres,Estonia,2003,833.000,,
ESTAT:NRG_TI_GAS(1.0),24/03/26 23:00:00,Annual,Natural gas,Total,Million cubic metres,Estonia,2004,950.000,,
ESTAT:NRG_TI_GAS(1.0),24/03/26 23:00:00,Annual,Natural gas,Total,Million cubic metres,Estonia,2005,979.000,,
ESTAT:NRG_TI_GAS(1.0),24/03/26 23:00:00,Annual,Natural gas,Total,Million cubic metres,Estonia,2006,992.000,,
ESTAT:NRG_TI_GAS(1.0),24/03/26 23:00:00,Annual,Natural gas,Total,Million cubic metres,Estonia,2007,986.000,,
ESTAT:NRG_TI_GAS(1.0),24/03/26 23:00:00,Annual,Natural gas,Total,Million cubic metres,Estonia,2008,946.000,,
ESTAT:NRG_TI_GAS(1.0),24/03/26 23:00:00,Annual,Natural gas,Total,Million cubic metres,Estonia,2009,642.000,,
ESTAT:NRG_TI_GAS(1.0),24/03/26 23:00:00,Annual,Natural gas,Total,Million cubic metres,Estonia,2010,701.000,,
ESTAT:NRG_TI_GAS(1.0),24/03/26 23:00:00,Annual,Natural gas,Total,Million cubic metres,Estonia,2011,632.000,,
ESTAT:NRG_TI_GAS(1.0),24/03/26 23:00:00,Annual,Natural gas,Total,Million cubic metres,Estonia,2012,657.000,,
ESTAT:NRG_TI_GAS(1.0),24/03/26 23:00:00,Annual,Natural gas,Total,Million cubic metres,Estonia,2013,678.000,,
ESTAT:NRG_TI_GAS(1.0),24/03/26 23:00:00,Annual,Natural gas,Total,Million cubic metres,Estonia,2014,530.000,,
ESTAT:NRG_TI_GAS(1.0),24/03/26 23:00:00,Annual,Natural gas,Total,Million cubic metres,Estonia,2015,471.000,,
ESTAT:NRG_TI_GAS(1.0),24/03/26 23:00:00,Annual,Natural gas,Total,Million cubic metres,Estonia,2016,518.000,,
ESTAT:NRG_TI_GAS(1.0),24/03/26 23:00:00,Annual,Natural gas,Total,Million cubic metres,Estonia,2017,510.000,,
ESTAT:NRG_TI_GAS(1.0),24/03/26 23:00:00,Annual,Natural gas,Total,Million cubic metres,Estonia,2018,524.000,,
ESTAT:NRG_TI_GAS(1.0),24/03/26 23:00:00,Annual,Natural gas,Total,Million cubic metres,Estonia,2019,485.700,,
ESTAT:NRG_TI_GAS(1.0),24/03/26 23:00:00,Annual,Natural gas,Total,Million cubic metres,Estonia,2020,447.000,,
ESTAT:NRG_TI_GAS(1.0),24/03/26 23:00:00,Annual,Natural gas,Total,Million cubic metres,Estonia,2021,506.150,,
ESTAT:NRG_TI_GAS(1.0),24/03/26 23:00:00,Annual,Natural gas,Total,Million cubic metres,Estonia,2022,420.000,,
ESTAT:NRG_TI_GAS(1.0),24/03/26 23:00:00,Annual,Natural gas,Total,Million cubic metres,Estonia,2023,318.500,,
ESTAT:NRG_TI_GAS(1.0),24/03/26 23:00:00,Annual,Natural gas,Total,Million cubic metres,Estonia,2024,344.200,,
ESTAT:NRG_TI_GAS(1.0),24/03/26 23:00:00,Annual,Natural gas,Total,Million cubic metres,Greece,1990,0.000,,
ESTAT:NRG_TI_GAS(1.0),24/03/26 23:00:00,Annual,Natural gas,Total,Million cubic metres,Greece,1991,0.000,,
ESTAT:NRG_TI_GAS(1.0),24/03/26 23:00:00,Annual,Natural gas,Total,Million cubic metres,Greece,1992,0.000,,
ESTAT:NRG_TI_GAS(1.0),24/03/26 23:00:00,Annual,Natural gas,Total,Million cubic metres,Greece,1993,0.000,,
ESTAT:NRG_TI_GAS(1.0),24/03/26 23:00:00,Annual,Natural gas,Total,Million cubic metres,Greece,1994,0.000,,
ESTAT:NRG_TI_GAS(1.0),24/03/26 23:00:00,Annual,Natural gas,Total,Million cubic metres,Greece,1995,0.000,,
ESTAT:NRG_TI_GAS(1.0),24/03/26 23:00:00,Annual,Natural gas,Total,Million cubic metres,Greece,1996,9.000,,
ESTAT:NRG_TI_GAS(1.0),24/03/26 23:00:00,Annual,Natural gas,Total,Million cubic metres,Greece,1997,160.000,,
ESTAT:NRG_TI_GAS(1.0),24/03/26 23:00:00,Annual,Natural gas,Total,Million cubic metres,Greece,1998,835.000,,
ESTAT:NRG_TI_GAS(1.0),24/03/26 23:00:00,Annual,Natural gas,Total,Million cubic metres,Greece,1999,1497.000,,
ESTAT:NRG_TI_GAS(1.0),24/03/26 23:00:00,Annual,Natural gas,Total,Million cubic metres,Greece,2000,2048.000,,
ESTAT:NRG_TI_GAS(1.0),24/03/26 23:00:00,Annual,Natural gas,Total,Million cubic metres,Greece,2001,2018.000,,
ESTAT:NRG_TI_GAS(1.0),24/03/26 23:00:00,Annual,Natural gas,Total,Million cubic metres,Greece,2002,2128.000,,
ESTAT:NRG_TI_GAS(1.0),24/03/26 23:00:00,Annual,Natural gas,Total,Million cubic metres,Greece,2003,2418.000,,
ESTAT:NRG_TI_GAS(1.0),24/03/26 23:00:00,Annual,Natural gas,Total,Million cubic metres,Greece,2004,2623.000,,
ESTAT:NRG_TI_GAS(1.0),24/03/26 23:00:00,Annual,Natural gas,Total,Million cubic metres,Greece,2005,2820.000,,
ESTAT:NRG_TI_GAS(1.0),24/03/26 23:00:00,Annual,Natural gas,Total,Million cubic metres,Greece,2006,3294.000,,
ESTAT:NRG_TI_GAS(1.0),24/03/26 23:00:00,Annual,Natural gas,Total,Million cubic metres,Greece,2007,4025.000,,
ESTAT:NRG_TI_GAS(1.0),24/03/26 23:00:00,Annual,Natural gas,Total,Million cubic metres,Greece,2008,4220.000,,
ESTAT:NRG_TI_GAS(1.0),24/03/26 23:00:00,Annual,Natural gas,Total,Million cubic metres,Greece,2009,3555.000,,
ESTAT:NRG_TI_GAS(1.0),24/03/26 23:00:00,Annual,Natural gas,Total,Million cubic metres,Greece,2010,3851.000,,
ESTAT:NRG_TI_GAS(1.0),24/03/26 23:00:00,Annual,Natural gas,Total,Million cubic metres,Greece,2011,4759.000,,
ESTAT:NRG_TI_GAS(1.0),24/03/26 23:00:00,Annual,Natural gas,Total,Million cubic metres,Greece,2012,4377.000,,
ESTAT:NRG_TI_GAS(1.0),24/03/26 23:00:00,Annual,Natural gas,Total,Million cubic metres,Greece,2013,3864.000,,
ESTAT:NRG_TI_GAS(1.0),24/03/26 23:00:00,Annual,Natural gas,Total,Million cubic metres,Greece,2014,2931.000,,
ESTAT:NRG_TI_GAS(1.0),24/03/26 23:00:00,Annual,Natural gas,Total,Million cubic metres,Greece,2015,3162.000,,
ESTAT:NRG_TI_GAS(1.0),24/03/26 23:00:00,Annual,Natural gas,Total,Million cubic metres,Greece,2016,4067.000,,
ESTAT:NRG_TI_GAS(1.0),24/03/26 23:00:00,Annual,Natural gas,Total,Million cubic metres,Greece,2017,4975.095,,
ESTAT:NRG_TI_GAS(1.0),24/03/26 23:00:00,Annual,Natural gas,Total,Million cubic metres,Greece,2018,4902.130,,
ESTAT:NRG_TI_GAS(1.0),24/03/26 23:00:00,Annual,Natural gas,Total,Million cubic metres,Greece,2019,5221.617,,
ESTAT:NRG_TI_GAS(1.0),24/03/26 23:00:00,Annual,Natural gas,Total,Million cubic metres,Greece,2020,5902.732,,
ESTAT:NRG_TI_GAS(1.0),24/03/26 23:00:00,Annual,Natural gas,Total,Million cubic metres,Greece,2021,6426.441,,
ESTAT:NRG_TI_GAS(1.0),24/03/26 23:00:00,Annual,Natural gas,Total,Million cubic metres,Greece,2022,5727.447,,
ESTAT:NRG_TI_GAS(1.0),24/03/26 23:00:00,Annual,Natural gas,Total,Million cubic metres,Greece,2023,4815.688,,
ESTAT:NRG_TI_GAS(1.0),24/03/26 23:00:00,Annual,Natural gas,Total,Million cubic metres,Greece,2024,6246.107,,
ESTAT:NRG_TI_GAS(1.0),24/03/26 23:00:00,Annual,Natural gas,Total,Million cubic metres,Spain,1990,4262.000,,
ESTAT:NRG_TI_GAS(1.0),24/03/26 23:00:00,Annual,Natural gas,Total,Million cubic metres,Spain,1991,5079.000,,
ESTAT:NRG_TI_GAS(1.0),24/03/26 23:00:00,Annual,Natural gas,Total,Million cubic metres,Spain,1992,5590.000,,
ESTAT:NRG_TI_GAS(1.0),24/03/26 23:00:00,Annual,Natural gas,Total,Million cubic metres,Spain,1993,5880.000,,
ESTAT:NRG_TI_GAS(1.0),24/03/26 23:00:00,Annual,Natural gas,Total,Million cubic metres,Spain,1994,7495.000,,
ESTAT:NRG_TI_GAS(1.0),24/03/26 23:00:00,Annual,Natural gas,Total,Million cubic metres,Spain,1995,8687.000,,
ESTAT:NRG_TI_GAS(1.0),24/03/26 23:00:00,Annual,Natural gas,Total,Million cubic metres,Spain,1996,9604.000,,
ESTAT:NRG_TI_GAS(1.0),24/03/26 23:00:00,Annual,Natural gas,Total,Million cubic metres,Spain,1997,13329.000,,
ESTAT:NRG_TI_GAS(1.0),24/03/26 23:00:00,Annual,Natural gas,Total,Million cubic metres,Spain,1998,13927.000,,
ESTAT:NRG_TI_GAS(1.0),24/03/26 23:00:00,Annual,Natural gas,Total,Million cubic metres,Spain,1999,16058.000,,
ESTAT:NRG_TI_GAS(1.0),24/03/26 23:00:00,Annual,Natural gas,Total,Million cubic metres,Spain,2000,17864.000,,
ESTAT:NRG_TI_GAS(1.0),24/03/26 23:00:00,Annual,Natural gas,Total,Million cubic metres,Spain,2001,18280.000,,
ESTAT:NRG_TI_GAS(1.0),24/03/26 23:00:00,Annual,Natural gas,Total,Million cubic metres,Spain,2002,21863.000,,
ESTAT:NRG_TI_GAS(1.0),24/03/26 23:00:00,Annual,Natural gas,Total,Million cubic metres,Spain,2003,24450.000,,
ESTAT:NRG_TI_GAS(1.0),24/03/26 23:00:00,Annual,Natural gas,Total,Million cubic metres,Spain,2004,28431.000,,
ESTAT:NRG_TI_GAS(1.0),24/03/26 23:00:00,Annual,Natural gas,Total,Million cubic metres,Spain,2005,34937.000,,
ESTAT:NRG_TI_GAS(1.0),24/03/26 23:00:00,Annual,Natural gas,Total,Million cubic metres,Spain,2006,36553.000,,
ESTAT:NRG_TI_GAS(1.0),24/03/26 23:00:00,Annual,Natural gas,Total,Million cubic metres,Spain,2007,36386.000,,
ESTAT:NRG_TI_GAS(1.0),24/03/26 23:00:00,Annual,Natural gas,Total,Million cubic metres,Spain,2008,40750.000,,
ESTAT:NRG_TI_GAS(1.0),24/03/26 23:00:00,Annual,Natural gas,Total,Million cubic metres,Spain,2009,36576.000,,
ESTAT:NRG_TI_GAS(1.0),24/03/26 23:00:00,Annual,Natural gas,Total,Million cubic metres,Spain,2010,36721.000,,
ESTAT:NRG_TI_GAS(1.0),24/03/26 23:00:00,Annual,Natural gas,Total,Million cubic metres,Spain,2011,35489.000,,
ESTAT:NRG_TI_GAS(1.0),24/03/26 23:00:00,Annual,Natural gas,Total,Million cubic metres,Spain,2012,35062.000,,
ESTAT:NRG_TI_GAS(1.0),24/03/26 23:00:00,Annual,Natural gas,Total,Million cubic metres,Spain,2013,35489.000,,
ESTAT:NRG_TI_GAS(1.0),24/03/26 23:00:00,Annual,Natural gas,Total,Million cubic metres,Spain,2014,36384.000,,
ESTAT:NRG_TI_GAS(1.0),24/03/26 23:00:00,Annual,Natural gas,Total,Million cubic metres,Spain,2015,32391.000,,
ESTAT:NRG_TI_GAS(1.0),24/03/26 23:00:00,Annual,Natural gas,Total,Million cubic metres,Spain,2016,32405.000,,
ESTAT:NRG_TI_GAS(1.0),24/03/26 23:00:00,Annual,Natural gas,Total,Million cubic metres,Spain,2017,34626.000,,
ESTAT:NRG_TI_GAS(1.0),24/03/26 23:00:00,Annual,Natural gas,Total,Million cubic metres,Spain,2018,34817.000,,
ESTAT:NRG_TI_GAS(1.0),24/03/26 23:00:00,Annual,Natural gas,Total,Million cubic metres,Spain,2019,37209.000,,
ESTAT:NRG_TI_GAS(1.0),24/03/26 23:00:00,Annual,Natural gas,Total,Million cubic metres,Spain,2020,32485.000,,
ESTAT:NRG_TI_GAS(1.0),24/03/26 23:00:00,Annual,Natural gas,Total,Million cubic metres,Spain,2021,36968.191,,
ESTAT:NRG_TI_GAS(1.0),24/03/26 23:00:00,Annual,Natural gas,Total,Million cubic metres,Spain,2022,39692.252,,
ESTAT:NRG_TI_GAS(1.0),24/03/26 23:00:00,Annual,Natural gas,Total,Million cubic metres,Spain,2023,35261.253,,
ESTAT:NRG_TI_GAS(1.0),24/03/26 23:00:00,Annual,Natural gas,Total,Million cubic metres,Spain,2024,30166.274,,
ESTAT:NRG_TI_GAS(1.0),24/03/26 23:00:00,Annual,Natural gas,Total,Million cubic metres,European Union - 27 countries (from 2020),1990,192675.000,,
ESTAT:NRG_TI_GAS(1.0),24/03/26 23:00:00,Annual,Natural gas,Total,Million cubic metres,European Union - 27 countries (from 2020),1991,194452.000,,
ESTAT:NRG_TI_GAS(1.0),24/03/26 23:00:00,Annual,Natural gas,Total,Million cubic metres,European Union - 27 countries (from 2020),1992,194965.000,,
ESTAT:NRG_TI_GAS(1.0),24/03/26 23:00:00,Annual,Natural gas,Total,Million cubic metres,European Union - 27 countries (from 2020),1993,192701.000,,
ESTAT:NRG_TI_GAS(1.0),24/03/26 23:00:00,Annual,Natural gas,Total,Million cubic metres,European Union - 27 countries (from 2020),1994,196545.000,,
ESTAT:NRG_TI_GAS(1.0),24/03/26 23:00:00,Annual,Natural gas,Total,Million cubic metres,European Union - 27 countries (from 2020),1995,218519.000,,
ESTAT:NRG_TI_GAS(1.0),24/03/26 23:00:00,Annual,Natural gas,Total,Million cubic metres,European Union - 27 countries (from 2020),1996,245709.000,,
ESTAT:NRG_TI_GAS(1.0),24/03/26 23:00:00,Annual,Natural gas,Total,Million cubic metres,European Union - 27 countries (from 2020),1997,246209.000,,
ESTAT:NRG_TI_GAS(1.0),24/03/26 23:00:00,Annual,Natural gas,Total,Million cubic metres,European Union - 27 countries (from 2020),1998,251345.000,,
ESTAT:NRG_TI_GAS(1.0),24/03/26 23:00:00,Annual,Natural gas,Total,Million cubic metres,European Union - 27 countries (from 2020),1999,273364.000,,
ESTAT:NRG_TI_GAS(1.0),24/03/26 23:00:00,Annual,Natural gas,Total,Million cubic metres,European Union - 27 countries (from 2020),2000,292157.985,,
ESTAT:NRG_TI_GAS(1.0),24/03/26 23:00:00,Annual,Natural gas,Total,Million cubic metres,European Union - 27 countries (from 2020),2001,298487.604,,
ESTAT:NRG_TI_GAS(1.0),24/03/26 23:00:00,Annual,Natural gas,Total,Million cubic metres,European Union - 27 countries (from 2020),2002,319983.637,,
ESTAT:NRG_TI_GAS(1.0),24/03/26 23:00:00,Annual,Natural gas,Total,Million cubic metres,European Union - 27 countries (from 2020),2003,335969.813,,
ESTAT:NRG_TI_GAS(1.0),24/03/26 23:00:00,Annual,Natural gas,Total,Million cubic metres,European Union - 27 countries (from 2020),2004,347976.044,,
ESTAT:NRG_TI_GAS(1.0),24/03/26 23:00:00,Annual,Natural gas,Total,Million cubic metres,European Union - 27 countries (from 2020),2005,373360.847,,
ESTAT:NRG_TI_GAS(1.0),24/03/26 23:00:00,Annual,Natural gas,Total,Million cubic metres,European Union - 27 countries (from 2020),2006,379510.272,,
ESTAT:NRG_TI_GAS(1.0),24/03/26 23:00:00,Annual,Natural gas,Total,Million cubic metres,European Union - 27 countries (from 2020),2007,364063.005,,
ESTAT:NRG_TI_GAS(1.0),24/03/26 23:00:00,Annual,Natural gas,Total,Million cubic metres,European Union - 27 countries (from 2020),2008,382251.890,,
ESTAT:NRG_TI_GAS(1.0),24/03/26 23:00:00,Annual,Natural gas,Total,Million cubic metres,European Union - 27 countries (from 2020),2009,361660.653,,
ESTAT:NRG_TI_GAS(1.0),24/03/26 23:00:00,Annual,Natural gas,Total,Million cubic metres,European Union - 27 countries (from 2020),2010,380895.843,,
ESTAT:NRG_TI_GAS(1.0),24/03/26 23:00:00,Annual,Natural gas,Total,Million cubic metres,European Union - 27 countries (from 2020),2011,371533.145,,
ESTAT:NRG_TI_GAS(1.0),24/03/26 23:00:00,Annual,Natural gas,Total,Million cubic metres,European Union - 27 countries (from 2020),2012,360279.298,,
ESTAT:NRG_TI_GAS(1.0),24/03/26 23:00:00,Annual,Natural gas,Total,Million cubic metres,European Union - 27 countries (from 2020),2013,364760.736,,
ESTAT:NRG_TI_GAS(1.0),24/03/26 23:00:00,Annual,Natural gas,Total,Million cubic metres,European Union - 27 countries (from 2020),2014,339354.858,,
ESTAT:NRG_TI_GAS(1.0),24/03/26 23:00:00,Annual,Natural gas,Total,Million cubic metres,European Union - 27 countries (from 2020),2015,357206.403,,
ESTAT:NRG_TI_GAS(1.0),24/03/26 23:00:00,Annual,Natural gas,Total,Million cubic metres,European Union - 27 countries (from 2020),2016,368294.783,,
ESTAT:NRG_TI_GAS(1.0),24/03/26 23:00:00,Annual,Natural gas,Total,Million cubic metres,European Union - 27 countries (from 2020),2017,388908.775,,
ESTAT:NRG_TI_GAS(1.0),24/03/26 23:00:00,Annual,Natural gas,Total,Million cubic metres,European Union - 27 countries (from 2020),2018,362176.451,,
ESTAT:NRG_TI_GAS(1.0),24/03/26 23:00:00,Annual,Natural gas,Total,Million cubic metres,European Union - 27 countries (from 2020),2019,405138.661,,
ESTAT:NRG_TI_GAS(1.0),24/03/26 23:00:00,Annual,Natural gas,Total,Million cubic metres,European Union - 27 countries (from 2020),2020,361743.172,,
ESTAT:NRG_TI_GAS(1.0),24/03/26 23:00:00,Annual,Natural gas,Total,Million cubic metres,European Union - 27 countries (from 2020),2021,374369.736,,
ESTAT:NRG_TI_GAS(1.0),24/03/26 23:00:00,Annual,Natural gas,Total,Million cubic metres,European Union - 27 countries (from 2020),2022,405457.276,,
ESTAT:NRG_TI_GAS(1.0),24/03/26 23:00:00,Annual,Natural gas,Total,Million cubic metres,European Union - 27 countries (from 2020),2023,358841.708,,
ESTAT:NRG_TI_GAS(1.0),24/03/26 23:00:00,Annual,Natural gas,Total,Million cubic metres,European Union - 27 countries (from 2020),2024,330639.088,,
ESTAT:NRG_TI_GAS(1.0),24/03/26 23:00:00,Annual,Natural gas,Total,Million cubic metres,Finland,1990,2685.000,,
ESTAT:NRG_TI_GAS(1.0),24/03/26 23:00:00,Annual,Natural gas,Total,Million cubic metres,Finland,1991,2838.000,,
ESTAT:NRG_TI_GAS(1.0),24/03/26 23:00:00,Annual,Natural gas,Total,Million cubic metres,Finland,1992,2941.000,,
ESTAT:NRG_TI_GAS(1.0),24/03/26 23:00:00,Annual,Natural gas,Total,Million cubic metres,Finland,1993,3054.000,,
ESTAT:NRG_TI_GAS(1.0),24/03/26 23:00:00,Annual,Natural gas,Total,Million cubic metres,Finland,1994,3377.000,,
ESTAT:NRG_TI_GAS(1.0),24/03/26 23:00:00,Annual,Natural gas,Total,Million cubic metres,Finland,1995,3493.000,,
ESTAT:NRG_TI_GAS(1.0),24/03/26 23:00:00,Annual,Natural gas,Total,Million cubic metres,Finland,1996,3650.000,,
ESTAT:NRG_TI_GAS(1.0),24/03/26 23:00:00,Annual,Natural gas,Total,Million cubic metres,Finland,1997,3575.000,,
ESTAT:NRG_TI_GAS(1.0),24/03/26 23:00:00,Annual,Natural gas,Total,Million cubic metres,Finland,1998,4103.000,,
ESTAT:NRG_TI_GAS(1.0),24/03/26 23:00:00,Annual,Natural gas,Total,Million cubic metres,Finland,1999,4106.000,,
ESTAT:NRG_TI_GAS(1.0),24/03/26 23:00:00,Annual,Natural gas,Total,Million cubic metres,Finland,2000,4220.000,,
ESTAT:NRG_TI_GAS(1.0),24/03/26 23:00:00,Annual,Natural gas,Total,Million cubic metres,Finland,2001,4570.000,,
ESTAT:NRG_TI_GAS(1.0),24/03/26 23:00:00,Annual,Natural gas,Total,Million cubic metres,Finland,2002,4542.000,,
ESTAT:NRG_TI_GAS(1.0),24/03/26 23:00:00,Annual,Natural gas,Total,Million cubic metres,Finland,2003,5036.000,,
ESTAT:NRG_TI_GAS(1.0),24/03/26 23:00:00,Annual,Natural gas,Total,Million cubic metres,Finland,2004,4871.000,,
ESTAT:NRG_TI_GAS(1.0),24/03/26 23:00:00,Annual,Natural gas,Total,Million cubic metres,Finland,2005,4438.000,,
ESTAT:NRG_TI_GAS(1.0),24/03/26 23:00:00,Annual,Natural gas,Total,Million cubic metres,Finland,2006,4773.000,,
ESTAT:NRG_TI_GAS(1.0),24/03/26 23:00:00,Annual,Natural gas,Total,Million cubic metres,Finland,2007,4595.000,,
ESTAT:NRG_TI_GAS(1.0),24/03/26 23:00:00,Annual,Natural gas,Total,Million cubic metres,Finland,2008,4755.000,,
ESTAT:NRG_TI_GAS(1.0),24/03/26 23:00:00,Annual,Natural gas,Total,Million cubic metres,Finland,2009,4276.000,,
ESTAT:NRG_TI_GAS(1.0),24/03/26 23:00:00,Annual,Natural gas,Total,Million cubic metres,Finland,2010,4715.000,,
ESTAT:NRG_TI_GAS(1.0),24/03/26 23:00:00,Annual,Natural gas,Total,Million cubic metres,Finland,2011,4121.000,,
ESTAT:NRG_TI_GAS(1.0),24/03/26 23:00:00,Annual,Natural gas,Total,Million cubic metres,Finland,2012,3684.000,,
ESTAT:NRG_TI_GAS(1.0),24/03/26 23:00:00,Annual,Natural gas,Total,Million cubic metres,Finland,2013,3488.000,,
ESTAT:NRG_TI_GAS(1.0),24/03/26 23:00:00,Annual,Natural gas,Total,Million cubic metres,Finland,2014,3063.000,,
ESTAT:NRG_TI_GAS(1.0),24/03/26 23:00:00,Annual,Natural gas,Total,Million cubic metres,Finland,2015,2713.000,,
ESTAT:NRG_TI_GAS(1.0),24/03/26 23:00:00,Annual,Natural gas,Total,Million cubic metres,Finland,2016,2496.000,,
ESTAT:NRG_TI_GAS(1.0),24/03/26 23:00:00,Annual,Natural gas,Total,Million cubic metres,Finland,2017,2322.000,,
ESTAT:NRG_TI_GAS(1.0),24/03/26 23:00:00,Annual,Natural gas,Total,Million cubic metres,Finland,2018,2641.000,,
ESTAT:NRG_TI_GAS(1.0),24/03/26 23:00:00,Annual,Natural gas,Total,Million cubic metres,Finland,2019,2594.000,,
ESTAT:NRG_TI_GAS(1.0),24/03/26 23:00:00,Annual,Natural gas,Total,Million cubic metres,Finland,2020,2568.000,,
ESTAT:NRG_TI_GAS(1.0),24/03/26 23:00:00,Annual,Natural gas,Total,Million cubic metres,Finland,2021,2565.079,,
ESTAT:NRG_TI_GAS(1.0),24/03/26 23:00:00,Annual,Natural gas,Total,Million cubic metres,Finland,2022,1371.000,,
ESTAT:NRG_TI_GAS(1.0),24/03/26 23:00:00,Annual,Natural gas,Total,Million cubic metres,Finland,2023,1776.000,,
ESTAT:NRG_TI_GAS(1.0),24/03/26 23:00:00,Annual,Natural gas,Total,Million cubic metres,Finland,2024,2177.000,,
ESTAT:NRG_TI_GAS(1.0),24/03/26 23:00:00,Annual,Natural gas,Total,Million cubic metres,France,1990,28197.000,,
ESTAT:NRG_TI_GAS(1.0),24/03/26 23:00:00,Annual,Natural gas,Total,Million cubic metres,France,1991,30038.000,,
ESTAT:NRG_TI_GAS(1.0),24/03/26 23:00:00,Annual,Natural gas,Total,Million cubic metres,France,1992,31640.000,,
ESTAT:NRG_TI_GAS(1.0),24/03/26 23:00:00,Annual,Natural gas,Total,Million cubic metres,France,1993,29640.000,,
ESTAT:NRG_TI_GAS(1.0),24/03/26 23:00:00,Annual,Natural gas,Total,Million cubic metres,France,1994,30910.000,,
ESTAT:NRG_TI_GAS(1.0),24/03/26 23:00:00,Annual,Natural gas,Total,Million cubic metres,France,1995,32439.000,,
ESTAT:NRG_TI_GAS(1.0),24/03/26 23:00:00,Annual,Natural gas,Total,Million cubic metres,France,1996,35218.000,,
ESTAT:NRG_TI_GAS(1.0),24/03/26 23:00:00,Annual,Natural gas,Total,Million cubic metres,France,1997,35333.000,,
ESTAT:NRG_TI_GAS(1.0),24/03/26 23:00:00,Annual,Natural gas,Total,Million cubic metres,France,1998,35192.000,,
ESTAT:NRG_TI_GAS(1.0),24/03/26 23:00:00,Annual,Natural gas,Total,Million cubic metres,France,1999,40625.000,,
ESTAT:NRG_TI_GAS(1.0),24/03/26 23:00:00,Annual,Natural gas,Total,Million cubic metres,France,2000,41041.000,,
ESTAT:NRG_TI_GAS(1.0),24/03/26 23:00:00,Annual,Natural gas,Total,Million cubic metres,France,2001,40156.000,,
ESTAT:NRG_TI_GAS(1.0),24/03/26 23:00:00,Annual,Natural gas,Total,Million cubic metres,France,2002,42090.000,,
ESTAT:NRG_TI_GAS(1.0),24/03/26 23:00:00,Annual,Natural gas,Total,Million cubic metres,France,2003,43419.000,,
ESTAT:NRG_TI_GAS(1.0),24/03/26 23:00:00,Annual,Natural gas,Total,Million cubic metres,France,2004,45289.000,,
ESTAT:NRG_TI_GAS(1.0),24/03/26 23:00:00,Annual,Natural gas,Total,Million cubic metres,France,2005,48058.000,,
ESTAT:NRG_TI_GAS(1.0),24/03/26 23:00:00,Annual,Natural gas,Total,Million cubic metres,France,2006,45501.000,,
ESTAT:NRG_TI_GAS(1.0),24/03/26 23:00:00,Annual,Natural gas,Total,Million cubic metres,France,2007,43816.000,,
ESTAT:NRG_TI_GAS(1.0),24/03/26 23:00:00,Annual,Natural gas,Total,Million cubic metres,France,2008,46446.000,,
ESTAT:NRG_TI_GAS(1.0),24/03/26 23:00:00,Annual,Natural gas,Total,Million cubic metres,France,2009,47134.000,,
ESTAT:NRG_TI_GAS(1.0),24/03/26 23:00:00,Annual,Natural gas,Total,Million cubic metres,France,2010,48745.000,,
ESTAT:NRG_TI_GAS(1.0),24/03/26 23:00:00,Annual,Natural gas,Total,Million cubic metres,France,2011,50036.882,,
ESTAT:NRG_TI_GAS(1.0),24/03/26 23:00:00,Annual,Natural gas,Total,Million cubic metres,France,2012,48060.439,,
ESTAT:NRG_TI_GAS(1.0),24/03/26 23:00:00,Annual,Natural gas,Total,Million cubic metres,France,2013,48205.567,,
ESTAT:NRG_TI_GAS(1.0),24/03/26 23:00:00,Annual,Natural gas,Total,Million cubic metres,France,2014,42763.546,,
ESTAT:NRG_TI_GAS(1.0),24/03/26 23:00:00,Annual,Natural gas,Total,Million cubic metres,France,2015,42398.184,,
ESTAT:NRG_TI_GAS(1.0),24/03/26 23:00:00,Annual,Natural gas,Total,Million cubic metres,France,2016,44423.884,,
ESTAT:NRG_TI_GAS(1.0),24/03/26 23:00:00,Annual,Natural gas,Total,Million cubic metres,France,2017,46519.288,,
ESTAT:NRG_TI_GAS(1.0),24/03/26 23:00:00,Annual,Natural gas,Total,Million cubic metres,France,2018,47071.371,,
ESTAT:NRG_TI_GAS(1.0),24/03/26 23:00:00,Annual,Natural gas,Total,Million cubic metres,France,2019,53196.920,,
ESTAT:NRG_TI_GAS(1.0),24/03/26 23:00:00,Annual,Natural gas,Total,Million cubic metres,France,2020,45301.761,,
ESTAT:NRG_TI_GAS(1.0),24/03/26 23:00:00,Annual,Natural gas,Total,Million cubic metres,France,2021,45363.589,,
ESTAT:NRG_TI_GAS(1.0),24/03/26 23:00:00,Annual,Natural gas,Total,Million cubic metres,France,2022,55355.743,,
ESTAT:NRG_TI_GAS(1.0),24/03/26 23:00:00,Annual,Natural gas,Total,Million cubic metres,France,2023,46122.487,,
ESTAT:NRG_TI_GAS(1.0),24/03/26 23:00:00,Annual,Natural gas,Total,Million cubic metres,France,2024,41525.086,,
ESTAT:NRG_TI_GAS(1.0),24/03/26 23:00:00,Annual,Natural gas,Total,Million cubic metres,Georgia,1990,,,
ESTAT:NRG_TI_GAS(1.0),24/03/26 23:00:00,Annual,Natural gas,Total,Million cubic metres,Georgia,1991,,,
ESTAT:NRG_TI_GAS(1.0),24/03/26 23:00:00,Annual,Natural gas,Total,Million cubic metres,Georgia,1992,,,
ESTAT:NRG_TI_GAS(1.0),24/03/26 23:00:00,Annual,Natural gas,Total,Million cubic metres,Georgia,1993,,,
ESTAT:NRG_TI_GAS(1.0),24/03/26 23:00:00,Annual,Natural gas,Total,Million cubic metres,Georgia,1994,,,
ESTAT:NRG_TI_GAS(1.0),24/03/26 23:00:00,Annual,Natural gas,Total,Million cubic metres,Georgia,1995,,,
ESTAT:NRG_TI_GAS(1.0),24/03/26 23:00:00,Annual,Natural gas,Total,Million cubic metres,Georgia,1996,,,
ESTAT:NRG_TI_GAS(1.0),24/03/26 23:00:00,Annual,Natural gas,Total,Million cubic metres,Georgia,1997,,,
ESTAT:NRG_TI_GAS(1.0),24/03/26 23:00:00,Annual,Natural gas,Total,Million cubic metres,Georgia,1998,,,
ESTAT:NRG_TI_GAS(1.0),24/03/26 23:00:00,Annual,Natural gas,Total,Million cubic metres,Georgia,1999,,,
ESTAT:NRG_TI_GAS(1.0),24/03/26 23:00:00,Annual,Natural gas,Total,Million cubic metres,Georgia,2000,,,
ESTAT:NRG_TI_GAS(1.0),24/03/26 23:00:00,Annual,Natural gas,Total,Million cubic metres,Georgia,2001,,,
ESTAT:NRG_TI_GAS(1.0),24/03/26 23:00:00,Annual,Natural gas,Total,Million cubic metres,Georgia,2002,,,
ESTAT:NRG_TI_GAS(1.0),24/03/26 23:00:00,Annual,Natural gas,Total,Million cubic metres,Georgia,2003,,,
ESTAT:NRG_TI_GAS(1.0),24/03/26 23:00:00,Annual,Natural gas,Total,Million cubic metres,Georgia,2004,,,
ESTAT:NRG_TI_GAS(1.0),24/03/26 23:00:00,Annual,Natural gas,Total,Million cubic metres,Georgia,2005,,,
ESTAT:NRG_TI_GAS(1.0),24/03/26 23:00:00,Annual,Natural gas,Total,Million cubic metres,Georgia,2006,,,
ESTAT:NRG_TI_GAS(1.0),24/03/26 23:00:00,Annual,Natural gas,Total,Million cubic metres,Georgia,2007,,,
ESTAT:NRG_TI_GAS(1.0),24/03/26 23:00:00,Annual,Natural gas,Total,Million cubic metres,Georgia,2008,,,
ESTAT:NRG_TI_GAS(1.0),24/03/26 23:00:00,Annual,Natural gas,Total,Million cubic metres,Georgia,2009,,,
ESTAT:NRG_TI_GAS(1.0),24/03/26 23:00:00,Annual,Natural gas,Total,Million cubic metres,Georgia,2010,,,
ESTAT:NRG_TI_GAS(1.0),24/03/26 23:00:00,Annual,Natural gas,Total,Million cubic metres,Georgia,2011,,,
ESTAT:NRG_TI_GAS(1.0),24/03/26 23:00:00,Annual,Natural gas,Total,Million cubic metres,Georgia,2012,,,
ESTAT:NRG_TI_GAS(1.0),24/03/26 23:00:00,Annual,Natural gas,Total,Million cubic metres,Georgia,2013,1968.244,,
ESTAT:NRG_TI_GAS(1.0),24/03/26 23:00:00,Annual,Natural gas,Total,Million cubic metres,Georgia,2014,2243.343,,
ESTAT:NRG_TI_GAS(1.0),24/03/26 23:00:00,Annual,Natural gas,Total,Million cubic metres,Georgia,2015,2554.059,,
ESTAT:NRG_TI_GAS(1.0),24/03/26 23:00:00,Annual,Natural gas,Total,Million cubic metres,Georgia,2016,2310.694,,
ESTAT:NRG_TI_GAS(1.0),24/03/26 23:00:00,Annual,Natural gas,Total,Million cubic metres,Georgia,2017,2390.407,,
ESTAT:NRG_TI_GAS(1.0),24/03/26 23:00:00,Annual,Natural gas,Total,Million cubic metres,Georgia,2018,2357.087,,
ESTAT:NRG_TI_GAS(1.0),24/03/26 23:00:00,Annual,Natural gas,Total,Million cubic metres,Georgia,2019,2685.768,,
ESTAT:NRG_TI_GAS(1.0),24/03/26 23:00:00,Annual,Natural gas,Total,Million cubic metres,Georgia,2020,2690.837,,
ESTAT:NRG_TI_GAS(1.0),24/03/26 23:00:00,Annual,Natural gas,Total,Million cubic metres,Georgia,2021,2785.217,,
ESTAT:NRG_TI_GAS(1.0),24/03/26 23:00:00,Annual,Natural gas,Total,Million cubic metres,Georgia,2022,3346.339,,
ESTAT:NRG_TI_GAS(1.0),24/03/26 23:00:00,Annual,Natural gas,Total,Million cubic metres,Georgia,2023,3352.384,,
ESTAT:NRG_TI_GAS(1.0),24/03/26 23:00:00,Annual,Natural gas,Total,Million cubic metres,Georgia,2024,3388.396,,
ESTAT:NRG_TI_GAS(1.0),24/03/26 23:00:00,Annual,Natural gas,Total,Million cubic metres,Croatia,1990,704.000,,
ESTAT:NRG_TI_GAS(1.0),24/03/26 23:00:00,Annual,Natural gas,Total,Million cubic metres,Croatia,1991,799.000,,
ESTAT:NRG_TI_GAS(1.0),24/03/26 23:00:00,Annual,Natural gas,Total,Million cubic metres,Croatia,1992,721.000,,
ESTAT:NRG_TI_GAS(1.0),24/03/26 23:00:00,Annual,Natural gas,Total,Million cubic metres,Croatia,1993,790.000,,
ESTAT:NRG_TI_GAS(1.0),24/03/26 23:00:00,Annual,Natural gas,Total,Million cubic metres,Croatia,1994,743.000,,
ESTAT:NRG_TI_GAS(1.0),24/03/26 23:00:00,Annual,Natural gas,Total,Million cubic metres,Croatia,1995,274.000,,
ESTAT:NRG_TI_GAS(1.0),24/03/26 23:00:00,Annual,Natural gas,Total,Million cubic metres,Croatia,1996,879.000,,
ESTAT:NRG_TI_GAS(1.0),24/03/26 23:00:00,Annual,Natural gas,Total,Million cubic metres,Croatia,1997,1046.000,,
ESTAT:NRG_TI_GAS(1.0),24/03/26 23:00:00,Annual,Natural gas,Total,Million cubic metres,Croatia,1998,1104.000,,
ESTAT:NRG_TI_GAS(1.0),24/03/26 23:00:00,Annual,Natural gas,Total,Million cubic metres,Croatia,1999,1109.000,,
ESTAT:NRG_TI_GAS(1.0),24/03/26 23:00:00,Annual,Natural gas,Total,Million cubic metres,Croatia,2000,1108.000,,
ESTAT:NRG_TI_GAS(1.0),24/03/26 23:00:00,Annual,Natural gas,Total,Million cubic metres,Croatia,2001,1083.200,,
ESTAT:NRG_TI_GAS(1.0),24/03/26 23:00:00,Annual,Natural gas,Total,Million cubic metres,Croatia,2002,1084.000,,
ESTAT:NRG_TI_GAS(1.0),24/03/26 23:00:00,Annual,Natural gas,Total,Million cubic metres,Croatia,2003,1139.000,,
ESTAT:NRG_TI_GAS(1.0),24/03/26 23:00:00,Annual,Natural gas,Total,Million cubic metres,Croatia,2004,1054.000,,
ESTAT:NRG_TI_GAS(1.0),24/03/26 23:00:00,Annual,Natural gas,Total,Million cubic metres,Croatia,2005,1140.100,,
ESTAT:NRG_TI_GAS(1.0),24/03/26 23:00:00,Annual,Natural gas,Total,Million cubic metres,Croatia,2006,1127.000,,
ESTAT:NRG_TI_GAS(1.0),24/03/26 23:00:00,Annual,Natural gas,Total,Million cubic metres,Croatia,2007,1055.000,,
ESTAT:NRG_TI_GAS(1.0),24/03/26 23:00:00,Annual,Natural gas,Total,Million cubic metres,Croatia,2008,1227.000,,
ESTAT:NRG_TI_GAS(1.0),24/03/26 23:00:00,Annual,Natural gas,Total,Million cubic metres,Croatia,2009,1044.000,,
ESTAT:NRG_TI_GAS(1.0),24/03/26 23:00:00,Annual,Natural gas,Total,Million cubic metres,Croatia,2010,1070.000,,
ESTAT:NRG_TI_GAS(1.0),24/03/26 23:00:00,Annual,Natural gas,Total,Million cubic metres,Croatia,2011,876.000,,
ESTAT:NRG_TI_GAS(1.0),24/03/26 23:00:00,Annual,Natural gas,Total,Million cubic metres,Croatia,2012,1358.000,,
ESTAT:NRG_TI_GAS(1.0),24/03/26 23:00:00,Annual,Natural gas,Total,Million cubic metres,Croatia,2013,1270.000,,
ESTAT:NRG_TI_GAS(1.0),24/03/26 23:00:00,Annual,Natural gas,Total,Million cubic metres,Croatia,2014,1133.000,,
ESTAT:NRG_TI_GAS(1.0),24/03/26 23:00:00,Annual,Natural gas,Total,Million cubic metres,Croatia,2015,1050.000,,
ESTAT:NRG_TI_GAS(1.0),24/03/26 23:00:00,Annual,Natural gas,Total,Million cubic metres,Croatia,2016,1265.000,,
ESTAT:NRG_TI_GAS(1.0),24/03/26 23:00:00,Annual,Natural gas,Total,Million cubic metres,Croatia,2017,1818.300,,
ESTAT:NRG_TI_GAS(1.0),24/03/26 23:00:00,Annual,Natural gas,Total,Million cubic metres,Croatia,2018,1589.200,,
ESTAT:NRG_TI_GAS(1.0),24/03/26 23:00:00,Annual,Natural gas,Total,Million cubic metres,Croatia,2019,2003.400,,
ESTAT:NRG_TI_GAS(1.0),24/03/26 23:00:00,Annual,Natural gas,Total,Million cubic metres,Croatia,2020,2143.700,,
ESTAT:NRG_TI_GAS(1.0),24/03/26 23:00:00,Annual,Natural gas,Total,Million cubic metres,Croatia,2021,2290.600,,
ESTAT:NRG_TI_GAS(1.0),24/03/26 23:00:00,Annual,Natural gas,Total,Million cubic metres,Croatia,2022,3021.500,,
ESTAT:NRG_TI_GAS(1.0),24/03/26 23:00:00,Annual,Natural gas,Total,Million cubic metres,Croatia,2023,2868.700,,
ESTAT:NRG_TI_GAS(1.0),24/03/26 23:00:00,Annual,Natural gas,Total,Million cubic metres,Croatia,2024,2556.100,,
ESTAT:NRG_TI_GAS(1.0),24/03/26 23:00:00,Annual,Natural gas,Total,Million cubic metres,Hungary,1990,6404.000,,
ESTAT:NRG_TI_GAS(1.0),24/03/26 23:00:00,Annual,Natural gas,Total,Million cubic metres,Hungary,1991,6121.000,,
ESTAT:NRG_TI_GAS(1.0),24/03/26 23:00:00,Annual,Natural gas,Total,Million cubic metres,Hungary,1992,5065.000,,
ESTAT:NRG_TI_GAS(1.0),24/03/26 23:00:00,Annual,Natural gas,Total,Million cubic metres,Hungary,1993,5872.000,,
ESTAT:NRG_TI_GAS(1.0),24/03/26 23:00:00,Annual,Natural gas,Total,Million cubic metres,Hungary,1994,5562.000,,
ESTAT:NRG_TI_GAS(1.0),24/03/26 23:00:00,Annual,Natural gas,Total,Million cubic metres,Hungary,1995,6812.000,,
ESTAT:NRG_TI_GAS(1.0),24/03/26 23:00:00,Annual,Natural gas,Total,Million cubic metres,Hungary,1996,8946.000,,
ESTAT:NRG_TI_GAS(1.0),24/03/26 23:00:00,Annual,Natural gas,Total,Million cubic metres,Hungary,1997,8078.000,,
ESTAT:NRG_TI_GAS(1.0),24/03/26 23:00:00,Annual,Natural gas,Total,Million cubic metres,Hungary,1998,8728.000,,
ESTAT:NRG_TI_GAS(1.0),24/03/26 23:00:00,Annual,Natural gas,Total,Million cubic metres,Hungary,1999,9013.000,,
ESTAT:NRG_TI_GAS(1.0),24/03/26 23:00:00,Annual,Natural gas,Total,Million cubic metres,Hungary,2000,9047.000,,
ESTAT:NRG_TI_GAS(1.0),24/03/26 23:00:00,Annual,Natural gas,Total,Million cubic metres,Hungary,2001,9587.000,,
ESTAT:NRG_TI_GAS(1.0),24/03/26 23:00:00,Annual,Natural gas,Total,Million cubic metres,Hungary,2002,10700.000,,
ESTAT:NRG_TI_GAS(1.0),24/03/26 23:00:00,Annual,Natural gas,Total,Million cubic metres,Hungary,2003,12176.000,,
ESTAT:NRG_TI_GAS(1.0),24/03/26 23:00:00,Annual,Natural gas,Total,Million cubic metres,Hungary,2004,11418.000,,
ESTAT:NRG_TI_GAS(1.0),24/03/26 23:00:00,Annual,Natural gas,Total,Million cubic metres,Hungary,2005,12004.000,,
ESTAT:NRG_TI_GAS(1.0),24/03/26 23:00:00,Annual,Natural gas,Total,Million cubic metres,Hungary,2006,11531.000,,
ESTAT:NRG_TI_GAS(1.0),24/03/26 23:00:00,Annual,Natural gas,Total,Million cubic metres,Hungary,2007,10497.000,,
ESTAT:NRG_TI_GAS(1.0),24/03/26 23:00:00,Annual,Natural gas,Total,Million cubic metres,Hungary,2008,11403.000,,
ESTAT:NRG_TI_GAS(1.0),24/03/26 23:00:00,Annual,Natural gas,Total,Million cubic metres,Hungary,2009,9635.000,,
ESTAT:NRG_TI_GAS(1.0),24/03/26 23:00:00,Annual,Natural gas,Total,Million cubic metres,Hungary,2010,9637.000,,
ESTAT:NRG_TI_GAS(1.0),24/03/26 23:00:00,Annual,Natural gas,Total,Million cubic metres,Hungary,2011,8019.000,,
ESTAT:NRG_TI_GAS(1.0),24/03/26 23:00:00,Annual,Natural gas,Total,Million cubic metres,Hungary,2012,8173.000,,
ESTAT:NRG_TI_GAS(1.0),24/03/26 23:00:00,Annual,Natural gas,Total,Million cubic metres,Hungary,2013,8176.000,,
ESTAT:NRG_TI_GAS(1.0),24/03/26 23:00:00,Annual,Natural gas,Total,Million cubic metres,Hungary,2014,8942.000,,
ESTAT:NRG_TI_GAS(1.0),24/03/26 23:00:00,Annual,Natural gas,Total,Million cubic metres,Hungary,2015,6790.000,,
ESTAT:NRG_TI_GAS(1.0),24/03/26 23:00:00,Annual,Natural gas,Total,Million cubic metres,Hungary,2016,7552.000,,
ESTAT:NRG_TI_GAS(1.0),24/03/26 23:00:00,Annual,Natural gas,Total,Million cubic metres,Hungary,2017,9845.000,,
ESTAT:NRG_TI_GAS(1.0),24/03/26 23:00:00,Annual,Natural gas,Total,Million cubic metres,Hungary,2018,7740.000,,
ESTAT:NRG_TI_GAS(1.0),24/03/26 23:00:00,Annual,Natural gas,Total,Million cubic metres,Hungary,2019,11669.000,,
ESTAT:NRG_TI_GAS(1.0),24/03/26 23:00:00,Annual,Natural gas,Total,Million cubic metres,Hungary,2020,7936.000,,
ESTAT:NRG_TI_GAS(1.0),24/03/26 23:00:00,Annual,Natural gas,Total,Million cubic metres,Hungary,2021,7479.000,,
ESTAT:NRG_TI_GAS(1.0),24/03/26 23:00:00,Annual,Natural gas,Total,Million cubic metres,Hungary,2022,9314.000,,
ESTAT:NRG_TI_GAS(1.0),24/03/26 23:00:00,Annual,Natural gas,Total,Million cubic metres,Hungary,2023,8211.000,,
ESTAT:NRG_TI_GAS(1.0),24/03/26 23:00:00,Annual,Natural gas,Total,Million cubic metres,Hungary,2024,5492.000,,
ESTAT:NRG_TI_GAS(1.0),24/03/26 23:00:00,Annual,Natural gas,Total,Million cubic metres,Ireland,1990,0.000,,
ESTAT:NRG_TI_GAS(1.0),24/03/26 23:00:00,Annual,Natural gas,Total,Million cubic metres,Ireland,1991,0.000,,
ESTAT:NRG_TI_GAS(1.0),24/03/26 23:00:00,Annual,Natural gas,Total,Million cubic metres,Ireland,1992,0.000,,
ESTAT:NRG_TI_GAS(1.0),24/03/26 23:00:00,Annual,Natural gas,Total,Million cubic metres,Ireland,1993,5.000,,
ESTAT:NRG_TI_GAS(1.0),24/03/26 23:00:00,Annual,Natural gas,Total,Million cubic metres,Ireland,1994,3.000,,
ESTAT:NRG_TI_GAS(1.0),24/03/26 23:00:00,Annual,Natural gas,Total,Million cubic metres,Ireland,1995,97.000,,
ESTAT:NRG_TI_GAS(1.0),24/03/26 23:00:00,Annual,Natural gas,Total,Million cubic metres,Ireland,1996,550.000,,
ESTAT:NRG_TI_GAS(1.0),24/03/26 23:00:00,Annual,Natural gas,Total,Million cubic metres,Ireland,1997,990.000,,
ESTAT:NRG_TI_GAS(1.0),24/03/26 23:00:00,Annual,Natural gas,Total,Million cubic metres,Ireland,1998,1592.000,,
ESTAT:NRG_TI_GAS(1.0),24/03/26 23:00:00,Annual,Natural gas,Total,Million cubic metres,Ireland,1999,2160.000,,
ESTAT:NRG_TI_GAS(1.0),24/03/26 23:00:00,Annual,Natural gas,Total,Million cubic metres,Ireland,2000,2827.000,,
ESTAT:NRG_TI_GAS(1.0),24/03/26 23:00:00,Annual,Natural gas,Total,Million cubic metres,Ireland,2001,3384.000,,
ESTAT:NRG_TI_GAS(1.0),24/03/26 23:00:00,Annual,Natural gas,Total,Million cubic metres,Ireland,2002,3472.000,,
ESTAT:NRG_TI_GAS(1.0),24/03/26 23:00:00,Annual,Natural gas,Total,Million cubic metres,Ireland,2003,3635.000,,
ESTAT:NRG_TI_GAS(1.0),24/03/26 23:00:00,Annual,Natural gas,Total,Million cubic metres,Ireland,2004,3440.000,,
ESTAT:NRG_TI_GAS(1.0),24/03/26 23:00:00,Annual,Natural gas,Total,Million cubic metres,Ireland,2005,3498.000,,
ESTAT:NRG_TI_GAS(1.0),24/03/26 23:00:00,Annual,Natural gas,Total,Million cubic metres,Ireland,2006,4185.532,,
ESTAT:NRG_TI_GAS(1.0),24/03/26 23:00:00,Annual,Natural gas,Total,Million cubic metres,Ireland,2007,4552.004,,
ESTAT:NRG_TI_GAS(1.0),24/03/26 23:00:00,Annual,Natural gas,Total,Million cubic metres,Ireland,2008,4843.077,,
ESTAT:NRG_TI_GAS(1.0),24/03/26 23:00:00,Annual,Natural gas,Total,Million cubic metres,Ireland,2009,4684.128,,
ESTAT:NRG_TI_GAS(1.0),24/03/26 23:00:00,Annual,Natural gas,Total,Million cubic metres,Ireland,2010,5228.109,,
ESTAT:NRG_TI_GAS(1.0),24/03/26 23:00:00,Annual,Natural gas,Total,Million cubic metres,Ireland,2011,4631.781,,
ESTAT:NRG_TI_GAS(1.0),24/03/26 23:00:00,Annual,Natural gas,Total,Million cubic metres,Ireland,2012,4521.807,,
ESTAT:NRG_TI_GAS(1.0),24/03/26 23:00:00,Annual,Natural gas,Total,Million cubic metres,Ireland,2013,4371.000,,
ESTAT:NRG_TI_GAS(1.0),24/03/26 23:00:00,Annual,Natural gas,Total,Million cubic metres,Ireland,2014,4245.621,,
ESTAT:NRG_TI_GAS(1.0),24/03/26 23:00:00,Annual,Natural gas,Total,Million cubic metres,Ireland,2015,4234.000,,
ESTAT:NRG_TI_GAS(1.0),24/03/26 23:00:00,Annual,Natural gas,Total,Million cubic metres,Ireland,2016,2004.000,,
ESTAT:NRG_TI_GAS(1.0),24/03/26 23:00:00,Annual,Natural gas,Total,Million cubic metres,Ireland,2017,1652.587,,
ESTAT:NRG_TI_GAS(1.0),24/03/26 23:00:00,Annual,Natural gas,Total,Million cubic metres,Ireland,2018,2040.651,,
ESTAT:NRG_TI_GAS(1.0),24/03/26 23:00:00,Annual,Natural gas,Total,Million cubic metres,Ireland,2019,2852.223,,
ESTAT:NRG_TI_GAS(1.0),24/03/26 23:00:00,Annual,Natural gas,Total,Million cubic metres,Ireland,2020,3437.000,,
ESTAT:NRG_TI_GAS(1.0),24/03/26 23:00:00,Annual,Natural gas,Total,Million cubic metres,Ireland,2021,3662.185,,
ESTAT:NRG_TI_GAS(1.0),24/03/26 23:00:00,Annual,Natural gas,Total,Million cubic metres,Ireland,2022,3846.409,,
ESTAT:NRG_TI_GAS(1.0),24/03/26 23:00:00,Annual,Natural gas,Total,Million cubic metres,Ireland,2023,3716.000,,
ESTAT:NRG_TI_GAS(1.0),24/03/26 23:00:00,Annual,Natural gas,Total,Million cubic metres,Ireland,2024,3998.800,,
ESTAT:NRG_TI_GAS(1.0),24/03/26 23:00:00,Annual,Natural gas,Total,Million cubic metres,Iceland,1990,0.000,,
ESTAT:NRG_TI_GAS(1.0),24/03/26 23:00:00,Annual,Natural gas,Total,Million cubic metres,Iceland,1991,0.000,,
ESTAT:NRG_TI_GAS(1.0),24/03/26 23:00:00,Annual,Natural gas,Total,Million cubic metres,Iceland,1992,0.000,,
ESTAT:NRG_TI_GAS(1.0),24/03/26 23:00:00,Annual,Natural gas,Total,Million cubic metres,Iceland,1993,0.000,,
ESTAT:NRG_TI_GAS(1.0),24/03/26 23:00:00,Annual,Natural gas,Total,Million cubic metres,Iceland,1994,0.000,,
ESTAT:NRG_TI_GAS(1.0),24/03/26 23:00:00,Annual,Natural gas,Total,Million cubic metres,Iceland,1995,0.000,,
ESTAT:NRG_TI_GAS(1.0),24/03/26 23:00:00,Annual,Natural gas,Total,Million cubic metres,Iceland,1996,0.000,,
ESTAT:NRG_TI_GAS(1.0),24/03/26 23:00:00,Annual,Natural gas,Total,Million cubic metres,Iceland,1997,0.000,,
ESTAT:NRG_TI_GAS(1.0),24/03/26 23:00:00,Annual,Natural gas,Total,Million cubic metres,Iceland,1998,0.000,,
ESTAT:NRG_TI_GAS(1.0),24/03/26 23:00:00,Annual,Natural gas,Total,Million cubic metres,Iceland,1999,0.000,,
ESTAT:NRG_TI_GAS(1.0),24/03/26 23:00:00,Annual,Natural gas,Total,Million cubic metres,Iceland,2000,0.000,,
ESTAT:NRG_TI_GAS(1.0),24/03/26 23:00:00,Annual,Natural gas,Total,Million cubic metres,Iceland,2001,0.000,,
ESTAT:NRG_TI_GAS(1.0),24/03/26 23:00:00,Annual,Natural gas,Total,Million cubic metres,Iceland,2002,0.000,,
ESTAT:NRG_TI_GAS(1.0),24/03/26 23:00:00,Annual,Natural gas,Total,Million cubic metres,Iceland,2003,0.000,,
ESTAT:NRG_TI_GAS(1.0),24/03/26 23:00:00,Annual,Natural gas,Total,Million cubic metres,Iceland,2004,0.000,,
ESTAT:NRG_TI_GAS(1.0),24/03/26 23:00:00,Annual,Natural gas,Total,Million cubic metres,Iceland,2005,0.000,,
ESTAT:NRG_TI_GAS(1.0),24/03/26 23:00:00,Annual,Natural gas,Total,Million cubic metres,Iceland,2006,0.000,,
ESTAT:NRG_TI_GAS(1.0),24/03/26 23:00:00,Annual,Natural gas,Total,Million cubic metres,Iceland,2007,0.000,,
ESTAT:NRG_TI_GAS(1.0),24/03/26 23:00:00,Annual,Natural gas,Total,Million cubic metres,Iceland,2008,0.000,,
ESTAT:NRG_TI_GAS(1.0),24/03/26 23:00:00,Annual,Natural gas,Total,Million cubic metres,Iceland,2009,0.000,,
ESTAT:NRG_TI_GAS(1.0),24/03/26 23:00:00,Annual,Natural gas,Total,Million cubic metres,Iceland,2010,0.000,,
ESTAT:NRG_TI_GAS(1.0),24/03/26 23:00:00,Annual,Natural gas,Total,Million cubic metres,Iceland,2011,0.000,,
ESTAT:NRG_TI_GAS(1.0),24/03/26 23:00:00,Annual,Natural gas,Total,Million cubic metres,Iceland,2012,0.000,,
ESTAT:NRG_TI_GAS(1.0),24/03/26 23:00:00,Annual,Natural gas,Total,Million cubic metres,Iceland,2013,0.000,,
ESTAT:NRG_TI_GAS(1.0),24/03/26 23:00:00,Annual,Natural gas,Total,Million cubic metres,Iceland,2014,0.000,,
ESTAT:NRG_TI_GAS(1.0),24/03/26 23:00:00,Annual,Natural gas,Total,Million cubic metres,Iceland,2015,0.000,,
ESTAT:NRG_TI_GAS(1.0),24/03/26 23:00:00,Annual,Natural gas,Total,Million cubic metres,Iceland,2016,0.000,,
ESTAT:NRG_TI_GAS(1.0),24/03/26 23:00:00,Annual,Natural gas,Total,Million cubic metres,Iceland,2017,0.000,,
ESTAT:NRG_TI_GAS(1.0),24/03/26 23:00:00,Annual,Natural gas,Total,Million cubic metres,Iceland,2018,0.000,,
ESTAT:NRG_TI_GAS(1.0),24/03/26 23:00:00,Annual,Natural gas,Total,Million cubic metres,Iceland,2019,0.000,,
ESTAT:NRG_TI_GAS(1.0),24/03/26 23:00:00,Annual,Natural gas,Total,Million cubic metres,Iceland,2020,0.000,,
ESTAT:NRG_TI_GAS(1.0),24/03/26 23:00:00,Annual,Natural gas,Total,Million cubic metres,Iceland,2021,0.000,,
ESTAT:NRG_TI_GAS(1.0),24/03/26 23:00:00,Annual,Natural gas,Total,Million cubic metres,Iceland,2022,,,
ESTAT:NRG_TI_GAS(1.0),24/03/26 23:00:00,Annual,Natural gas,Total,Million cubic metres,Iceland,2023,0.000,,
ESTAT:NRG_TI_GAS(1.0),24/03/26 23:00:00,Annual,Natural gas,Total,Million cubic metres,Iceland,2024,,,
ESTAT:NRG_TI_GAS(1.0),24/03/26 23:00:00,Annual,Natural gas,Total,Million cubic metres,Italy,1990,30470.000,,
ESTAT:NRG_TI_GAS(1.0),24/03/26 23:00:00,Annual,Natural gas,Total,Million cubic metres,Italy,1991,33028.000,,
ESTAT:NRG_TI_GAS(1.0),24/03/26 23:00:00,Annual,Natural gas,Total,Million cubic metres,Italy,1992,33952.000,,
ESTAT:NRG_TI_GAS(1.0),24/03/26 23:00:00,Annual,Natural gas,Total,Million cubic metres,Italy,1993,32146.000,,
ESTAT:NRG_TI_GAS(1.0),24/03/26 23:00:00,Annual,Natural gas,Total,Million cubic metres,Italy,1994,29156.000,,
ESTAT:NRG_TI_GAS(1.0),24/03/26 23:00:00,Annual,Natural gas,Total,Million cubic metres,Italy,1995,34314.000,,
ESTAT:NRG_TI_GAS(1.0),24/03/26 23:00:00,Annual,Natural gas,Total,Million cubic metres,Italy,1996,37086.000,,
ESTAT:NRG_TI_GAS(1.0),24/03/26 23:00:00,Annual,Natural gas,Total,Million cubic metres,Italy,1997,39085.000,,
ESTAT:NRG_TI_GAS(1.0),24/03/26 23:00:00,Annual,Natural gas,Total,Million cubic metres,Italy,1998,42646.000,,
ESTAT:NRG_TI_GAS(1.0),24/03/26 23:00:00,Annual,Natural gas,Total,Million cubic metres,Italy,1999,49484.000,,
ESTAT:NRG_TI_GAS(1.0),24/03/26 23:00:00,Annual,Natural gas,Total,Million cubic metres,Italy,2000,57447.000,,
ESTAT:NRG_TI_GAS(1.0),24/03/26 23:00:00,Annual,Natural gas,Total,Million cubic metres,Italy,2001,54775.000,,
ESTAT:NRG_TI_GAS(1.0),24/03/26 23:00:00,Annual,Natural gas,Total,Million cubic metres,Italy,2002,59291.000,,
ESTAT:NRG_TI_GAS(1.0),24/03/26 23:00:00,Annual,Natural gas,Total,Million cubic metres,Italy,2003,62794.000,,
ESTAT:NRG_TI_GAS(1.0),24/03/26 23:00:00,Annual,Natural gas,Total,Million cubic metres,Italy,2004,67908.000,,
ESTAT:NRG_TI_GAS(1.0),24/03/26 23:00:00,Annual,Natural gas,Total,Million cubic metres,Italy,2005,73460.000,,
ESTAT:NRG_TI_GAS(1.0),24/03/26 23:00:00,Annual,Natural gas,Total,Million cubic metres,Italy,2006,77399.000,,
ESTAT:NRG_TI_GAS(1.0),24/03/26 23:00:00,Annual,Natural gas,Total,Million cubic metres,Italy,2007,73950.000,,
ESTAT:NRG_TI_GAS(1.0),24/03/26 23:00:00,Annual,Natural gas,Total,Million cubic metres,Italy,2008,76867.000,,
ESTAT:NRG_TI_GAS(1.0),24/03/26 23:00:00,Annual,Natural gas,Total,Million cubic metres,Italy,2009,69250.000,,
ESTAT:NRG_TI_GAS(1.0),24/03/26 23:00:00,Annual,Natural gas,Total,Million cubic metres,Italy,2010,75354.000,,
ESTAT:NRG_TI_GAS(1.0),24/03/26 23:00:00,Annual,Natural gas,Total,Million cubic metres,Italy,2011,70369.000,,
ESTAT:NRG_TI_GAS(1.0),24/03/26 23:00:00,Annual,Natural gas,Total,Million cubic metres,Italy,2012,67725.000,,
ESTAT:NRG_TI_GAS(1.0),24/03/26 23:00:00,Annual,Natural gas,Total,Million cubic metres,Italy,2013,61966.000,,
ESTAT:NRG_TI_GAS(1.0),24/03/26 23:00:00,Annual,Natural gas,Total,Million cubic metres,Italy,2014,55757.000,,
ESTAT:NRG_TI_GAS(1.0),24/03/26 23:00:00,Annual,Natural gas,Total,Million cubic metres,Italy,2015,61266.000,,
ESTAT:NRG_TI_GAS(1.0),24/03/26 23:00:00,Annual,Natural gas,Total,Million cubic metres,Italy,2016,65284.000,,
ESTAT:NRG_TI_GAS(1.0),24/03/26 23:00:00,Annual,Natural gas,Total,Million cubic metres,Italy,2017,69650.038,,
ESTAT:NRG_TI_GAS(1.0),24/03/26 23:00:00,Annual,Natural gas,Total,Million cubic metres,Italy,2018,67872.446,,
ESTAT:NRG_TI_GAS(1.0),24/03/26 23:00:00,Annual,Natural gas,Total,Million cubic metres,Italy,2019,71065.255,,
ESTAT:NRG_TI_GAS(1.0),24/03/26 23:00:00,Annual,Natural gas,Total,Million cubic metres,Italy,2020,66392.830,,
ESTAT:NRG_TI_GAS(1.0),24/03/26 23:00:00,Annual,Natural gas,Total,Million cubic metres,Italy,2021,72995.529,,
ESTAT:NRG_TI_GAS(1.0),24/03/26 23:00:00,Annual,Natural gas,Total,Million cubic metres,Italy,2022,72591.358,,
ESTAT:NRG_TI_GAS(1.0),24/03/26 23:00:00,Annual,Natural gas,Total,Million cubic metres,Italy,2023,61823.710,,
ESTAT:NRG_TI_GAS(1.0),24/03/26 23:00:00,Annual,Natural gas,Total,Million cubic metres,Italy,2024,59461.263,,
ESTAT:NRG_TI_GAS(1.0),24/03/26 23:00:00,Annual,Natural gas,Total,Million cubic metres,Liechtenstein,1990,,,
ESTAT:NRG_TI_GAS(1.0),24/03/26 23:00:00,Annual,Natural gas,Total,Million cubic metres,Liechtenstein,1991,,,
ESTAT:NRG_TI_GAS(1.0),24/03/26 23:00:00,Annual,Natural gas,Total,Million cubic metres,Liechtenstein,1992,,,
ESTAT:NRG_TI_GAS(1.0),24/03/26 23:00:00,Annual,Natural gas,Total,Million cubic metres,Liechtenstein,1993,,,
ESTAT:NRG_TI_GAS(1.0),24/03/26 23:00:00,Annual,Natural gas,Total,Million cubic metres,Liechtenstein,1994,,,
ESTAT:NRG_TI_GAS(1.0),24/03/26 23:00:00,Annual,Natural gas,Total,Million cubic metres,Liechtenstein,1995,,,
ESTAT:NRG_TI_GAS(1.0),24/03/26 23:00:00,Annual,Natural gas,Total,Million cubic metres,Liechtenstein,1996,,,
ESTAT:NRG_TI_GAS(1.0),24/03/26 23:00:00,Annual,Natural gas,Total,Million cubic metres,Liechtenstein,1997,,,
ESTAT:NRG_TI_GAS(1.0),24/03/26 23:00:00,Annual,Natural gas,Total,Million cubic metres,Liechtenstein,1998,,,
ESTAT:NRG_TI_GAS(1.0),24/03/26 23:00:00,Annual,Natural gas,Total,Million cubic metres,Liechtenstein,1999,,,
ESTAT:NRG_TI_GAS(1.0),24/03/26 23:00:00,Annual,Natural gas,Total,Million cubic metres,Liechtenstein,2000,,,
ESTAT:NRG_TI_GAS(1.0),24/03/26 23:00:00,Annual,Natural gas,Total,Million cubic metres,Liechtenstein,2001,,,
ESTAT:NRG_TI_GAS(1.0),24/03/26 23:00:00,Annual,Natural gas,Total,Million cubic metres,Liechtenstein,2002,,,
ESTAT:NRG_TI_GAS(1.0),24/03/26 23:00:00,Annual,Natural gas,Total,Million cubic metres,Liechtenstein,2003,,,
ESTAT:NRG_TI_GAS(1.0),24/03/26 23:00:00,Annual,Natural gas,Total,Million cubic metres,Liechtenstein,2004,,,
ESTAT:NRG_TI_GAS(1.0),24/03/26 23:00:00,Annual,Natural gas,Total,Million cubic metres,Liechtenstein,2005,,,
ESTAT:NRG_TI_GAS(1.0),24/03/26 23:00:00,Annual,Natural gas,Total,Million cubic metres,Liechtenstein,2006,,,
ESTAT:NRG_TI_GAS(1.0),24/03/26 23:00:00,Annual,Natural gas,Total,Million cubic metres,Liechtenstein,2007,,,
ESTAT:NRG_TI_GAS(1.0),24/03/26 23:00:00,Annual,Natural gas,Total,Million cubic metres,Liechtenstein,2008,,,
ESTAT:NRG_TI_GAS(1.0),24/03/26 23:00:00,Annual,Natural gas,Total,Million cubic metres,Liechtenstein,2009,,,
ESTAT:NRG_TI_GAS(1.0),24/03/26 23:00:00,Annual,Natural gas,Total,Million cubic metres,Liechtenstein,2010,,,
ESTAT:NRG_TI_GAS(1.0),24/03/26 23:00:00,Annual,Natural gas,Total,Million cubic metres,Liechtenstein,2011,,,
ESTAT:NRG_TI_GAS(1.0),24/03/26 23:00:00,Annual,Natural gas,Total,Million cubic metres,Liechtenstein,2012,,,
ESTAT:NRG_TI_GAS(1.0),24/03/26 23:00:00,Annual,Natural gas,Total,Million cubic metres,Liechtenstein,2013,,,
ESTAT:NRG_TI_GAS(1.0),24/03/26 23:00:00,Annual,Natural gas,Total,Million cubic metres,Liechtenstein,2014,,,
ESTAT:NRG_TI_GAS(1.0),24/03/26 23:00:00,Annual,Natural gas,Total,Million cubic metres,Liechtenstein,2015,,,
ESTAT:NRG_TI_GAS(1.0),24/03/26 23:00:00,Annual,Natural gas,Total,Million cubic metres,Liechtenstein,2016,,,
ESTAT:NRG_TI_GAS(1.0),24/03/26 23:00:00,Annual,Natural gas,Total,Million cubic metres,Liechtenstein,2017,,,
ESTAT:NRG_TI_GAS(1.0),24/03/26 23:00:00,Annual,Natural gas,Total,Million cubic metres,Liechtenstein,2018,,,
ESTAT:NRG_TI_GAS(1.0),24/03/26 23:00:00,Annual,Natural gas,Total,Million cubic metres,Liechtenstein,2019,0.000,,
ESTAT:NRG_TI_GAS(1.0),24/03/26 23:00:00,Annual,Natural gas,Total,Million cubic metres,Liechtenstein,2020,25.019,,
ESTAT:NRG_TI_GAS(1.0),24/03/26 23:00:00,Annual,Natural gas,Total,Million cubic metres,Liechtenstein,2021,27.907,,
ESTAT:NRG_TI_GAS(1.0),24/03/26 23:00:00,Annual,Natural gas,Total,Million cubic metres,Liechtenstein,2022,23.006,,
ESTAT:NRG_TI_GAS(1.0),24/03/26 23:00:00,Annual,Natural gas,Total,Million cubic metres,Liechtenstein,2023,21.179,,
ESTAT:NRG_TI_GAS(1.0),24/03/26 23:00:00,Annual,Natural gas,Total,Million cubic metres,Liechtenstein,2024,20.416,,
ESTAT:NRG_TI_GAS(1.0),24/03/26 23:00:00,Annual,Natural gas,Total,Million cubic metres,Lithuania,1990,5888.000,,
ESTAT:NRG_TI_GAS(1.0),24/03/26 23:00:00,Annual,Natural gas,Total,Million cubic metres,Lithuania,1991,5873.000,,
ESTAT:NRG_TI_GAS(1.0),24/03/26 23:00:00,Annual,Natural gas,Total,Million cubic metres,Lithuania,1992,3377.000,,
ESTAT:NRG_TI_GAS(1.0),24/03/26 23:00:00,Annual,Natural gas,Total,Million cubic metres,Lithuania,1993,1826.000,,
ESTAT:NRG_TI_GAS(1.0),24/03/26 23:00:00,Annual,Natural gas,Total,Million cubic metres,Lithuania,1994,2133.000,,
ESTAT:NRG_TI_GAS(1.0),24/03/26 23:00:00,Annual,Natural gas,Total,Million cubic metres,Lithuania,1995,2476.000,,
ESTAT:NRG_TI_GAS(1.0),24/03/26 23:00:00,Annual,Natural gas,Total,Million cubic metres,Lithuania,1996,2647.000,,
ESTAT:NRG_TI_GAS(1.0),24/03/26 23:00:00,Annual,Natural gas,Total,Million cubic metres,Lithuania,1997,2460.000,,
ESTAT:NRG_TI_GAS(1.0),24/03/26 23:00:00,Annual,Natural gas,Total,Million cubic metres,Lithuania,1998,2154.000,,
ESTAT:NRG_TI_GAS(1.0),24/03/26 23:00:00,Annual,Natural gas,Total,Million cubic metres,Lithuania,1999,2244.000,,
ESTAT:NRG_TI_GAS(1.0),24/03/26 23:00:00,Annual,Natural gas,Total,Million cubic metres,Lithuania,2000,2537.000,,
ESTAT:NRG_TI_GAS(1.0),24/03/26 23:00:00,Annual,Natural gas,Total,Million cubic metres,Lithuania,2001,2635.000,,
ESTAT:NRG_TI_GAS(1.0),24/03/26 23:00:00,Annual,Natural gas,Total,Million cubic metres,Lithuania,2002,2664.000,,
ESTAT:NRG_TI_GAS(1.0),24/03/26 23:00:00,Annual,Natural gas,Total,Million cubic metres,Lithuania,2003,2893.000,,
ESTAT:NRG_TI_GAS(1.0),24/03/26 23:00:00,Annual,Natural gas,Total,Million cubic metres,Lithuania,2004,2879.000,,
ESTAT:NRG_TI_GAS(1.0),24/03/26 23:00:00,Annual,Natural gas,Total,Million cubic metres,Lithuania,2005,3063.000,,
ESTAT:NRG_TI_GAS(1.0),24/03/26 23:00:00,Annual,Natural gas,Total,Million cubic metres,Lithuania,2006,3047.000,,
ESTAT:NRG_TI_GAS(1.0),24/03/26 23:00:00,Annual,Natural gas,Total,Million cubic metres,Lithuania,2007,3656.000,,
ESTAT:NRG_TI_GAS(1.0),24/03/26 23:00:00,Annual,Natural gas,Total,Million cubic metres,Lithuania,2008,3071.000,,
ESTAT:NRG_TI_GAS(1.0),24/03/26 23:00:00,Annual,Natural gas,Total,Million cubic metres,Lithuania,2009,2690.000,,
ESTAT:NRG_TI_GAS(1.0),24/03/26 23:00:00,Annual,Natural gas,Total,Million cubic metres,Lithuania,2010,3053.000,,
ESTAT:NRG_TI_GAS(1.0),24/03/26 23:00:00,Annual,Natural gas,Total,Million cubic metres,Lithuania,2011,3349.000,,
ESTAT:NRG_TI_GAS(1.0),24/03/26 23:00:00,Annual,Natural gas,Total,Million cubic metres,Lithuania,2012,3263.000,,
ESTAT:NRG_TI_GAS(1.0),24/03/26 23:00:00,Annual,Natural gas,Total,Million cubic metres,Lithuania,2013,2661.000,,
ESTAT:NRG_TI_GAS(1.0),24/03/26 23:00:00,Annual,Natural gas,Total,Million cubic metres,Lithuania,2014,2640.000,,
ESTAT:NRG_TI_GAS(1.0),24/03/26 23:00:00,Annual,Natural gas,Total,Million cubic metres,Lithuania,2015,2588.000,,
ESTAT:NRG_TI_GAS(1.0),24/03/26 23:00:00,Annual,Natural gas,Total,Million cubic metres,Lithuania,2016,2258.000,,
ESTAT:NRG_TI_GAS(1.0),24/03/26 23:00:00,Annual,Natural gas,Total,Million cubic metres,Lithuania,2017,2501.000,,
ESTAT:NRG_TI_GAS(1.0),24/03/26 23:00:00,Annual,Natural gas,Total,Million cubic metres,Lithuania,2018,2295.000,,
ESTAT:NRG_TI_GAS(1.0),24/03/26 23:00:00,Annual,Natural gas,Total,Million cubic metres,Lithuania,2019,2749.000,,
ESTAT:NRG_TI_GAS(1.0),24/03/26 23:00:00,Annual,Natural gas,Total,Million cubic metres,Lithuania,2020,2862.100,,
ESTAT:NRG_TI_GAS(1.0),24/03/26 23:00:00,Annual,Natural gas,Total,Million cubic metres,Lithuania,2021,2422.400,,
ESTAT:NRG_TI_GAS(1.0),24/03/26 23:00:00,Annual,Natural gas,Total,Million cubic metres,Lithuania,2022,3543.800,,
ESTAT:NRG_TI_GAS(1.0),24/03/26 23:00:00,Annual,Natural gas,Total,Million cubic metres,Lithuania,2023,3298.100,,
ESTAT:NRG_TI_GAS(1.0),24/03/26 23:00:00,Annual,Natural gas,Total,Million cubic metres,Lithuania,2024,2698.900,,
ESTAT:NRG_TI_GAS(1.0),24/03/26 23:00:00,Annual,Natural gas,Total,Million cubic metres,Luxembourg,1990,493.000,,
ESTAT:NRG_TI_GAS(1.0),24/03/26 23:00:00,Annual,Natural gas,Total,Million cubic metres,Luxembourg,1991,510.000,,
ESTAT:NRG_TI_GAS(1.0),24/03/26 23:00:00,Annual,Natural gas,Total,Million cubic metres,Luxembourg,1992,532.000,,
ESTAT:NRG_TI_GAS(1.0),24/03/26 23:00:00,Annual,Natural gas,Total,Million cubic metres,Luxembourg,1993,553.000,,
ESTAT:NRG_TI_GAS(1.0),24/03/26 23:00:00,Annual,Natural gas,Total,Million cubic metres,Luxembourg,1994,557.000,,
ESTAT:NRG_TI_GAS(1.0),24/03/26 23:00:00,Annual,Natural gas,Total,Million cubic metres,Luxembourg,1995,636.000,,
ESTAT:NRG_TI_GAS(1.0),24/03/26 23:00:00,Annual,Natural gas,Total,Million cubic metres,Luxembourg,1996,695.000,,
ESTAT:NRG_TI_GAS(1.0),24/03/26 23:00:00,Annual,Natural gas,Total,Million cubic metres,Luxembourg,1997,708.000,,
ESTAT:NRG_TI_GAS(1.0),24/03/26 23:00:00,Annual,Natural gas,Total,Million cubic metres,Luxembourg,1998,713.000,,
ESTAT:NRG_TI_GAS(1.0),24/03/26 23:00:00,Annual,Natural gas,Total,Million cubic metres,Luxembourg,1999,740.000,,
ESTAT:NRG_TI_GAS(1.0),24/03/26 23:00:00,Annual,Natural gas,Total,Million cubic metres,Luxembourg,2000,757.985,,
ESTAT:NRG_TI_GAS(1.0),24/03/26 23:00:00,Annual,Natural gas,Total,Million cubic metres,Luxembourg,2001,842.404,,
ESTAT:NRG_TI_GAS(1.0),24/03/26 23:00:00,Annual,Natural gas,Total,Million cubic metres,Luxembourg,2002,1206.637,,
ESTAT:NRG_TI_GAS(1.0),24/03/26 23:00:00,Annual,Natural gas,Total,Million cubic metres,Luxembourg,2003,1222.813,,
ESTAT:NRG_TI_GAS(1.0),24/03/26 23:00:00,Annual,Natural gas,Total,Million cubic metres,Luxembourg,2004,1357.044,,
ESTAT:NRG_TI_GAS(1.0),24/03/26 23:00:00,Annual,Natural gas,Total,Million cubic metres,Luxembourg,2005,1336.605,,
ESTAT:NRG_TI_GAS(1.0),24/03/26 23:00:00,Annual,Natural gas,Total,Million cubic metres,Luxembourg,2006,1402.765,,
ESTAT:NRG_TI_GAS(1.0),24/03/26 23:00:00,Annual,Natural gas,Total,Million cubic metres,Luxembourg,2007,1312.361,,
ESTAT:NRG_TI_GAS(1.0),24/03/26 23:00:00,Annual,Natural gas,Total,Million cubic metres,Luxembourg,2008,1254.935,,
ESTAT:NRG_TI_GAS(1.0),24/03/26 23:00:00,Annual,Natural gas,Total,Million cubic metres,Luxembourg,2009,1268.694,,
ESTAT:NRG_TI_GAS(1.0),24/03/26 23:00:00,Annual,Natural gas,Total,Million cubic metres,Luxembourg,2010,1364.362,,
ESTAT:NRG_TI_GAS(1.0),24/03/26 23:00:00,Annual,Natural gas,Total,Million cubic metres,Luxembourg,2011,1182.713,,
ESTAT:NRG_TI_GAS(1.0),24/03/26 23:00:00,Annual,Natural gas,Total,Million cubic metres,Luxembourg,2012,1209.871,,
ESTAT:NRG_TI_GAS(1.0),24/03/26 23:00:00,Annual,Natural gas,Total,Million cubic metres,Luxembourg,2013,1030.150,,
ESTAT:NRG_TI_GAS(1.0),24/03/26 23:00:00,Annual,Natural gas,Total,Million cubic metres,Luxembourg,2014,972.772,,
ESTAT:NRG_TI_GAS(1.0),24/03/26 23:00:00,Annual,Natural gas,Total,Million cubic metres,Luxembourg,2015,874.777,,
ESTAT:NRG_TI_GAS(1.0),24/03/26 23:00:00,Annual,Natural gas,Total,Million cubic metres,Luxembourg,2016,803.881,,
ESTAT:NRG_TI_GAS(1.0),24/03/26 23:00:00,Annual,Natural gas,Total,Million cubic metres,Luxembourg,2017,784.763,,
ESTAT:NRG_TI_GAS(1.0),24/03/26 23:00:00,Annual,Natural gas,Total,Million cubic metres,Luxembourg,2018,778.526,,
ESTAT:NRG_TI_GAS(1.0),24/03/26 23:00:00,Annual,Natural gas,Total,Million cubic metres,Luxembourg,2019,779.366,,
ESTAT:NRG_TI_GAS(1.0),24/03/26 23:00:00,Annual,Natural gas,Total,Million cubic metres,Luxembourg,2020,703.453,,
ESTAT:NRG_TI_GAS(1.0),24/03/26 23:00:00,Annual,Natural gas,Total,Million cubic metres,Luxembourg,2021,756.750,,
ESTAT:NRG_TI_GAS(1.0),24/03/26 23:00:00,Annual,Natural gas,Total,Million cubic metres,Luxembourg,2022,588.969,,
ESTAT:NRG_TI_GAS(1.0),24/03/26 23:00:00,Annual,Natural gas,Total,Million cubic metres,Luxembourg,2023,551.361,,
ESTAT:NRG_TI_GAS(1.0),24/03/26 23:00:00,Annual,Natural gas,Total,Million cubic metres,Luxembourg,2024,583.179,,
ESTAT:NRG_TI_GAS(1.0),24/03/26 23:00:00,Annual,Natural gas,Total,Million cubic metres,Latvia,1990,3310.000,,
ESTAT:NRG_TI_GAS(1.0),24/03/26 23:00:00,Annual,Natural gas,Total,Million cubic metres,Latvia,1991,2961.000,,
ESTAT:NRG_TI_GAS(1.0),24/03/26 23:00:00,Annual,Natural gas,Total,Million cubic metres,Latvia,1992,2660.000,,
ESTAT:NRG_TI_GAS(1.0),24/03/26 23:00:00,Annual,Natural gas,Total,Million cubic metres,Latvia,1993,943.000,,
ESTAT:NRG_TI_GAS(1.0),24/03/26 23:00:00,Annual,Natural gas,Total,Million cubic metres,Latvia,1994,1010.000,,
ESTAT:NRG_TI_GAS(1.0),24/03/26 23:00:00,Annual,Natural gas,Total,Million cubic metres,Latvia,1995,1241.000,,
ESTAT:NRG_TI_GAS(1.0),24/03/26 23:00:00,Annual,Natural gas,Total,Million cubic metres,Latvia,1996,1089.000,,
ESTAT:NRG_TI_GAS(1.0),24/03/26 23:00:00,Annual,Natural gas,Total,Million cubic metres,Latvia,1997,1318.000,,
ESTAT:NRG_TI_GAS(1.0),24/03/26 23:00:00,Annual,Natural gas,Total,Million cubic metres,Latvia,1998,1382.000,,
ESTAT:NRG_TI_GAS(1.0),24/03/26 23:00:00,Annual,Natural gas,Total,Million cubic metres,Latvia,1999,1290.000,,
ESTAT:NRG_TI_GAS(1.0),24/03/26 23:00:00,Annual,Natural gas,Total,Million cubic metres,Latvia,2000,1385.000,,
ESTAT:NRG_TI_GAS(1.0),24/03/26 23:00:00,Annual,Natural gas,Total,Million cubic metres,Latvia,2001,1350.000,,
ESTAT:NRG_TI_GAS(1.0),24/03/26 23:00:00,Annual,Natural gas,Total,Million cubic metres,Latvia,2002,1425.000,,
ESTAT:NRG_TI_GAS(1.0),24/03/26 23:00:00,Annual,Natural gas,Total,Million cubic metres,Latvia,2003,1750.000,,
ESTAT:NRG_TI_GAS(1.0),24/03/26 23:00:00,Annual,Natural gas,Total,Million cubic metres,Latvia,2004,2170.000,,
ESTAT:NRG_TI_GAS(1.0),24/03/26 23:00:00,Annual,Natural gas,Total,Million cubic metres,Latvia,2005,1790.000,,
ESTAT:NRG_TI_GAS(1.0),24/03/26 23:00:00,Annual,Natural gas,Total,Million cubic metres,Latvia,2006,1910.000,,
ESTAT:NRG_TI_GAS(1.0),24/03/26 23:00:00,Annual,Natural gas,Total,Million cubic metres,Latvia,2007,1645.000,,
ESTAT:NRG_TI_GAS(1.0),24/03/26 23:00:00,Annual,Natural gas,Total,Million cubic metres,Latvia,2008,1368.000,,
ESTAT:NRG_TI_GAS(1.0),24/03/26 23:00:00,Annual,Natural gas,Total,Million cubic metres,Latvia,2009,1743.000,,
ESTAT:NRG_TI_GAS(1.0),24/03/26 23:00:00,Annual,Natural gas,Total,Million cubic metres,Latvia,2010,1125.000,,
ESTAT:NRG_TI_GAS(1.0),24/03/26 23:00:00,Annual,Natural gas,Total,Million cubic metres,Latvia,2011,1755.000,,
ESTAT:NRG_TI_GAS(1.0),24/03/26 23:00:00,Annual,Natural gas,Total,Million cubic metres,Latvia,2012,1716.000,,
ESTAT:NRG_TI_GAS(1.0),24/03/26 23:00:00,Annual,Natural gas,Total,Million cubic metres,Latvia,2013,1698.000,,
ESTAT:NRG_TI_GAS(1.0),24/03/26 23:00:00,Annual,Natural gas,Total,Million cubic metres,Latvia,2014,947.000,,
ESTAT:NRG_TI_GAS(1.0),24/03/26 23:00:00,Annual,Natural gas,Total,Million cubic metres,Latvia,2015,1306.000,,
ESTAT:NRG_TI_GAS(1.0),24/03/26 23:00:00,Annual,Natural gas,Total,Million cubic metres,Latvia,2016,1132.000,,
ESTAT:NRG_TI_GAS(1.0),24/03/26 23:00:00,Annual,Natural gas,Total,Million cubic metres,Latvia,2017,1242.660,,
ESTAT:NRG_TI_GAS(1.0),24/03/26 23:00:00,Annual,Natural gas,Total,Million cubic metres,Latvia,2018,1414.807,,
ESTAT:NRG_TI_GAS(1.0),24/03/26 23:00:00,Annual,Natural gas,Total,Million cubic metres,Latvia,2019,1353.952,,
ESTAT:NRG_TI_GAS(1.0),24/03/26 23:00:00,Annual,Natural gas,Total,Million cubic metres,Latvia,2020,1114.949,,
ESTAT:NRG_TI_GAS(1.0),24/03/26 23:00:00,Annual,Natural gas,Total,Million cubic metres,Latvia,2021,1186.959,,
ESTAT:NRG_TI_GAS(1.0),24/03/26 23:00:00,Annual,Natural gas,Total,Million cubic metres,Latvia,2022,841.405,,
ESTAT:NRG_TI_GAS(1.0),24/03/26 23:00:00,Annual,Natural gas,Total,Million cubic metres,Latvia,2023,802.539,,
ESTAT:NRG_TI_GAS(1.0),24/03/26 23:00:00,Annual,Natural gas,Total,Million cubic metres,Latvia,2024,848.599,,
ESTAT:NRG_TI_GAS(1.0),24/03/26 23:00:00,Annual,Natural gas,Total,Million cubic metres,Moldova,1990,,,
ESTAT:NRG_TI_GAS(1.0),24/03/26 23:00:00,Annual,Natural gas,Total,Million cubic metres,Moldova,1991,,,
ESTAT:NRG_TI_GAS(1.0),24/03/26 23:00:00,Annual,Natural gas,Total,Million cubic metres,Moldova,1992,,,
ESTAT:NRG_TI_GAS(1.0),24/03/26 23:00:00,Annual,Natural gas,Total,Million cubic metres,Moldova,1993,,,
ESTAT:NRG_TI_GAS(1.0),24/03/26 23:00:00,Annual,Natural gas,Total,Million cubic metres,Moldova,1994,,,
ESTAT:NRG_TI_GAS(1.0),24/03/26 23:00:00,Annual,Natural gas,Total,Million cubic metres,Moldova,1995,,,
ESTAT:NRG_TI_GAS(1.0),24/03/26 23:00:00,Annual,Natural gas,Total,Million cubic metres,Moldova,1996,,,
ESTAT:NRG_TI_GAS(1.0),24/03/26 23:00:00,Annual,Natural gas,Total,Million cubic metres,Moldova,1997,,,
ESTAT:NRG_TI_GAS(1.0),24/03/26 23:00:00,Annual,Natural gas,Total,Million cubic metres,Moldova,1998,,,
ESTAT:NRG_TI_GAS(1.0),24/03/26 23:00:00,Annual,Natural gas,Total,Million cubic metres,Moldova,1999,,,
ESTAT:NRG_TI_GAS(1.0),24/03/26 23:00:00,Annual,Natural gas,Total,Million cubic metres,Moldova,2000,,,
ESTAT:NRG_TI_GAS(1.0),24/03/26 23:00:00,Annual,Natural gas,Total,Million cubic metres,Moldova,2001,,,
ESTAT:NRG_TI_GAS(1.0),24/03/26 23:00:00,Annual,Natural gas,Total,Million cubic metres,Moldova,2002,,,
ESTAT:NRG_TI_GAS(1.0),24/03/26 23:00:00,Annual,Natural gas,Total,Million cubic metres,Moldova,2003,,,
ESTAT:NRG_TI_GAS(1.0),24/03/26 23:00:00,Annual,Natural gas,Total,Million cubic metres,Moldova,2004,,,
ESTAT:NRG_TI_GAS(1.0),24/03/26 23:00:00,Annual,Natural gas,Total,Million cubic metres,Moldova,2005,,,
ESTAT:NRG_TI_GAS(1.0),24/03/26 23:00:00,Annual,Natural gas,Total,Million cubic metres,Moldova,2006,,,
ESTAT:NRG_TI_GAS(1.0),24/03/26 23:00:00,Annual,Natural gas,Total,Million cubic metres,Moldova,2007,,,
ESTAT:NRG_TI_GAS(1.0),24/03/26 23:00:00,Annual,Natural gas,Total,Million cubic metres,Moldova,2008,,,
ESTAT:NRG_TI_GAS(1.0),24/03/26 23:00:00,Annual,Natural gas,Total,Million cubic metres,Moldova,2009,,,
ESTAT:NRG_TI_GAS(1.0),24/03/26 23:00:00,Annual,Natural gas,Total,Million cubic metres,Moldova,2010,1188.000,,
ESTAT:NRG_TI_GAS(1.0),24/03/26 23:00:00,Annual,Natural gas,Total,Million cubic metres,Moldova,2011,1152.000,,
ESTAT:NRG_TI_GAS(1.0),24/03/26 23:00:00,Annual,Natural gas,Total,Million cubic metres,Moldova,2012,1095.000,,
ESTAT:NRG_TI_GAS(1.0),24/03/26 23:00:00,Annual,Natural gas,Total,Million cubic metres,Moldova,2013,1031.000,,
ESTAT:NRG_TI_GAS(1.0),24/03/26 23:00:00,Annual,Natural gas,Total,Million cubic metres,Moldova,2014,1053.000,,
ESTAT:NRG_TI_GAS(1.0),24/03/26 23:00:00,Annual,Natural gas,Total,Million cubic metres,Moldova,2015,1008.000,,
ESTAT:NRG_TI_GAS(1.0),24/03/26 23:00:00,Annual,Natural gas,Total,Million cubic metres,Moldova,2016,1038.000,,
ESTAT:NRG_TI_GAS(1.0),24/03/26 23:00:00,Annual,Natural gas,Total,Million cubic metres,Moldova,2017,1033.482,,
ESTAT:NRG_TI_GAS(1.0),24/03/26 23:00:00,Annual,Natural gas,Total,Million cubic metres,Moldova,2018,1129.700,,
ESTAT:NRG_TI_GAS(1.0),24/03/26 23:00:00,Annual,Natural gas,Total,Million cubic metres,Moldova,2019,1039.600,,
ESTAT:NRG_TI_GAS(1.0),24/03/26 23:00:00,Annual,Natural gas,Total,Million cubic metres,Moldova,2020,1056.000,,
ESTAT:NRG_TI_GAS(1.0),24/03/26 23:00:00,Annual,Natural gas,Total,Million cubic metres,Moldova,2021,1215.200,,
ESTAT:NRG_TI_GAS(1.0),24/03/26 23:00:00,Annual,Natural gas,Total,Million cubic metres,Moldova,2022,947.800,,
ESTAT:NRG_TI_GAS(1.0),24/03/26 23:00:00,Annual,Natural gas,Total,Million cubic metres,Moldova,2023,628.400,,
ESTAT:NRG_TI_GAS(1.0),24/03/26 23:00:00,Annual,Natural gas,Total,Million cubic metres,Moldova,2024,892.800,,
ESTAT:NRG_TI_GAS(1.0),24/03/26 23:00:00,Annual,Natural gas,Total,Million cubic metres,Montenegro,1990,,,
ESTAT:NRG_TI_GAS(1.0),24/03/26 23:00:00,Annual,Natural gas,Total,Million cubic metres,Montenegro,1991,,,
ESTAT:NRG_TI_GAS(1.0),24/03/26 23:00:00,Annual,Natural gas,Total,Million cubic metres,Montenegro,1992,,,
ESTAT:NRG_TI_GAS(1.0),24/03/26 23:00:00,Annual,Natural gas,Total,Million cubic metres,Montenegro,1993,,,
ESTAT:NRG_TI_GAS(1.0),24/03/26 23:00:00,Annual,Natural gas,Total,Million cubic metres,Montenegro,1994,,,
ESTAT:NRG_TI_GAS(1.0),24/03/26 23:00:00,Annual,Natural gas,Total,Million cubic metres,Montenegro,1995,,,
ESTAT:NRG_TI_GAS(1.0),24/03/26 23:00:00,Annual,Natural gas,Total,Million cubic metres,Montenegro,1996,,,
ESTAT:NRG_TI_GAS(1.0),24/03/26 23:00:00,Annual,Natural gas,Total,Million cubic metres,Montenegro,1997,,,
ESTAT:NRG_TI_GAS(1.0),24/03/26 23:00:00,Annual,Natural gas,Total,Million cubic metres,Montenegro,1998,,,
ESTAT:NRG_TI_GAS(1.0),24/03/26 23:00:00,Annual,Natural gas,Total,Million cubic metres,Montenegro,1999,,,
ESTAT:NRG_TI_GAS(1.0),24/03/26 23:00:00,Annual,Natural gas,Total,Million cubic metres,Montenegro,2000,,,
ESTAT:NRG_TI_GAS(1.0),24/03/26 23:00:00,Annual,Natural gas,Total,Million cubic metres,Montenegro,2001,,,
ESTAT:NRG_TI_GAS(1.0),24/03/26 23:00:00,Annual,Natural gas,Total,Million cubic metres,Montenegro,2002,,,
ESTAT:NRG_TI_GAS(1.0),24/03/26 23:00:00,Annual,Natural gas,Total,Million cubic metres,Montenegro,2003,,,
ESTAT:NRG_TI_GAS(1.0),24/03/26 23:00:00,Annual,Natural gas,Total,Million cubic metres,Montenegro,2004,,,
ESTAT:NRG_TI_GAS(1.0),24/03/26 23:00:00,Annual,Natural gas,Total,Million cubic metres,Montenegro,2005,0.000,,
ESTAT:NRG_TI_GAS(1.0),24/03/26 23:00:00,Annual,Natural gas,Total,Million cubic metres,Montenegro,2006,0.000,,
ESTAT:NRG_TI_GAS(1.0),24/03/26 23:00:00,Annual,Natural gas,Total,Million cubic metres,Montenegro,2007,0.000,,
ESTAT:NRG_TI_GAS(1.0),24/03/26 23:00:00,Annual,Natural gas,Total,Million cubic metres,Montenegro,2008,0.000,,
ESTAT:NRG_TI_GAS(1.0),24/03/26 23:00:00,Annual,Natural gas,Total,Million cubic metres,Montenegro,2009,0.000,,
ESTAT:NRG_TI_GAS(1.0),24/03/26 23:00:00,Annual,Natural gas,Total,Million cubic metres,Montenegro,2010,0.000,,
ESTAT:NRG_TI_GAS(1.0),24/03/26 23:00:00,Annual,Natural gas,Total,Million cubic metres,Montenegro,2011,0.000,,
ESTAT:NRG_TI_GAS(1.0),24/03/26 23:00:00,Annual,Natural gas,Total,Million cubic metres,Montenegro,2012,0.000,,
ESTAT:NRG_TI_GAS(1.0),24/03/26 23:00:00,Annual,Natural gas,Total,Million cubic metres,Montenegro,2013,0.000,,
ESTAT:NRG_TI_GAS(1.0),24/03/26 23:00:00,Annual,Natural gas,Total,Million cubic metres,Montenegro,2014,0.000,,
ESTAT:NRG_TI_GAS(1.0),24/03/26 23:00:00,Annual,Natural gas,Total,Million cubic metres,Montenegro,2015,0.000,,
ESTAT:NRG_TI_GAS(1.0),24/03/26 23:00:00,Annual,Natural gas,Total,Million cubic metres,Montenegro,2016,0.000,,
ESTAT:NRG_TI_GAS(1.0),24/03/26 23:00:00,Annual,Natural gas,Total,Million cubic metres,Montenegro,2017,0.000,,
ESTAT:NRG_TI_GAS(1.0),24/03/26 23:00:00,Annual,Natural gas,Total,Million cubic metres,Montenegro,2018,0.000,,
ESTAT:NRG_TI_GAS(1.0),24/03/26 23:00:00,Annual,Natural gas,Total,Million cubic metres,Montenegro,2019,0.000,,
ESTAT:NRG_TI_GAS(1.0),24/03/26 23:00:00,Annual,Natural gas,Total,Million cubic metres,Montenegro,2020,0.000,,
ESTAT:NRG_TI_GAS(1.0),24/03/26 23:00:00,Annual,Natural gas,Total,Million cubic metres,Montenegro,2021,0.000,,
ESTAT:NRG_TI_GAS(1.0),24/03/26 23:00:00,Annual,Natural gas,Total,Million cubic metres,Montenegro,2022,0.000,,
ESTAT:NRG_TI_GAS(1.0),24/03/26 23:00:00,Annual,Natural gas,Total,Million cubic metres,Montenegro,2023,0.000,,
ESTAT:NRG_TI_GAS(1.0),24/03/26 23:00:00,Annual,Natural gas,Total,Million cubic metres,Montenegro,2024,0.000,,
ESTAT:NRG_TI_GAS(1.0),24/03/26 23:00:00,Annual,Natural gas,Total,Million cubic metres,North Macedonia,1990,0.000,,
ESTAT:NRG_TI_GAS(1.0),24/03/26 23:00:00,Annual,Natural gas,Total,Million cubic metres,North Macedonia,1991,0.000,,
ESTAT:NRG_TI_GAS(1.0),24/03/26 23:00:00,Annual,Natural gas,Total,Million cubic metres,North Macedonia,1992,0.000,,
ESTAT:NRG_TI_GAS(1.0),24/03/26 23:00:00,Annual,Natural gas,Total,Million cubic metres,North Macedonia,1993,0.000,,
ESTAT:NRG_TI_GAS(1.0),24/03/26 23:00:00,Annual,Natural gas,Total,Million cubic metres,North Macedonia,1994,0.000,,
ESTAT:NRG_TI_GAS(1.0),24/03/26 23:00:00,Annual,Natural gas,Total,Million cubic metres,North Macedonia,1995,0.000,,
ESTAT:NRG_TI_GAS(1.0),24/03/26 23:00:00,Annual,Natural gas,Total,Million cubic metres,North Macedonia,1996,0.000,,
ESTAT:NRG_TI_GAS(1.0),24/03/26 23:00:00,Annual,Natural gas,Total,Million cubic metres,North Macedonia,1997,0.000,,
ESTAT:NRG_TI_GAS(1.0),24/03/26 23:00:00,Annual,Natural gas,Total,Million cubic metres,North Macedonia,1998,22.000,,
ESTAT:NRG_TI_GAS(1.0),24/03/26 23:00:00,Annual,Natural gas,Total,Million cubic metres,North Macedonia,1999,42.000,,
ESTAT:NRG_TI_GAS(1.0),24/03/26 23:00:00,Annual,Natural gas,Total,Million cubic metres,North Macedonia,2000,65.000,,
ESTAT:NRG_TI_GAS(1.0),24/03/26 23:00:00,Annual,Natural gas,Total,Million cubic metres,North Macedonia,2001,87.000,,
ESTAT:NRG_TI_GAS(1.0),24/03/26 23:00:00,Annual,Natural gas,Total,Million cubic metres,North Macedonia,2002,91.000,,
ESTAT:NRG_TI_GAS(1.0),24/03/26 23:00:00,Annual,Natural gas,Total,Million cubic metres,North Macedonia,2003,80.000,,
ESTAT:NRG_TI_GAS(1.0),24/03/26 23:00:00,Annual,Natural gas,Total,Million cubic metres,North Macedonia,2004,71.000,,
ESTAT:NRG_TI_GAS(1.0),24/03/26 23:00:00,Annual,Natural gas,Total,Million cubic metres,North Macedonia,2005,76.000,,
ESTAT:NRG_TI_GAS(1.0),24/03/26 23:00:00,Annual,Natural gas,Total,Million cubic metres,North Macedonia,2006,82.000,,
ESTAT:NRG_TI_GAS(1.0),24/03/26 23:00:00,Annual,Natural gas,Total,Million cubic metres,North Macedonia,2007,104.000,,
ESTAT:NRG_TI_GAS(1.0),24/03/26 23:00:00,Annual,Natural gas,Total,Million cubic metres,North Macedonia,2008,119.000,,
ESTAT:NRG_TI_GAS(1.0),24/03/26 23:00:00,Annual,Natural gas,Total,Million cubic metres,North Macedonia,2009,79.000,,
ESTAT:NRG_TI_GAS(1.0),24/03/26 23:00:00,Annual,Natural gas,Total,Million cubic metres,North Macedonia,2010,116.000,,
ESTAT:NRG_TI_GAS(1.0),24/03/26 23:00:00,Annual,Natural gas,Total,Million cubic metres,North Macedonia,2011,134.000,,
ESTAT:NRG_TI_GAS(1.0),24/03/26 23:00:00,Annual,Natural gas,Total,Million cubic metres,North Macedonia,2012,139.000,,
ESTAT:NRG_TI_GAS(1.0),24/03/26 23:00:00,Annual,Natural gas,Total,Million cubic metres,North Macedonia,2013,157.000,,
ESTAT:NRG_TI_GAS(1.0),24/03/26 23:00:00,Annual,Natural gas,Total,Million cubic metres,North Macedonia,2014,134.000,,
ESTAT:NRG_TI_GAS(1.0),24/03/26 23:00:00,Annual,Natural gas,Total,Million cubic metres,North Macedonia,2015,135.000,,
ESTAT:NRG_TI_GAS(1.0),24/03/26 23:00:00,Annual,Natural gas,Total,Million cubic metres,North Macedonia,2016,211.000,,
ESTAT:NRG_TI_GAS(1.0),24/03/26 23:00:00,Annual,Natural gas,Total,Million cubic metres,North Macedonia,2017,271.000,,
ESTAT:NRG_TI_GAS(1.0),24/03/26 23:00:00,Annual,Natural gas,Total,Million cubic metres,North Macedonia,2018,251.000,,
ESTAT:NRG_TI_GAS(1.0),24/03/26 23:00:00,Annual,Natural gas,Total,Million cubic metres,North Macedonia,2019,292.000,,
ESTAT:NRG_TI_GAS(1.0),24/03/26 23:00:00,Annual,Natural gas,Total,Million cubic metres,North Macedonia,2020,334.462,,
ESTAT:NRG_TI_GAS(1.0),24/03/26 23:00:00,Annual,Natural gas,Total,Million cubic metres,North Macedonia,2021,432.146,,
ESTAT:NRG_TI_GAS(1.0),24/03/26 23:00:00,Annual,Natural gas,Total,Million cubic metres,North Macedonia,2022,286.985,,
ESTAT:NRG_TI_GAS(1.0),24/03/26 23:00:00,Annual,Natural gas,Total,Million cubic metres,North Macedonia,2023,356.334,,
ESTAT:NRG_TI_GAS(1.0),24/03/26 23:00:00,Annual,Natural gas,Total,Million cubic metres,North Macedonia,2024,330.724,,
ESTAT:NRG_TI_GAS(1.0),24/03/26 23:00:00,Annual,Natural gas,Total,Million cubic metres,Malta,1990,0.000,,
ESTAT:NRG_TI_GAS(1.0),24/03/26 23:00:00,Annual,Natural gas,Total,Million cubic metres,Malta,1991,0.000,,
ESTAT:NRG_TI_GAS(1.0),24/03/26 23:00:00,Annual,Natural gas,Total,Million cubic metres,Malta,1992,0.000,,
ESTAT:NRG_TI_GAS(1.0),24/03/26 23:00:00,Annual,Natural gas,Total,Million cubic metres,Malta,1993,0.000,,
ESTAT:NRG_TI_GAS(1.0),24/03/26 23:00:00,Annual,Natural gas,Total,Million cubic metres,Malta,1994,0.000,,
ESTAT:NRG_TI_GAS(1.0),24/03/26 23:00:00,Annual,Natural gas,Total,Million cubic metres,Malta,1995,0.000,,
ESTAT:NRG_TI_GAS(1.0),24/03/26 23:00:00,Annual,Natural gas,Total,Million cubic metres,Malta,1996,0.000,,
ESTAT:NRG_TI_GAS(1.0),24/03/26 23:00:00,Annual,Natural gas,Total,Million cubic metres,Malta,1997,0.000,,
ESTAT:NRG_TI_GAS(1.0),24/03/26 23:00:00,Annual,Natural gas,Total,Million cubic metres,Malta,1998,0.000,,
ESTAT:NRG_TI_GAS(1.0),24/03/26 23:00:00,Annual,Natural gas,Total,Million cubic metres,Malta,1999,0.000,,
ESTAT:NRG_TI_GAS(1.0),24/03/26 23:00:00,Annual,Natural gas,Total,Million cubic metres,Malta,2000,0.000,,
ESTAT:NRG_TI_GAS(1.0),24/03/26 23:00:00,Annual,Natural gas,Total,Million cubic metres,Malta,2001,0.000,,
ESTAT:NRG_TI_GAS(1.0),24/03/26 23:00:00,Annual,Natural gas,Total,Million cubic metres,Malta,2002,0.000,,
ESTAT:NRG_TI_GAS(1.0),24/03/26 23:00:00,Annual,Natural gas,Total,Million cubic metres,Malta,2003,0.000,,
ESTAT:NRG_TI_GAS(1.0),24/03/26 23:00:00,Annual,Natural gas,Total,Million cubic metres,Malta,2004,0.000,,
ESTAT:NRG_TI_GAS(1.0),24/03/26 23:00:00,Annual,Natural gas,Total,Million cubic metres,Malta,2005,0.000,,
ESTAT:NRG_TI_GAS(1.0),24/03/26 23:00:00,Annual,Natural gas,Total,Million cubic metres,Malta,2006,0.000,,
ESTAT:NRG_TI_GAS(1.0),24/03/26 23:00:00,Annual,Natural gas,Total,Million cubic metres,Malta,2007,0.000,,
ESTAT:NRG_TI_GAS(1.0),24/03/26 23:00:00,Annual,Natural gas,Total,Million cubic metres,Malta,2008,0.000,,
ESTAT:NRG_TI_GAS(1.0),24/03/26 23:00:00,Annual,Natural gas,Total,Million cubic metres,Malta,2009,0.000,,
ESTAT:NRG_TI_GAS(1.0),24/03/26 23:00:00,Annual,Natural gas,Total,Million cubic metres,Malta,2010,0.000,,
ESTAT:NRG_TI_GAS(1.0),24/03/26 23:00:00,Annual,Natural gas,Total,Million cubic metres,Malta,2011,0.000,,
ESTAT:NRG_TI_GAS(1.0),24/03/26 23:00:00,Annual,Natural gas,Total,Million cubic metres,Malta,2012,0.000,,
ESTAT:NRG_TI_GAS(1.0),24/03/26 23:00:00,Annual,Natural gas,Total,Million cubic metres,Malta,2013,0.000,,
ESTAT:NRG_TI_GAS(1.0),24/03/26 23:00:00,Annual,Natural gas,Total,Million cubic metres,Malta,2014,0.000,,
ESTAT:NRG_TI_GAS(1.0),24/03/26 23:00:00,Annual,Natural gas,Total,Million cubic metres,Malta,2015,0.000,,
ESTAT:NRG_TI_GAS(1.0),24/03/26 23:00:00,Annual,Natural gas,Total,Million cubic metres,Malta,2016,0.000,,
ESTAT:NRG_TI_GAS(1.0),24/03/26 23:00:00,Annual,Natural gas,Total,Million cubic metres,Malta,2017,301.825,,
ESTAT:NRG_TI_GAS(1.0),24/03/26 23:00:00,Annual,Natural gas,Total,Million cubic metres,Malta,2018,378.707,,
ESTAT:NRG_TI_GAS(1.0),24/03/26 23:00:00,Annual,Natural gas,Total,Million cubic metres,Malta,2019,379.422,,
ESTAT:NRG_TI_GAS(1.0),24/03/26 23:00:00,Annual,Natural gas,Total,Million cubic metres,Malta,2020,364.182,,
ESTAT:NRG_TI_GAS(1.0),24/03/26 23:00:00,Annual,Natural gas,Total,Million cubic metres,Malta,2021,392.272,,
ESTAT:NRG_TI_GAS(1.0),24/03/26 23:00:00,Annual,Natural gas,Total,Million cubic metres,Malta,2022,384.442,,
ESTAT:NRG_TI_GAS(1.0),24/03/26 23:00:00,Annual,Natural gas,Total,Million cubic metres,Malta,2023,376.798,,
ESTAT:NRG_TI_GAS(1.0),24/03/26 23:00:00,Annual,Natural gas,Total,Million cubic metres,Malta,2024,380.590,,
ESTAT:NRG_TI_GAS(1.0),24/03/26 23:00:00,Annual,Natural gas,Total,Million cubic metres,Netherlands,1990,2836.000,,
ESTAT:NRG_TI_GAS(1.0),24/03/26 23:00:00,Annual,Natural gas,Total,Million cubic metres,Netherlands,1991,2443.000,,
ESTAT:NRG_TI_GAS(1.0),24/03/26 23:00:00,Annual,Natural gas,Total,Million cubic metres,Netherlands,1992,2953.000,,
ESTAT:NRG_TI_GAS(1.0),24/03/26 23:00:00,Annual,Natural gas,Total,Million cubic metres,Netherlands,1993,3683.000,,
ESTAT:NRG_TI_GAS(1.0),24/03/26 23:00:00,Annual,Natural gas,Total,Million cubic metres,Netherlands,1994,3673.000,,
ESTAT:NRG_TI_GAS(1.0),24/03/26 23:00:00,Annual,Natural gas,Total,Million cubic metres,Netherlands,1995,3853.000,,
ESTAT:NRG_TI_GAS(1.0),24/03/26 23:00:00,Annual,Natural gas,Total,Million cubic metres,Netherlands,1996,5692.000,,
ESTAT:NRG_TI_GAS(1.0),24/03/26 23:00:00,Annual,Natural gas,Total,Million cubic metres,Netherlands,1997,7219.000,,
ESTAT:NRG_TI_GAS(1.0),24/03/26 23:00:00,Annual,Natural gas,Total,Million cubic metres,Netherlands,1998,7205.000,,
ESTAT:NRG_TI_GAS(1.0),24/03/26 23:00:00,Annual,Natural gas,Total,Million cubic metres,Netherlands,1999,10815.000,,
ESTAT:NRG_TI_GAS(1.0),24/03/26 23:00:00,Annual,Natural gas,Total,Million cubic metres,Netherlands,2000,17407.000,,
ESTAT:NRG_TI_GAS(1.0),24/03/26 23:00:00,Annual,Natural gas,Total,Million cubic metres,Netherlands,2001,21380.000,,
ESTAT:NRG_TI_GAS(1.0),24/03/26 23:00:00,Annual,Natural gas,Total,Million cubic metres,Netherlands,2002,26752.000,,
ESTAT:NRG_TI_GAS(1.0),24/03/26 23:00:00,Annual,Natural gas,Total,Million cubic metres,Netherlands,2003,25472.000,,
ESTAT:NRG_TI_GAS(1.0),24/03/26 23:00:00,Annual,Natural gas,Total,Million cubic metres,Netherlands,2004,18840.000,,
ESTAT:NRG_TI_GAS(1.0),24/03/26 23:00:00,Annual,Natural gas,Total,Million cubic metres,Netherlands,2005,22936.000,,
ESTAT:NRG_TI_GAS(1.0),24/03/26 23:00:00,Annual,Natural gas,Total,Million cubic metres,Netherlands,2006,25172.000,,
ESTAT:NRG_TI_GAS(1.0),24/03/26 23:00:00,Annual,Natural gas,Total,Million cubic metres,Netherlands,2007,26092.000,,
ESTAT:NRG_TI_GAS(1.0),24/03/26 23:00:00,Annual,Natural gas,Total,Million cubic metres,Netherlands,2008,26456.000,,
ESTAT:NRG_TI_GAS(1.0),24/03/26 23:00:00,Annual,Natural gas,Total,Million cubic metres,Netherlands,2009,25666.000,,
ESTAT:NRG_TI_GAS(1.0),24/03/26 23:00:00,Annual,Natural gas,Total,Million cubic metres,Netherlands,2010,25746.000,,
ESTAT:NRG_TI_GAS(1.0),24/03/26 23:00:00,Annual,Natural gas,Total,Million cubic metres,Netherlands,2011,23979.000,,
ESTAT:NRG_TI_GAS(1.0),24/03/26 23:00:00,Annual,Natural gas,Total,Million cubic metres,Netherlands,2012,28042.000,,
ESTAT:NRG_TI_GAS(1.0),24/03/26 23:00:00,Annual,Natural gas,Total,Million cubic metres,Netherlands,2013,30432.000,,
ESTAT:NRG_TI_GAS(1.0),24/03/26 23:00:00,Annual,Natural gas,Total,Million cubic metres,Netherlands,2014,31151.000,,
ESTAT:NRG_TI_GAS(1.0),24/03/26 23:00:00,Annual,Natural gas,Total,Million cubic metres,Netherlands,2015,36392.121,,
ESTAT:NRG_TI_GAS(1.0),24/03/26 23:00:00,Annual,Natural gas,Total,Million cubic metres,Netherlands,2016,41818.478,,
ESTAT:NRG_TI_GAS(1.0),24/03/26 23:00:00,Annual,Natural gas,Total,Million cubic metres,Netherlands,2017,24037.742,,
ESTAT:NRG_TI_GAS(1.0),24/03/26 23:00:00,Annual,Natural gas,Total,Million cubic metres,Netherlands,2018,31095.277,,
ESTAT:NRG_TI_GAS(1.0),24/03/26 23:00:00,Annual,Natural gas,Total,Million cubic metres,Netherlands,2019,35632.951,,
ESTAT:NRG_TI_GAS(1.0),24/03/26 23:00:00,Annual,Natural gas,Total,Million cubic metres,Netherlands,2020,36195.598,,
ESTAT:NRG_TI_GAS(1.0),24/03/26 23:00:00,Annual,Natural gas,Total,Million cubic metres,Netherlands,2021,30902.235,,
ESTAT:NRG_TI_GAS(1.0),24/03/26 23:00:00,Annual,Natural gas,Total,Million cubic metres,Netherlands,2022,38786.376,,
ESTAT:NRG_TI_GAS(1.0),24/03/26 23:00:00,Annual,Natural gas,Total,Million cubic metres,Netherlands,2023,40331.026,,
ESTAT:NRG_TI_GAS(1.0),24/03/26 23:00:00,Annual,Natural gas,Total,Million cubic metres,Netherlands,2024,34501.438,,
ESTAT:NRG_TI_GAS(1.0),24/03/26 23:00:00,Annual,Natural gas,Total,Million cubic metres,Norway,1990,0.000,,
ESTAT:NRG_TI_GAS(1.0),24/03/26 23:00:00,Annual,Natural gas,Total,Million cubic metres,Norway,1991,0.000,,
ESTAT:NRG_TI_GAS(1.0),24/03/26 23:00:00,Annual,Natural gas,Total,Million cubic metres,Norway,1992,0.000,,
ESTAT:NRG_TI_GAS(1.0),24/03/26 23:00:00,Annual,Natural gas,Total,Million cubic metres,Norway,1993,0.000,,
ESTAT:NRG_TI_GAS(1.0),24/03/26 23:00:00,Annual,Natural gas,Total,Million cubic metres,Norway,1994,0.000,,
ESTAT:NRG_TI_GAS(1.0),24/03/26 23:00:00,Annual,Natural gas,Total,Million cubic metres,Norway,1995,0.000,,
ESTAT:NRG_TI_GAS(1.0),24/03/26 23:00:00,Annual,Natural gas,Total,Million cubic metres,Norway,1996,0.000,,
ESTAT:NRG_TI_GAS(1.0),24/03/26 23:00:00,Annual,Natural gas,Total,Million cubic metres,Norway,1997,0.000,,
ESTAT:NRG_TI_GAS(1.0),24/03/26 23:00:00,Annual,Natural gas,Total,Million cubic metres,Norway,1998,0.000,,
ESTAT:NRG_TI_GAS(1.0),24/03/26 23:00:00,Annual,Natural gas,Total,Million cubic metres,Norway,1999,0.000,,
ESTAT:NRG_TI_GAS(1.0),24/03/26 23:00:00,Annual,Natural gas,Total,Million cubic metres,Norway,2000,0.000,,
ESTAT:NRG_TI_GAS(1.0),24/03/26 23:00:00,Annual,Natural gas,Total,Million cubic metres,Norway,2001,0.000,,
ESTAT:NRG_TI_GAS(1.0),24/03/26 23:00:00,Annual,Natural gas,Total,Million cubic metres,Norway,2002,0.000,,
ESTAT:NRG_TI_GAS(1.0),24/03/26 23:00:00,Annual,Natural gas,Total,Million cubic metres,Norway,2003,0.000,,
ESTAT:NRG_TI_GAS(1.0),24/03/26 23:00:00,Annual,Natural gas,Total,Million cubic metres,Norway,2004,0.000,,
ESTAT:NRG_TI_GAS(1.0),24/03/26 23:00:00,Annual,Natural gas,Total,Million cubic metres,Norway,2005,0.000,,
ESTAT:NRG_TI_GAS(1.0),24/03/26 23:00:00,Annual,Natural gas,Total,Million cubic metres,Norway,2006,0.000,,
ESTAT:NRG_TI_GAS(1.0),24/03/26 23:00:00,Annual,Natural gas,Total,Million cubic metres,Norway,2007,0.000,,
ESTAT:NRG_TI_GAS(1.0),24/03/26 23:00:00,Annual,Natural gas,Total,Million cubic metres,Norway,2008,0.000,,
ESTAT:NRG_TI_GAS(1.0),24/03/26 23:00:00,Annual,Natural gas,Total,Million cubic metres,Norway,2009,0.000,,
ESTAT:NRG_TI_GAS(1.0),24/03/26 23:00:00,Annual,Natural gas,Total,Million cubic metres,Norway,2010,6.000,,
ESTAT:NRG_TI_GAS(1.0),24/03/26 23:00:00,Annual,Natural gas,Total,Million cubic metres,Norway,2011,1.400,,
ESTAT:NRG_TI_GAS(1.0),24/03/26 23:00:00,Annual,Natural gas,Total,Million cubic metres,Norway,2012,3.302,,
ESTAT:NRG_TI_GAS(1.0),24/03/26 23:00:00,Annual,Natural gas,Total,Million cubic metres,Norway,2013,0.091,,
ESTAT:NRG_TI_GAS(1.0),24/03/26 23:00:00,Annual,Natural gas,Total,Million cubic metres,Norway,2014,1.148,,
ESTAT:NRG_TI_GAS(1.0),24/03/26 23:00:00,Annual,Natural gas,Total,Million cubic metres,Norway,2015,17.423,,
ESTAT:NRG_TI_GAS(1.0),24/03/26 23:00:00,Annual,Natural gas,Total,Million cubic metres,Norway,2016,45.314,,
ESTAT:NRG_TI_GAS(1.0),24/03/26 23:00:00,Annual,Natural gas,Total,Million cubic metres,Norway,2017,30.602,,
ESTAT:NRG_TI_GAS(1.0),24/03/26 23:00:00,Annual,Natural gas,Total,Million cubic metres,Norway,2018,12.499,,
ESTAT:NRG_TI_GAS(1.0),24/03/26 23:00:00,Annual,Natural gas,Total,Million cubic metres,Norway,2019,26.913,,
ESTAT:NRG_TI_GAS(1.0),24/03/26 23:00:00,Annual,Natural gas,Total,Million cubic metres,Norway,2020,33.822,,
ESTAT:NRG_TI_GAS(1.0),24/03/26 23:00:00,Annual,Natural gas,Total,Million cubic metres,Norway,2021,160.325,,
ESTAT:NRG_TI_GAS(1.0),24/03/26 23:00:00,Annual,Natural gas,Total,Million cubic metres,Norway,2022,67.806,,
ESTAT:NRG_TI_GAS(1.0),24/03/26 23:00:00,Annual,Natural gas,Total,Million cubic metres,Norway,2023,102.588,,
ESTAT:NRG_TI_GAS(1.0),24/03/26 23:00:00,Annual,Natural gas,Total,Million cubic metres,Norway,2024,75.775,,
ESTAT:NRG_TI_GAS(1.0),24/03/26 23:00:00,Annual,Natural gas,Total,Million cubic metres,Poland,1990,8266.000,,
ESTAT:NRG_TI_GAS(1.0),24/03/26 23:00:00,Annual,Natural gas,Total,Million cubic metres,Poland,1991,6978.000,,
ESTAT:NRG_TI_GAS(1.0),24/03/26 23:00:00,Annual,Natural gas,Total,Million cubic metres,Poland,1992,6521.000,,
ESTAT:NRG_TI_GAS(1.0),24/03/26 23:00:00,Annual,Natural gas,Total,Million cubic metres,Poland,1993,5727.000,,
ESTAT:NRG_TI_GAS(1.0),24/03/26 23:00:00,Annual,Natural gas,Total,Million cubic metres,Poland,1994,6134.000,,
ESTAT:NRG_TI_GAS(1.0),24/03/26 23:00:00,Annual,Natural gas,Total,Million cubic metres,Poland,1995,7143.000,,
ESTAT:NRG_TI_GAS(1.0),24/03/26 23:00:00,Annual,Natural gas,Total,Million cubic metres,Poland,1996,7762.000,,
ESTAT:NRG_TI_GAS(1.0),24/03/26 23:00:00,Annual,Natural gas,Total,Million cubic metres,Poland,1997,8104.000,,
ESTAT:NRG_TI_GAS(1.0),24/03/26 23:00:00,Annual,Natural gas,Total,Million cubic metres,Poland,1998,7952.000,,
ESTAT:NRG_TI_GAS(1.0),24/03/26 23:00:00,Annual,Natural gas,Total,Million cubic metres,Poland,1999,7654.000,,
ESTAT:NRG_TI_GAS(1.0),24/03/26 23:00:00,Annual,Natural gas,Total,Million cubic metres,Poland,2000,8097.000,,
ESTAT:NRG_TI_GAS(1.0),24/03/26 23:00:00,Annual,Natural gas,Total,Million cubic metres,Poland,2001,8782.000,,
ESTAT:NRG_TI_GAS(1.0),24/03/26 23:00:00,Annual,Natural gas,Total,Million cubic metres,Poland,2002,8202.000,,
ESTAT:NRG_TI_GAS(1.0),24/03/26 23:00:00,Annual,Natural gas,Total,Million cubic metres,Poland,2003,9200.000,,
ESTAT:NRG_TI_GAS(1.0),24/03/26 23:00:00,Annual,Natural gas,Total,Million cubic metres,Poland,2004,9963.000,,
ESTAT:NRG_TI_GAS(1.0),24/03/26 23:00:00,Annual,Natural gas,Total,Million cubic metres,Poland,2005,10463.000,,
ESTAT:NRG_TI_GAS(1.0),24/03/26 23:00:00,Annual,Natural gas,Total,Million cubic metres,Poland,2006,10922.000,,
ESTAT:NRG_TI_GAS(1.0),24/03/26 23:00:00,Annual,Natural gas,Total,Million cubic metres,Poland,2007,10124.000,,
ESTAT:NRG_TI_GAS(1.0),24/03/26 23:00:00,Annual,Natural gas,Total,Million cubic metres,Poland,2008,11202.000,,
ESTAT:NRG_TI_GAS(1.0),24/03/26 23:00:00,Annual,Natural gas,Total,Million cubic metres,Poland,2009,9954.000,,
ESTAT:NRG_TI_GAS(1.0),24/03/26 23:00:00,Annual,Natural gas,Total,Million cubic metres,Poland,2010,10895.000,,
ESTAT:NRG_TI_GAS(1.0),24/03/26 23:00:00,Annual,Natural gas,Total,Million cubic metres,Poland,2011,11790.000,,
ESTAT:NRG_TI_GAS(1.0),24/03/26 23:00:00,Annual,Natural gas,Total,Million cubic metres,Poland,2012,12248.000,,
ESTAT:NRG_TI_GAS(1.0),24/03/26 23:00:00,Annual,Natural gas,Total,Million cubic metres,Poland,2013,12485.000,,
ESTAT:NRG_TI_GAS(1.0),24/03/26 23:00:00,Annual,Natural gas,Total,Million cubic metres,Poland,2014,11819.000,,
ESTAT:NRG_TI_GAS(1.0),24/03/26 23:00:00,Annual,Natural gas,Total,Million cubic metres,Poland,2015,12121.000,,
ESTAT:NRG_TI_GAS(1.0),24/03/26 23:00:00,Annual,Natural gas,Total,Million cubic metres,Poland,2016,14679.000,,
ESTAT:NRG_TI_GAS(1.0),24/03/26 23:00:00,Annual,Natural gas,Total,Million cubic metres,Poland,2017,15727.284,,
ESTAT:NRG_TI_GAS(1.0),24/03/26 23:00:00,Annual,Natural gas,Total,Million cubic metres,Poland,2018,15766.858,,
ESTAT:NRG_TI_GAS(1.0),24/03/26 23:00:00,Annual,Natural gas,Total,Million cubic metres,Poland,2019,17451.368,,
ESTAT:NRG_TI_GAS(1.0),24/03/26 23:00:00,Annual,Natural gas,Total,Million cubic metres,Poland,2020,17415.952,,
ESTAT:NRG_TI_GAS(1.0),24/03/26 23:00:00,Annual,Natural gas,Total,Million cubic metres,Poland,2021,18502.911,,
ESTAT:NRG_TI_GAS(1.0),24/03/26 23:00:00,Annual,Natural gas,Total,Million cubic metres,Poland,2022,15198.471,,
ESTAT:NRG_TI_GAS(1.0),24/03/26 23:00:00,Annual,Natural gas,Total,Million cubic metres,Poland,2023,15887.219,,
ESTAT:NRG_TI_GAS(1.0),24/03/26 23:00:00,Annual,Natural gas,Total,Million cubic metres,Poland,2024,15933.995,,
ESTAT:NRG_TI_GAS(1.0),24/03/26 23:00:00,Annual,Natural gas,Total,Million cubic metres,Portugal,1990,0.000,,
ESTAT:NRG_TI_GAS(1.0),24/03/26 23:00:00,Annual,Natural gas,Total,Million cubic metres,Portugal,1991,0.000,,
ESTAT:NRG_TI_GAS(1.0),24/03/26 23:00:00,Annual,Natural gas,Total,Million cubic metres,Portugal,1992,0.000,,
ESTAT:NRG_TI_GAS(1.0),24/03/26 23:00:00,Annual,Natural gas,Total,Million cubic metres,Portugal,1993,0.000,,
ESTAT:NRG_TI_GAS(1.0),24/03/26 23:00:00,Annual,Natural gas,Total,Million cubic metres,Portugal,1994,0.000,,
ESTAT:NRG_TI_GAS(1.0),24/03/26 23:00:00,Annual,Natural gas,Total,Million cubic metres,Portugal,1995,0.000,,
ESTAT:NRG_TI_GAS(1.0),24/03/26 23:00:00,Annual,Natural gas,Total,Million cubic metres,Portugal,1996,0.000,,
ESTAT:NRG_TI_GAS(1.0),24/03/26 23:00:00,Annual,Natural gas,Total,Million cubic metres,Portugal,1997,115.000,,
ESTAT:NRG_TI_GAS(1.0),24/03/26 23:00:00,Annual,Natural gas,Total,Million cubic metres,Portugal,1998,813.000,,
ESTAT:NRG_TI_GAS(1.0),24/03/26 23:00:00,Annual,Natural gas,Total,Million cubic metres,Portugal,1999,2272.000,,
ESTAT:NRG_TI_GAS(1.0),24/03/26 23:00:00,Annual,Natural gas,Total,Million cubic metres,Portugal,2000,2300.000,,
ESTAT:NRG_TI_GAS(1.0),24/03/26 23:00:00,Annual,Natural gas,Total,Million cubic metres,Portugal,2001,2553.000,,
ESTAT:NRG_TI_GAS(1.0),24/03/26 23:00:00,Annual,Natural gas,Total,Million cubic metres,Portugal,2002,3110.000,,
ESTAT:NRG_TI_GAS(1.0),24/03/26 23:00:00,Annual,Natural gas,Total,Million cubic metres,Portugal,2003,3026.000,,
ESTAT:NRG_TI_GAS(1.0),24/03/26 23:00:00,Annual,Natural gas,Total,Million cubic metres,Portugal,2004,3760.000,,
ESTAT:NRG_TI_GAS(1.0),24/03/26 23:00:00,Annual,Natural gas,Total,Million cubic metres,Portugal,2005,4464.000,,
ESTAT:NRG_TI_GAS(1.0),24/03/26 23:00:00,Annual,Natural gas,Total,Million cubic metres,Portugal,2006,4200.000,,
ESTAT:NRG_TI_GAS(1.0),24/03/26 23:00:00,Annual,Natural gas,Total,Million cubic metres,Portugal,2007,4319.000,,
ESTAT:NRG_TI_GAS(1.0),24/03/26 23:00:00,Annual,Natural gas,Total,Million cubic metres,Portugal,2008,4763.000,,
ESTAT:NRG_TI_GAS(1.0),24/03/26 23:00:00,Annual,Natural gas,Total,Million cubic metres,Portugal,2009,4896.000,,
ESTAT:NRG_TI_GAS(1.0),24/03/26 23:00:00,Annual,Natural gas,Total,Million cubic metres,Portugal,2010,5160.000,,
ESTAT:NRG_TI_GAS(1.0),24/03/26 23:00:00,Annual,Natural gas,Total,Million cubic metres,Portugal,2011,5184.000,,
ESTAT:NRG_TI_GAS(1.0),24/03/26 23:00:00,Annual,Natural gas,Total,Million cubic metres,Portugal,2012,4508.000,,
ESTAT:NRG_TI_GAS(1.0),24/03/26 23:00:00,Annual,Natural gas,Total,Million cubic metres,Portugal,2013,4401.000,,
ESTAT:NRG_TI_GAS(1.0),24/03/26 23:00:00,Annual,Natural gas,Total,Million cubic metres,Portugal,2014,4070.000,,
ESTAT:NRG_TI_GAS(1.0),24/03/26 23:00:00,Annual,Natural gas,Total,Million cubic metres,Portugal,2015,4713.000,,
ESTAT:NRG_TI_GAS(1.0),24/03/26 23:00:00,Annual,Natural gas,Total,Million cubic metres,Portugal,2016,4945.000,,
ESTAT:NRG_TI_GAS(1.0),24/03/26 23:00:00,Annual,Natural gas,Total,Million cubic metres,Portugal,2017,6274.734,,
ESTAT:NRG_TI_GAS(1.0),24/03/26 23:00:00,Annual,Natural gas,Total,Million cubic metres,Portugal,2018,5817.658,,
ESTAT:NRG_TI_GAS(1.0),24/03/26 23:00:00,Annual,Natural gas,Total,Million cubic metres,Portugal,2019,6069.167,,
ESTAT:NRG_TI_GAS(1.0),24/03/26 23:00:00,Annual,Natural gas,Total,Million cubic metres,Portugal,2020,5920.240,,
ESTAT:NRG_TI_GAS(1.0),24/03/26 23:00:00,Annual,Natural gas,Total,Million cubic metres,Portugal,2021,5727.186,,
ESTAT:NRG_TI_GAS(1.0),24/03/26 23:00:00,Annual,Natural gas,Total,Million cubic metres,Portugal,2022,5802.921,,
ESTAT:NRG_TI_GAS(1.0),24/03/26 23:00:00,Annual,Natural gas,Total,Million cubic metres,Portugal,2023,4332.600,,
ESTAT:NRG_TI_GAS(1.0),24/03/26 23:00:00,Annual,Natural gas,Total,Million cubic metres,Portugal,2024,3606.095,,
ESTAT:NRG_TI_GAS(1.0),24/03/26 23:00:00,Annual,Natural gas,Total,Million cubic metres,Romania,1990,7331.000,,
ESTAT:NRG_TI_GAS(1.0),24/03/26 23:00:00,Annual,Natural gas,Total,Million cubic metres,Romania,1991,4626.000,,
ESTAT:NRG_TI_GAS(1.0),24/03/26 23:00:00,Annual,Natural gas,Total,Million cubic metres,Romania,1992,4452.000,,
ESTAT:NRG_TI_GAS(1.0),24/03/26 23:00:00,Annual,Natural gas,Total,Million cubic metres,Romania,1993,4493.000,,
ESTAT:NRG_TI_GAS(1.0),24/03/26 23:00:00,Annual,Natural gas,Total,Million cubic metres,Romania,1994,4641.000,,
ESTAT:NRG_TI_GAS(1.0),24/03/26 23:00:00,Annual,Natural gas,Total,Million cubic metres,Romania,1995,5958.000,,
ESTAT:NRG_TI_GAS(1.0),24/03/26 23:00:00,Annual,Natural gas,Total,Million cubic metres,Romania,1996,7026.000,,
ESTAT:NRG_TI_GAS(1.0),24/03/26 23:00:00,Annual,Natural gas,Total,Million cubic metres,Romania,1997,5007.000,,
ESTAT:NRG_TI_GAS(1.0),24/03/26 23:00:00,Annual,Natural gas,Total,Million cubic metres,Romania,1998,4736.000,,
ESTAT:NRG_TI_GAS(1.0),24/03/26 23:00:00,Annual,Natural gas,Total,Million cubic metres,Romania,1999,3153.000,,
ESTAT:NRG_TI_GAS(1.0),24/03/26 23:00:00,Annual,Natural gas,Total,Million cubic metres,Romania,2000,3370.000,,
ESTAT:NRG_TI_GAS(1.0),24/03/26 23:00:00,Annual,Natural gas,Total,Million cubic metres,Romania,2001,2879.000,,
ESTAT:NRG_TI_GAS(1.0),24/03/26 23:00:00,Annual,Natural gas,Total,Million cubic metres,Romania,2002,3772.000,,
ESTAT:NRG_TI_GAS(1.0),24/03/26 23:00:00,Annual,Natural gas,Total,Million cubic metres,Romania,2003,5321.000,,
ESTAT:NRG_TI_GAS(1.0),24/03/26 23:00:00,Annual,Natural gas,Total,Million cubic metres,Romania,2004,5129.000,,
ESTAT:NRG_TI_GAS(1.0),24/03/26 23:00:00,Annual,Natural gas,Total,Million cubic metres,Romania,2005,5259.000,,
ESTAT:NRG_TI_GAS(1.0),24/03/26 23:00:00,Annual,Natural gas,Total,Million cubic metres,Romania,2006,6013.000,,
ESTAT:NRG_TI_GAS(1.0),24/03/26 23:00:00,Annual,Natural gas,Total,Million cubic metres,Romania,2007,4851.000,,
ESTAT:NRG_TI_GAS(1.0),24/03/26 23:00:00,Annual,Natural gas,Total,Million cubic metres,Romania,2008,4432.000,,
ESTAT:NRG_TI_GAS(1.0),24/03/26 23:00:00,Annual,Natural gas,Total,Million cubic metres,Romania,2009,2006.000,,
ESTAT:NRG_TI_GAS(1.0),24/03/26 23:00:00,Annual,Natural gas,Total,Million cubic metres,Romania,2010,2279.000,,
ESTAT:NRG_TI_GAS(1.0),24/03/26 23:00:00,Annual,Natural gas,Total,Million cubic metres,Romania,2011,3092.000,,
ESTAT:NRG_TI_GAS(1.0),24/03/26 23:00:00,Annual,Natural gas,Total,Million cubic metres,Romania,2012,2884.000,,
ESTAT:NRG_TI_GAS(1.0),24/03/26 23:00:00,Annual,Natural gas,Total,Million cubic metres,Romania,2013,1463.000,,
ESTAT:NRG_TI_GAS(1.0),24/03/26 23:00:00,Annual,Natural gas,Total,Million cubic metres,Romania,2014,584.000,,
ESTAT:NRG_TI_GAS(1.0),24/03/26 23:00:00,Annual,Natural gas,Total,Million cubic metres,Romania,2015,203.000,,
ESTAT:NRG_TI_GAS(1.0),24/03/26 23:00:00,Annual,Natural gas,Total,Million cubic metres,Romania,2016,1476.000,,
ESTAT:NRG_TI_GAS(1.0),24/03/26 23:00:00,Annual,Natural gas,Total,Million cubic metres,Romania,2017,1195.694,,
ESTAT:NRG_TI_GAS(1.0),24/03/26 23:00:00,Annual,Natural gas,Total,Million cubic metres,Romania,2018,1516.552,,
ESTAT:NRG_TI_GAS(1.0),24/03/26 23:00:00,Annual,Natural gas,Total,Million cubic metres,Romania,2019,2681.072,,
ESTAT:NRG_TI_GAS(1.0),24/03/26 23:00:00,Annual,Natural gas,Total,Million cubic metres,Romania,2020,2144.357,,
ESTAT:NRG_TI_GAS(1.0),24/03/26 23:00:00,Annual,Natural gas,Total,Million cubic metres,Romania,2021,3564.649,,
ESTAT:NRG_TI_GAS(1.0),24/03/26 23:00:00,Annual,Natural gas,Total,Million cubic metres,Romania,2022,2851.023,,
ESTAT:NRG_TI_GAS(1.0),24/03/26 23:00:00,Annual,Natural gas,Total,Million cubic metres,Romania,2023,2673.156,,
ESTAT:NRG_TI_GAS(1.0),24/03/26 23:00:00,Annual,Natural gas,Total,Million cubic metres,Romania,2024,2301.139,,
ESTAT:NRG_TI_GAS(1.0),24/03/26 23:00:00,Annual,Natural gas,Total,Million cubic metres,Serbia,1990,2542.000,,
ESTAT:NRG_TI_GAS(1.0),24/03/26 23:00:00,Annual,Natural gas,Total,Million cubic metres,Serbia,1991,2339.000,,
ESTAT:NRG_TI_GAS(1.0),24/03/26 23:00:00,Annual,Natural gas,Total,Million cubic metres,Serbia,1992,1941.000,,
ESTAT:NRG_TI_GAS(1.0),24/03/26 23:00:00,Annual,Natural gas,Total,Million cubic metres,Serbia,1993,892.000,,
ESTAT:NRG_TI_GAS(1.0),24/03/26 23:00:00,Annual,Natural gas,Total,Million cubic metres,Serbia,1994,650.000,,
ESTAT:NRG_TI_GAS(1.0),24/03/26 23:00:00,Annual,Natural gas,Total,Million cubic metres,Serbia,1995,828.000,,
ESTAT:NRG_TI_GAS(1.0),24/03/26 23:00:00,Annual,Natural gas,Total,Million cubic metres,Serbia,1996,1852.000,,
ESTAT:NRG_TI_GAS(1.0),24/03/26 23:00:00,Annual,Natural gas,Total,Million cubic metres,Serbia,1997,2065.000,,
ESTAT:NRG_TI_GAS(1.0),24/03/26 23:00:00,Annual,Natural gas,Total,Million cubic metres,Serbia,1998,1794.000,,
ESTAT:NRG_TI_GAS(1.0),24/03/26 23:00:00,Annual,Natural gas,Total,Million cubic metres,Serbia,1999,1072.000,,
ESTAT:NRG_TI_GAS(1.0),24/03/26 23:00:00,Annual,Natural gas,Total,Million cubic metres,Serbia,2000,1122.000,,
ESTAT:NRG_TI_GAS(1.0),24/03/26 23:00:00,Annual,Natural gas,Total,Million cubic metres,Serbia,2001,1575.000,,
ESTAT:NRG_TI_GAS(1.0),24/03/26 23:00:00,Annual,Natural gas,Total,Million cubic metres,Serbia,2002,1698.000,,
ESTAT:NRG_TI_GAS(1.0),24/03/26 23:00:00,Annual,Natural gas,Total,Million cubic metres,Serbia,2003,1882.000,,
ESTAT:NRG_TI_GAS(1.0),24/03/26 23:00:00,Annual,Natural gas,Total,Million cubic metres,Serbia,2004,2536.000,,
ESTAT:NRG_TI_GAS(1.0),24/03/26 23:00:00,Annual,Natural gas,Total,Million cubic metres,Serbia,2005,2120.000,,
ESTAT:NRG_TI_GAS(1.0),24/03/26 23:00:00,Annual,Natural gas,Total,Million cubic metres,Serbia,2006,2167.000,,
ESTAT:NRG_TI_GAS(1.0),24/03/26 23:00:00,Annual,Natural gas,Total,Million cubic metres,Serbia,2007,2232.000,,
ESTAT:NRG_TI_GAS(1.0),24/03/26 23:00:00,Annual,Natural gas,Total,Million cubic metres,Serbia,2008,2201.000,,
ESTAT:NRG_TI_GAS(1.0),24/03/26 23:00:00,Annual,Natural gas,Total,Million cubic metres,Serbia,2009,1584.000,,
ESTAT:NRG_TI_GAS(1.0),24/03/26 23:00:00,Annual,Natural gas,Total,Million cubic metres,Serbia,2010,1968.000,,
ESTAT:NRG_TI_GAS(1.0),24/03/26 23:00:00,Annual,Natural gas,Total,Million cubic metres,Serbia,2011,1747.000,,
ESTAT:NRG_TI_GAS(1.0),24/03/26 23:00:00,Annual,Natural gas,Total,Million cubic metres,Serbia,2012,1790.000,,
ESTAT:NRG_TI_GAS(1.0),24/03/26 23:00:00,Annual,Natural gas,Total,Million cubic metres,Serbia,2013,1887.000,,
ESTAT:NRG_TI_GAS(1.0),24/03/26 23:00:00,Annual,Natural gas,Total,Million cubic metres,Serbia,2014,1395.000,,
ESTAT:NRG_TI_GAS(1.0),24/03/26 23:00:00,Annual,Natural gas,Total,Million cubic metres,Serbia,2015,1740.000,,
ESTAT:NRG_TI_GAS(1.0),24/03/26 23:00:00,Annual,Natural gas,Total,Million cubic metres,Serbia,2016,1795.000,,
ESTAT:NRG_TI_GAS(1.0),24/03/26 23:00:00,Annual,Natural gas,Total,Million cubic metres,Serbia,2017,2182.632,,
ESTAT:NRG_TI_GAS(1.0),24/03/26 23:00:00,Annual,Natural gas,Total,Million cubic metres,Serbia,2018,2198.330,,
ESTAT:NRG_TI_GAS(1.0),24/03/26 23:00:00,Annual,Natural gas,Total,Million cubic metres,Serbia,2019,2262.610,,
ESTAT:NRG_TI_GAS(1.0),24/03/26 23:00:00,Annual,Natural gas,Total,Million cubic metres,Serbia,2020,1989.886,,
ESTAT:NRG_TI_GAS(1.0),24/03/26 23:00:00,Annual,Natural gas,Total,Million cubic metres,Serbia,2021,2365.051,,
ESTAT:NRG_TI_GAS(1.0),24/03/26 23:00:00,Annual,Natural gas,Total,Million cubic metres,Serbia,2022,2969.595,,
ESTAT:NRG_TI_GAS(1.0),24/03/26 23:00:00,Annual,Natural gas,Total,Million cubic metres,Serbia,2023,2657.624,,
ESTAT:NRG_TI_GAS(1.0),24/03/26 23:00:00,Annual,Natural gas,Total,Million cubic metres,Serbia,2024,2525.934,,
ESTAT:NRG_TI_GAS(1.0),24/03/26 23:00:00,Annual,Natural gas,Total,Million cubic metres,Sweden,1990,656.000,,
ESTAT:NRG_TI_GAS(1.0),24/03/26 23:00:00,Annual,Natural gas,Total,Million cubic metres,Sweden,1991,701.000,,
ESTAT:NRG_TI_GAS(1.0),24/03/26 23:00:00,Annual,Natural gas,Total,Million cubic metres,Sweden,1992,791.000,,
ESTAT:NRG_TI_GAS(1.0),24/03/26 23:00:00,Annual,Natural gas,Total,Million cubic metres,Sweden,1993,863.000,,
ESTAT:NRG_TI_GAS(1.0),24/03/26 23:00:00,Annual,Natural gas,Total,Million cubic metres,Sweden,1994,857.000,,
ESTAT:NRG_TI_GAS(1.0),24/03/26 23:00:00,Annual,Natural gas,Total,Million cubic metres,Sweden,1995,858.000,,
ESTAT:NRG_TI_GAS(1.0),24/03/26 23:00:00,Annual,Natural gas,Total,Million cubic metres,Sweden,1996,919.000,,
ESTAT:NRG_TI_GAS(1.0),24/03/26 23:00:00,Annual,Natural gas,Total,Million cubic metres,Sweden,1997,908.000,,
ESTAT:NRG_TI_GAS(1.0),24/03/26 23:00:00,Annual,Natural gas,Total,Million cubic metres,Sweden,1998,900.000,,
ESTAT:NRG_TI_GAS(1.0),24/03/26 23:00:00,Annual,Natural gas,Total,Million cubic metres,Sweden,1999,902.000,,
ESTAT:NRG_TI_GAS(1.0),24/03/26 23:00:00,Annual,Natural gas,Total,Million cubic metres,Sweden,2000,882.000,,
ESTAT:NRG_TI_GAS(1.0),24/03/26 23:00:00,Annual,Natural gas,Total,Million cubic metres,Sweden,2001,968.000,,
ESTAT:NRG_TI_GAS(1.0),24/03/26 23:00:00,Annual,Natural gas,Total,Million cubic metres,Sweden,2002,986.000,,
ESTAT:NRG_TI_GAS(1.0),24/03/26 23:00:00,Annual,Natural gas,Total,Million cubic metres,Sweden,2003,983.000,,
ESTAT:NRG_TI_GAS(1.0),24/03/26 23:00:00,Annual,Natural gas,Total,Million cubic metres,Sweden,2004,979.000,,
ESTAT:NRG_TI_GAS(1.0),24/03/26 23:00:00,Annual,Natural gas,Total,Million cubic metres,Sweden,2005,932.000,,
ESTAT:NRG_TI_GAS(1.0),24/03/26 23:00:00,Annual,Natural gas,Total,Million cubic metres,Sweden,2006,976.000,,
ESTAT:NRG_TI_GAS(1.0),24/03/26 23:00:00,Annual,Natural gas,Total,Million cubic metres,Sweden,2007,1007.000,,
ESTAT:NRG_TI_GAS(1.0),24/03/26 23:00:00,Annual,Natural gas,Total,Million cubic metres,Sweden,2008,914.000,,
ESTAT:NRG_TI_GAS(1.0),24/03/26 23:00:00,Annual,Natural gas,Total,Million cubic metres,Sweden,2009,1205.000,,
ESTAT:NRG_TI_GAS(1.0),24/03/26 23:00:00,Annual,Natural gas,Total,Million cubic metres,Sweden,2010,1631.000,,
ESTAT:NRG_TI_GAS(1.0),24/03/26 23:00:00,Annual,Natural gas,Total,Million cubic metres,Sweden,2011,1302.000,,
ESTAT:NRG_TI_GAS(1.0),24/03/26 23:00:00,Annual,Natural gas,Total,Million cubic metres,Sweden,2012,1130.000,,
ESTAT:NRG_TI_GAS(1.0),24/03/26 23:00:00,Annual,Natural gas,Total,Million cubic metres,Sweden,2013,1085.000,,
ESTAT:NRG_TI_GAS(1.0),24/03/26 23:00:00,Annual,Natural gas,Total,Million cubic metres,Sweden,2014,891.000,,
ESTAT:NRG_TI_GAS(1.0),24/03/26 23:00:00,Annual,Natural gas,Total,Million cubic metres,Sweden,2015,812.000,,
ESTAT:NRG_TI_GAS(1.0),24/03/26 23:00:00,Annual,Natural gas,Total,Million cubic metres,Sweden,2016,917.000,,
ESTAT:NRG_TI_GAS(1.0),24/03/26 23:00:00,Annual,Natural gas,Total,Million cubic metres,Sweden,2017,1067.000,,
ESTAT:NRG_TI_GAS(1.0),24/03/26 23:00:00,Annual,Natural gas,Total,Million cubic metres,Sweden,2018,1139.000,,
ESTAT:NRG_TI_GAS(1.0),24/03/26 23:00:00,Annual,Natural gas,Total,Million cubic metres,Sweden,2019,1088.537,,
ESTAT:NRG_TI_GAS(1.0),24/03/26 23:00:00,Annual,Natural gas,Total,Million cubic metres,Sweden,2020,1446.880,,
ESTAT:NRG_TI_GAS(1.0),24/03/26 23:00:00,Annual,Natural gas,Total,Million cubic metres,Sweden,2021,1224.171,,
ESTAT:NRG_TI_GAS(1.0),24/03/26 23:00:00,Annual,Natural gas,Total,Million cubic metres,Sweden,2022,774.006,,
ESTAT:NRG_TI_GAS(1.0),24/03/26 23:00:00,Annual,Natural gas,Total,Million cubic metres,Sweden,2023,910.014,,
ESTAT:NRG_TI_GAS(1.0),24/03/26 23:00:00,Annual,Natural gas,Total,Million cubic metres,Sweden,2024,924.454,,
ESTAT:NRG_TI_GAS(1.0),24/03/26 23:00:00,Annual,Natural gas,Total,Million cubic metres,Slovenia,1990,846.000,,
ESTAT:NRG_TI_GAS(1.0),24/03/26 23:00:00,Annual,Natural gas,Total,Million cubic metres,Slovenia,1991,819.000,,
ESTAT:NRG_TI_GAS(1.0),24/03/26 23:00:00,Annual,Natural gas,Total,Million cubic metres,Slovenia,1992,703.000,,
ESTAT:NRG_TI_GAS(1.0),24/03/26 23:00:00,Annual,Natural gas,Total,Million cubic metres,Slovenia,1993,697.000,,
ESTAT:NRG_TI_GAS(1.0),24/03/26 23:00:00,Annual,Natural gas,Total,Million cubic metres,Slovenia,1994,740.000,,
ESTAT:NRG_TI_GAS(1.0),24/03/26 23:00:00,Annual,Natural gas,Total,Million cubic metres,Slovenia,1995,878.000,,
ESTAT:NRG_TI_GAS(1.0),24/03/26 23:00:00,Annual,Natural gas,Total,Million cubic metres,Slovenia,1996,840.000,,
ESTAT:NRG_TI_GAS(1.0),24/03/26 23:00:00,Annual,Natural gas,Total,Million cubic metres,Slovenia,1997,918.000,,
ESTAT:NRG_TI_GAS(1.0),24/03/26 23:00:00,Annual,Natural gas,Total,Million cubic metres,Slovenia,1998,948.000,,
ESTAT:NRG_TI_GAS(1.0),24/03/26 23:00:00,Annual,Natural gas,Total,Million cubic metres,Slovenia,1999,991.000,,
ESTAT:NRG_TI_GAS(1.0),24/03/26 23:00:00,Annual,Natural gas,Total,Million cubic metres,Slovenia,2000,1007.000,,
ESTAT:NRG_TI_GAS(1.0),24/03/26 23:00:00,Annual,Natural gas,Total,Million cubic metres,Slovenia,2001,1038.000,,
ESTAT:NRG_TI_GAS(1.0),24/03/26 23:00:00,Annual,Natural gas,Total,Million cubic metres,Slovenia,2002,1001.000,,
ESTAT:NRG_TI_GAS(1.0),24/03/26 23:00:00,Annual,Natural gas,Total,Million cubic metres,Slovenia,2003,1109.000,,
ESTAT:NRG_TI_GAS(1.0),24/03/26 23:00:00,Annual,Natural gas,Total,Million cubic metres,Slovenia,2004,1099.000,,
ESTAT:NRG_TI_GAS(1.0),24/03/26 23:00:00,Annual,Natural gas,Total,Million cubic metres,Slovenia,2005,1137.000,,
ESTAT:NRG_TI_GAS(1.0),24/03/26 23:00:00,Annual,Natural gas,Total,Million cubic metres,Slovenia,2006,1101.000,,
ESTAT:NRG_TI_GAS(1.0),24/03/26 23:00:00,Annual,Natural gas,Total,Million cubic metres,Slovenia,2007,1120.000,,
ESTAT:NRG_TI_GAS(1.0),24/03/26 23:00:00,Annual,Natural gas,Total,Million cubic metres,Slovenia,2008,1076.000,,
ESTAT:NRG_TI_GAS(1.0),24/03/26 23:00:00,Annual,Natural gas,Total,Million cubic metres,Slovenia,2009,1019.000,,
ESTAT:NRG_TI_GAS(1.0),24/03/26 23:00:00,Annual,Natural gas,Total,Million cubic metres,Slovenia,2010,1053.000,,
ESTAT:NRG_TI_GAS(1.0),24/03/26 23:00:00,Annual,Natural gas,Total,Million cubic metres,Slovenia,2011,904.000,,
ESTAT:NRG_TI_GAS(1.0),24/03/26 23:00:00,Annual,Natural gas,Total,Million cubic metres,Slovenia,2012,870.000,,
ESTAT:NRG_TI_GAS(1.0),24/03/26 23:00:00,Annual,Natural gas,Total,Million cubic metres,Slovenia,2013,847.000,,
ESTAT:NRG_TI_GAS(1.0),24/03/26 23:00:00,Annual,Natural gas,Total,Million cubic metres,Slovenia,2014,766.000,,
ESTAT:NRG_TI_GAS(1.0),24/03/26 23:00:00,Annual,Natural gas,Total,Million cubic metres,Slovenia,2015,813.000,,
ESTAT:NRG_TI_GAS(1.0),24/03/26 23:00:00,Annual,Natural gas,Total,Million cubic metres,Slovenia,2016,861.000,,
ESTAT:NRG_TI_GAS(1.0),24/03/26 23:00:00,Annual,Natural gas,Total,Million cubic metres,Slovenia,2017,902.500,,
ESTAT:NRG_TI_GAS(1.0),24/03/26 23:00:00,Annual,Natural gas,Total,Million cubic metres,Slovenia,2018,885.200,,
ESTAT:NRG_TI_GAS(1.0),24/03/26 23:00:00,Annual,Natural gas,Total,Million cubic metres,Slovenia,2019,898.700,,
ESTAT:NRG_TI_GAS(1.0),24/03/26 23:00:00,Annual,Natural gas,Total,Million cubic metres,Slovenia,2020,898.100,,
ESTAT:NRG_TI_GAS(1.0),24/03/26 23:00:00,Annual,Natural gas,Total,Million cubic metres,Slovenia,2021,947.100,,
ESTAT:NRG_TI_GAS(1.0),24/03/26 23:00:00,Annual,Natural gas,Total,Million cubic metres,Slovenia,2022,835.300,,
ESTAT:NRG_TI_GAS(1.0),24/03/26 23:00:00,Annual,Natural gas,Total,Million cubic metres,Slovenia,2023,805.500,,
ESTAT:NRG_TI_GAS(1.0),24/03/26 23:00:00,Annual,Natural gas,Total,Million cubic metres,Slovenia,2024,873.447,,
ESTAT:NRG_TI_GAS(1.0),24/03/26 23:00:00,Annual,Natural gas,Total,Million cubic metres,Slovakia,1990,6698.000,,
ESTAT:NRG_TI_GAS(1.0),24/03/26 23:00:00,Annual,Natural gas,Total,Million cubic metres,Slovakia,1991,5349.000,,
ESTAT:NRG_TI_GAS(1.0),24/03/26 23:00:00,Annual,Natural gas,Total,Million cubic metres,Slovakia,1992,5995.000,,
ESTAT:NRG_TI_GAS(1.0),24/03/26 23:00:00,Annual,Natural gas,Total,Million cubic metres,Slovakia,1993,5308.000,,
ESTAT:NRG_TI_GAS(1.0),24/03/26 23:00:00,Annual,Natural gas,Total,Million cubic metres,Slovakia,1994,5523.000,,
ESTAT:NRG_TI_GAS(1.0),24/03/26 23:00:00,Annual,Natural gas,Total,Million cubic metres,Slovakia,1995,5604.000,,
ESTAT:NRG_TI_GAS(1.0),24/03/26 23:00:00,Annual,Natural gas,Total,Million cubic metres,Slovakia,1996,6269.000,,
ESTAT:NRG_TI_GAS(1.0),24/03/26 23:00:00,Annual,Natural gas,Total,Million cubic metres,Slovakia,1997,6403.000,,
ESTAT:NRG_TI_GAS(1.0),24/03/26 23:00:00,Annual,Natural gas,Total,Million cubic metres,Slovakia,1998,6642.000,,
ESTAT:NRG_TI_GAS(1.0),24/03/26 23:00:00,Annual,Natural gas,Total,Million cubic metres,Slovakia,1999,6484.000,,
ESTAT:NRG_TI_GAS(1.0),24/03/26 23:00:00,Annual,Natural gas,Total,Million cubic metres,Slovakia,2000,7036.000,,
ESTAT:NRG_TI_GAS(1.0),24/03/26 23:00:00,Annual,Natural gas,Total,Million cubic metres,Slovakia,2001,7002.000,,
ESTAT:NRG_TI_GAS(1.0),24/03/26 23:00:00,Annual,Natural gas,Total,Million cubic metres,Slovakia,2002,7255.000,,
ESTAT:NRG_TI_GAS(1.0),24/03/26 23:00:00,Annual,Natural gas,Total,Million cubic metres,Slovakia,2003,6795.000,,
ESTAT:NRG_TI_GAS(1.0),24/03/26 23:00:00,Annual,Natural gas,Total,Million cubic metres,Slovakia,2004,6949.000,,
ESTAT:NRG_TI_GAS(1.0),24/03/26 23:00:00,Annual,Natural gas,Total,Million cubic metres,Slovakia,2005,7399.000,,
ESTAT:NRG_TI_GAS(1.0),24/03/26 23:00:00,Annual,Natural gas,Total,Million cubic metres,Slovakia,2006,6940.000,,
ESTAT:NRG_TI_GAS(1.0),24/03/26 23:00:00,Annual,Natural gas,Total,Million cubic metres,Slovakia,2007,6268.000,,
ESTAT:NRG_TI_GAS(1.0),24/03/26 23:00:00,Annual,Natural gas,Total,Million cubic metres,Slovakia,2008,6266.000,,
ESTAT:NRG_TI_GAS(1.0),24/03/26 23:00:00,Annual,Natural gas,Total,Million cubic metres,Slovakia,2009,5878.000,,
ESTAT:NRG_TI_GAS(1.0),24/03/26 23:00:00,Annual,Natural gas,Total,Million cubic metres,Slovakia,2010,6098.000,,
ESTAT:NRG_TI_GAS(1.0),24/03/26 23:00:00,Annual,Natural gas,Total,Million cubic metres,Slovakia,2011,5907.000,,
ESTAT:NRG_TI_GAS(1.0),24/03/26 23:00:00,Annual,Natural gas,Total,Million cubic metres,Slovakia,2012,4801.000,,
ESTAT:NRG_TI_GAS(1.0),24/03/26 23:00:00,Annual,Natural gas,Total,Million cubic metres,Slovakia,2013,5269.000,,
ESTAT:NRG_TI_GAS(1.0),24/03/26 23:00:00,Annual,Natural gas,Total,Million cubic metres,Slovakia,2014,4757.000,,
ESTAT:NRG_TI_GAS(1.0),24/03/26 23:00:00,Annual,Natural gas,Total,Million cubic metres,Slovakia,2015,4407.000,,
ESTAT:NRG_TI_GAS(1.0),24/03/26 23:00:00,Annual,Natural gas,Total,Million cubic metres,Slovakia,2016,4378.000,,
ESTAT:NRG_TI_GAS(1.0),24/03/26 23:00:00,Annual,Natural gas,Total,Million cubic metres,Slovakia,2017,5248.000,,
ESTAT:NRG_TI_GAS(1.0),24/03/26 23:00:00,Annual,Natural gas,Total,Million cubic metres,Slovakia,2018,4396.000,,
ESTAT:NRG_TI_GAS(1.0),24/03/26 23:00:00,Annual,Natural gas,Total,Million cubic metres,Slovakia,2019,6707.000,,
ESTAT:NRG_TI_GAS(1.0),24/03/26 23:00:00,Annual,Natural gas,Total,Million cubic metres,Slovakia,2020,4301.000,,
ESTAT:NRG_TI_GAS(1.0),24/03/26 23:00:00,Annual,Natural gas,Total,Million cubic metres,Slovakia,2021,5131.000,,
ESTAT:NRG_TI_GAS(1.0),24/03/26 23:00:00,Annual,Natural gas,Total,Million cubic metres,Slovakia,2022,6191.000,,
ESTAT:NRG_TI_GAS(1.0),24/03/26 23:00:00,Annual,Natural gas,Total,Million cubic metres,Slovakia,2023,4501.000,,
ESTAT:NRG_TI_GAS(1.0),24/03/26 23:00:00,Annual,Natural gas,Total,Million cubic metres,Slovakia,2024,4055.000,,
ESTAT:NRG_TI_GAS(1.0),24/03/26 23:00:00,Annual,Natural gas,Total,Million cubic metres,Türkiye,1990,3257.000,,
ESTAT:NRG_TI_GAS(1.0),24/03/26 23:00:00,Annual,Natural gas,Total,Million cubic metres,Türkiye,1991,4035.000,,
ESTAT:NRG_TI_GAS(1.0),24/03/26 23:00:00,Annual,Natural gas,Total,Million cubic metres,Türkiye,1992,4437.000,,
ESTAT:NRG_TI_GAS(1.0),24/03/26 23:00:00,Annual,Natural gas,Total,Million cubic metres,Türkiye,1993,4954.000,,
ESTAT:NRG_TI_GAS(1.0),24/03/26 23:00:00,Annual,Natural gas,Total,Million cubic metres,Türkiye,1994,5313.000,,
ESTAT:NRG_TI_GAS(1.0),24/03/26 23:00:00,Annual,Natural gas,Total,Million cubic metres,Türkiye,1995,6881.000,,
ESTAT:NRG_TI_GAS(1.0),24/03/26 23:00:00,Annual,Natural gas,Total,Million cubic metres,Türkiye,1996,8039.000,,
ESTAT:NRG_TI_GAS(1.0),24/03/26 23:00:00,Annual,Natural gas,Total,Million cubic metres,Türkiye,1997,9584.000,,
ESTAT:NRG_TI_GAS(1.0),24/03/26 23:00:00,Annual,Natural gas,Total,Million cubic metres,Türkiye,1998,9894.000,,
ESTAT:NRG_TI_GAS(1.0),24/03/26 23:00:00,Annual,Natural gas,Total,Million cubic metres,Türkiye,1999,12036.000,,
ESTAT:NRG_TI_GAS(1.0),24/03/26 23:00:00,Annual,Natural gas,Total,Million cubic metres,Türkiye,2000,14380.000,,
ESTAT:NRG_TI_GAS(1.0),24/03/26 23:00:00,Annual,Natural gas,Total,Million cubic metres,Türkiye,2001,15754.000,,
ESTAT:NRG_TI_GAS(1.0),24/03/26 23:00:00,Annual,Natural gas,Total,Million cubic metres,Türkiye,2002,17110.000,,
ESTAT:NRG_TI_GAS(1.0),24/03/26 23:00:00,Annual,Natural gas,Total,Million cubic metres,Türkiye,2003,20650.000,,
ESTAT:NRG_TI_GAS(1.0),24/03/26 23:00:00,Annual,Natural gas,Total,Million cubic metres,Türkiye,2004,21732.000,,
ESTAT:NRG_TI_GAS(1.0),24/03/26 23:00:00,Annual,Natural gas,Total,Million cubic metres,Türkiye,2005,26573.000,,
ESTAT:NRG_TI_GAS(1.0),24/03/26 23:00:00,Annual,Natural gas,Total,Million cubic metres,Türkiye,2006,30219.000,,
ESTAT:NRG_TI_GAS(1.0),24/03/26 23:00:00,Annual,Natural gas,Total,Million cubic metres,Türkiye,2007,35832.000,,
ESTAT:NRG_TI_GAS(1.0),24/03/26 23:00:00,Annual,Natural gas,Total,Million cubic metres,Türkiye,2008,37153.000,,
ESTAT:NRG_TI_GAS(1.0),24/03/26 23:00:00,Annual,Natural gas,Total,Million cubic metres,Türkiye,2009,35856.000,,
ESTAT:NRG_TI_GAS(1.0),24/03/26 23:00:00,Annual,Natural gas,Total,Million cubic metres,Türkiye,2010,38037.000,,
ESTAT:NRG_TI_GAS(1.0),24/03/26 23:00:00,Annual,Natural gas,Total,Million cubic metres,Türkiye,2011,43878.000,,
ESTAT:NRG_TI_GAS(1.0),24/03/26 23:00:00,Annual,Natural gas,Total,Million cubic metres,Türkiye,2012,45922.000,,
ESTAT:NRG_TI_GAS(1.0),24/03/26 23:00:00,Annual,Natural gas,Total,Million cubic metres,Türkiye,2013,45270.000,,
ESTAT:NRG_TI_GAS(1.0),24/03/26 23:00:00,Annual,Natural gas,Total,Million cubic metres,Türkiye,2014,49262.000,,
ESTAT:NRG_TI_GAS(1.0),24/03/26 23:00:00,Annual,Natural gas,Total,Million cubic metres,Türkiye,2015,48427.000,,
ESTAT:NRG_TI_GAS(1.0),24/03/26 23:00:00,Annual,Natural gas,Total,Million cubic metres,Türkiye,2016,46352.000,,
ESTAT:NRG_TI_GAS(1.0),24/03/26 23:00:00,Annual,Natural gas,Total,Million cubic metres,Türkiye,2017,55250.000,,
ESTAT:NRG_TI_GAS(1.0),24/03/26 23:00:00,Annual,Natural gas,Total,Million cubic metres,Türkiye,2018,50282.000,,
ESTAT:NRG_TI_GAS(1.0),24/03/26 23:00:00,Annual,Natural gas,Total,Million cubic metres,Türkiye,2019,45212.000,,
ESTAT:NRG_TI_GAS(1.0),24/03/26 23:00:00,Annual,Natural gas,Total,Million cubic metres,Türkiye,2020,48125.771,,
ESTAT:NRG_TI_GAS(1.0),24/03/26 23:00:00,Annual,Natural gas,Total,Million cubic metres,Türkiye,2021,58703.930,,
ESTAT:NRG_TI_GAS(1.0),24/03/26 23:00:00,Annual,Natural gas,Total,Million cubic metres,Türkiye,2022,54661.680,,
ESTAT:NRG_TI_GAS(1.0),24/03/26 23:00:00,Annual,Natural gas,Total,Million cubic metres,Türkiye,2023,50483.764,,
ESTAT:NRG_TI_GAS(1.0),24/03/26 23:00:00,Annual,Natural gas,Total,Million cubic metres,Türkiye,2024,52213.130,,
ESTAT:NRG_TI_GAS(1.0),24/03/26 23:00:00,Annual,Natural gas,Total,Million cubic metres,Ukraine,1990,90675.000,,
ESTAT:NRG_TI_GAS(1.0),24/03/26 23:00:00,Annual,Natural gas,Total,Million cubic metres,Ukraine,1991,91700.000,,
ESTAT:NRG_TI_GAS(1.0),24/03/26 23:00:00,Annual,Natural gas,Total,Million cubic metres,Ukraine,1992,89579.000,,
ESTAT:NRG_TI_GAS(1.0),24/03/26 23:00:00,Annual,Natural gas,Total,Million cubic metres,Ukraine,1993,76600.000,,
ESTAT:NRG_TI_GAS(1.0),24/03/26 23:00:00,Annual,Natural gas,Total,Million cubic metres,Ukraine,1994,66167.000,,
ESTAT:NRG_TI_GAS(1.0),24/03/26 23:00:00,Annual,Natural gas,Total,Million cubic metres,Ukraine,1995,63486.000,,
ESTAT:NRG_TI_GAS(1.0),24/03/26 23:00:00,Annual,Natural gas,Total,Million cubic metres,Ukraine,1996,71200.000,,
ESTAT:NRG_TI_GAS(1.0),24/03/26 23:00:00,Annual,Natural gas,Total,Million cubic metres,Ukraine,1997,62356.000,,
ESTAT:NRG_TI_GAS(1.0),24/03/26 23:00:00,Annual,Natural gas,Total,Million cubic metres,Ukraine,1998,53549.000,,
ESTAT:NRG_TI_GAS(1.0),24/03/26 23:00:00,Annual,Natural gas,Total,Million cubic metres,Ukraine,1999,59938.000,,
ESTAT:NRG_TI_GAS(1.0),24/03/26 23:00:00,Annual,Natural gas,Total,Million cubic metres,Ukraine,2000,59220.000,,
ESTAT:NRG_TI_GAS(1.0),24/03/26 23:00:00,Annual,Natural gas,Total,Million cubic metres,Ukraine,2001,56937.000,,
ESTAT:NRG_TI_GAS(1.0),24/03/26 23:00:00,Annual,Natural gas,Total,Million cubic metres,Ukraine,2002,56228.000,,
ESTAT:NRG_TI_GAS(1.0),24/03/26 23:00:00,Annual,Natural gas,Total,Million cubic metres,Ukraine,2003,60430.000,,
ESTAT:NRG_TI_GAS(1.0),24/03/26 23:00:00,Annual,Natural gas,Total,Million cubic metres,Ukraine,2004,62132.000,,
ESTAT:NRG_TI_GAS(1.0),24/03/26 23:00:00,Annual,Natural gas,Total,Million cubic metres,Ukraine,2005,60196.000,,
ESTAT:NRG_TI_GAS(1.0),24/03/26 23:00:00,Annual,Natural gas,Total,Million cubic metres,Ukraine,2006,50221.000,,
ESTAT:NRG_TI_GAS(1.0),24/03/26 23:00:00,Annual,Natural gas,Total,Million cubic metres,Ukraine,2007,49234.000,,
ESTAT:NRG_TI_GAS(1.0),24/03/26 23:00:00,Annual,Natural gas,Total,Million cubic metres,Ukraine,2008,51687.000,,
ESTAT:NRG_TI_GAS(1.0),24/03/26 23:00:00,Annual,Natural gas,Total,Million cubic metres,Ukraine,2009,37307.000,,
ESTAT:NRG_TI_GAS(1.0),24/03/26 23:00:00,Annual,Natural gas,Total,Million cubic metres,Ukraine,2010,35969.000,,
ESTAT:NRG_TI_GAS(1.0),24/03/26 23:00:00,Annual,Natural gas,Total,Million cubic metres,Ukraine,2011,44037.000,,
ESTAT:NRG_TI_GAS(1.0),24/03/26 23:00:00,Annual,Natural gas,Total,Million cubic metres,Ukraine,2012,32365.000,,
ESTAT:NRG_TI_GAS(1.0),24/03/26 23:00:00,Annual,Natural gas,Total,Million cubic metres,Ukraine,2013,27495.000,,
ESTAT:NRG_TI_GAS(1.0),24/03/26 23:00:00,Annual,Natural gas,Total,Million cubic metres,Ukraine,2014,19134.000,,
ESTAT:NRG_TI_GAS(1.0),24/03/26 23:00:00,Annual,Natural gas,Total,Million cubic metres,Ukraine,2015,16174.000,,
ESTAT:NRG_TI_GAS(1.0),24/03/26 23:00:00,Annual,Natural gas,Total,Million cubic metres,Ukraine,2016,10719.000,,
ESTAT:NRG_TI_GAS(1.0),24/03/26 23:00:00,Annual,Natural gas,Total,Million cubic metres,Ukraine,2017,13705.000,,
ESTAT:NRG_TI_GAS(1.0),24/03/26 23:00:00,Annual,Natural gas,Total,Million cubic metres,Ukraine,2018,10293.000,,
ESTAT:NRG_TI_GAS(1.0),24/03/26 23:00:00,Annual,Natural gas,Total,Million cubic metres,Ukraine,2019,11567.481,,
ESTAT:NRG_TI_GAS(1.0),24/03/26 23:00:00,Annual,Natural gas,Total,Million cubic metres,Ukraine,2020,8988.000,,
ESTAT:NRG_TI_GAS(1.0),24/03/26 23:00:00,Annual,Natural gas,Total,Million cubic metres,Ukraine,2021,,,
ESTAT:NRG_TI_GAS(1.0),24/03/26 23:00:00,Annual,Natural gas,Total,Million cubic metres,Ukraine,2022,,,
ESTAT:NRG_TI_GAS(1.0),24/03/26 23:00:00,Annual,Natural gas,Total,Million cubic metres,Ukraine,2023,,,
ESTAT:NRG_TI_GAS(1.0),24/03/26 23:00:00,Annual,Natural gas,Total,Million cubic metres,Ukraine,2024,,,
ESTAT:NRG_TI_GAS(1.0),24/03/26 23:00:00,Annual,Natural gas,Total,Million cubic metres,United Kingdom,1990,7226.000,,
ESTAT:NRG_TI_GAS(1.0),24/03/26 23:00:00,Annual,Natural gas,Total,Million cubic metres,United Kingdom,1991,6358.000,,
ESTAT:NRG_TI_GAS(1.0),24/03/26 23:00:00,Annual,Natural gas,Total,Million cubic metres,United Kingdom,1992,5649.000,,
ESTAT:NRG_TI_GAS(1.0),24/03/26 23:00:00,Annual,Natural gas,Total,Million cubic metres,United Kingdom,1993,4474.000,,
ESTAT:NRG_TI_GAS(1.0),24/03/26 23:00:00,Annual,Natural gas,Total,Million cubic metres,United Kingdom,1994,3026.000,,
ESTAT:NRG_TI_GAS(1.0),24/03/26 23:00:00,Annual,Natural gas,Total,Million cubic metres,United Kingdom,1995,1715.000,,
ESTAT:NRG_TI_GAS(1.0),24/03/26 23:00:00,Annual,Natural gas,Total,Million cubic metres,United Kingdom,1996,1716.000,,
ESTAT:NRG_TI_GAS(1.0),24/03/26 23:00:00,Annual,Natural gas,Total,Million cubic metres,United Kingdom,1997,1272.000,,
ESTAT:NRG_TI_GAS(1.0),24/03/26 23:00:00,Annual,Natural gas,Total,Million cubic metres,United Kingdom,1998,929.000,,
ESTAT:NRG_TI_GAS(1.0),24/03/26 23:00:00,Annual,Natural gas,Total,Million cubic metres,United Kingdom,1999,1135.000,,
ESTAT:NRG_TI_GAS(1.0),24/03/26 23:00:00,Annual,Natural gas,Total,Million cubic metres,United Kingdom,2000,2382.000,,
ESTAT:NRG_TI_GAS(1.0),24/03/26 23:00:00,Annual,Natural gas,Total,Million cubic metres,United Kingdom,2001,2754.000,,
ESTAT:NRG_TI_GAS(1.0),24/03/26 23:00:00,Annual,Natural gas,Total,Million cubic metres,United Kingdom,2002,5490.000,,
ESTAT:NRG_TI_GAS(1.0),24/03/26 23:00:00,Annual,Natural gas,Total,Million cubic metres,United Kingdom,2003,7851.000,,
ESTAT:NRG_TI_GAS(1.0),24/03/26 23:00:00,Annual,Natural gas,Total,Million cubic metres,United Kingdom,2004,12106.000,,
ESTAT:NRG_TI_GAS(1.0),24/03/26 23:00:00,Annual,Natural gas,Total,Million cubic metres,United Kingdom,2005,15742.000,,
ESTAT:NRG_TI_GAS(1.0),24/03/26 23:00:00,Annual,Natural gas,Total,Million cubic metres,United Kingdom,2006,22274.000,,
ESTAT:NRG_TI_GAS(1.0),24/03/26 23:00:00,Annual,Natural gas,Total,Million cubic metres,United Kingdom,2007,30737.000,,
ESTAT:NRG_TI_GAS(1.0),24/03/26 23:00:00,Annual,Natural gas,Total,Million cubic metres,United Kingdom,2008,36087.000,,
ESTAT:NRG_TI_GAS(1.0),24/03/26 23:00:00,Annual,Natural gas,Total,Million cubic metres,United Kingdom,2009,42172.000,,
ESTAT:NRG_TI_GAS(1.0),24/03/26 23:00:00,Annual,Natural gas,Total,Million cubic metres,United Kingdom,2010,55309.000,,
ESTAT:NRG_TI_GAS(1.0),24/03/26 23:00:00,Annual,Natural gas,Total,Million cubic metres,United Kingdom,2011,54622.000,,
ESTAT:NRG_TI_GAS(1.0),24/03/26 23:00:00,Annual,Natural gas,Total,Million cubic metres,United Kingdom,2012,50716.000,,
ESTAT:NRG_TI_GAS(1.0),24/03/26 23:00:00,Annual,Natural gas,Total,Million cubic metres,United Kingdom,2013,49309.000,,
ESTAT:NRG_TI_GAS(1.0),24/03/26 23:00:00,Annual,Natural gas,Total,Million cubic metres,United Kingdom,2014,43820.000,,
ESTAT:NRG_TI_GAS(1.0),24/03/26 23:00:00,Annual,Natural gas,Total,Million cubic metres,United Kingdom,2015,45276.153,,
ESTAT:NRG_TI_GAS(1.0),24/03/26 23:00:00,Annual,Natural gas,Total,Million cubic metres,United Kingdom,2016,48243.028,,
ESTAT:NRG_TI_GAS(1.0),24/03/26 23:00:00,Annual,Natural gas,Total,Million cubic metres,United Kingdom,2017,47155.774,,
ESTAT:NRG_TI_GAS(1.0),24/03/26 23:00:00,Annual,Natural gas,Total,Million cubic metres,United Kingdom,2018,47160.385,,
ESTAT:NRG_TI_GAS(1.0),24/03/26 23:00:00,Annual,Natural gas,Total,Million cubic metres,United Kingdom,2019,47380.347,,
ESTAT:NRG_TI_GAS(1.0),24/03/26 23:00:00,Annual,Natural gas,Total,Million cubic metres,United Kingdom,2020,,,
ESTAT:NRG_TI_GAS(1.0),24/03/26 23:00:00,Annual,Natural gas,Total,Million cubic metres,United Kingdom,2021,,,
ESTAT:NRG_TI_GAS(1.0),24/03/26 23:00:00,Annual,Natural gas,Total,Million cubic metres,United Kingdom,2022,,,
ESTAT:NRG_TI_GAS(1.0),24/03/26 23:00:00,Annual,Natural gas,Total,Million cubic metres,United Kingdom,2023,,,
ESTAT:NRG_TI_GAS(1.0),24/03/26 23:00:00,Annual,Natural gas,Total,Million cubic metres,United Kingdom,2024,,,
ESTAT:NRG_TI_GAS(1.0),24/03/26 23:00:00,Annual,Natural gas,Total,Million cubic metres,Kosovo*,1990,0.000,,
ESTAT:NRG_TI_GAS(1.0),24/03/26 23:00:00,Annual,Natural gas,Total,Million cubic metres,Kosovo*,1991,0.000,,
ESTAT:NRG_TI_GAS(1.0),24/03/26 23:00:00,Annual,Natural gas,Total,Million cubic metres,Kosovo*,1992,0.000,,
ESTAT:NRG_TI_GAS(1.0),24/03/26 23:00:00,Annual,Natural gas,Total,Million cubic metres,Kosovo*,1993,0.000,,
ESTAT:NRG_TI_GAS(1.0),24/03/26 23:00:00,Annual,Natural gas,Total,Million cubic metres,Kosovo*,1994,0.000,,
ESTAT:NRG_TI_GAS(1.0),24/03/26 23:00:00,Annual,Natural gas,Total,Million cubic metres,Kosovo*,1995,0.000,,
ESTAT:NRG_TI_GAS(1.0),24/03/26 23:00:00,Annual,Natural gas,Total,Million cubic metres,Kosovo*,1996,0.000,,
ESTAT:NRG_TI_GAS(1.0),24/03/26 23:00:00,Annual,Natural gas,Total,Million cubic metres,Kosovo*,1997,0.000,,
ESTAT:NRG_TI_GAS(1.0),24/03/26 23:00:00,Annual,Natural gas,Total,Million cubic metres,Kosovo*,1998,0.000,,
ESTAT:NRG_TI_GAS(1.0),24/03/26 23:00:00,Annual,Natural gas,Total,Million cubic metres,Kosovo*,1999,0.000,,
ESTAT:NRG_TI_GAS(1.0),24/03/26 23:00:00,Annual,Natural gas,Total,Million cubic metres,Kosovo*,2000,0.000,,
ESTAT:NRG_TI_GAS(1.0),24/03/26 23:00:00,Annual,Natural gas,Total,Million cubic metres,Kosovo*,2001,0.000,,
ESTAT:NRG_TI_GAS(1.0),24/03/26 23:00:00,Annual,Natural gas,Total,Million cubic metres,Kosovo*,2002,0.000,,
ESTAT:NRG_TI_GAS(1.0),24/03/26 23:00:00,Annual,Natural gas,Total,Million cubic metres,Kosovo*,2003,0.000,,
ESTAT:NRG_TI_GAS(1.0),24/03/26 23:00:00,Annual,Natural gas,Total,Million cubic metres,Kosovo*,2004,0.000,,
ESTAT:NRG_TI_GAS(1.0),24/03/26 23:00:00,Annual,Natural gas,Total,Million cubic metres,Kosovo*,2005,0.000,,
ESTAT:NRG_TI_GAS(1.0),24/03/26 23:00:00,Annual,Natural gas,Total,Million cubic metres,Kosovo*,2006,0.000,,
ESTAT:NRG_TI_GAS(1.0),24/03/26 23:00:00,Annual,Natural gas,Total,Million cubic metres,Kosovo*,2007,0.000,,
ESTAT:NRG_TI_GAS(1.0),24/03/26 23:00:00,Annual,Natural gas,Total,Million cubic metres,Kosovo*,2008,0.000,,
ESTAT:NRG_TI_GAS(1.0),24/03/26 23:00:00,Annual,Natural gas,Total,Million cubic metres,Kosovo*,2009,0.000,,
ESTAT:NRG_TI_GAS(1.0),24/03/26 23:00:00,Annual,Natural gas,Total,Million cubic metres,Kosovo*,2010,0.000,,
ESTAT:NRG_TI_GAS(1.0),24/03/26 23:00:00,Annual,Natural gas,Total,Million cubic metres,Kosovo*,2011,0.000,,
ESTAT:NRG_TI_GAS(1.0),24/03/26 23:00:00,Annual,Natural gas,Total,Million cubic metres,Kosovo*,2012,0.000,,
ESTAT:NRG_TI_GAS(1.0),24/03/26 23:00:00,Annual,Natural gas,Total,Million cubic metres,Kosovo*,2013,0.000,,
ESTAT:NRG_TI_GAS(1.0),24/03/26 23:00:00,Annual,Natural gas,Total,Million cubic metres,Kosovo*,2014,0.000,,
ESTAT:NRG_TI_GAS(1.0),24/03/26 23:00:00,Annual,Natural gas,Total,Million cubic metres,Kosovo*,2015,0.000,,
ESTAT:NRG_TI_GAS(1.0),24/03/26 23:00:00,Annual,Natural gas,Total,Million cubic metres,Kosovo*,2016,0.000,,
ESTAT:NRG_TI_GAS(1.0),24/03/26 23:00:00,Annual,Natural gas,Total,Million cubic metres,Kosovo*,2017,0.000,,
ESTAT:NRG_TI_GAS(1.0),24/03/26 23:00:00,Annual,Natural gas,Total,Million cubic metres,Kosovo*,2018,0.000,,
ESTAT:NRG_TI_GAS(1.0),24/03/26 23:00:00,Annual,Natural gas,Total,Million cubic metres,Kosovo*,2019,0.000,,
ESTAT:NRG_TI_GAS(1.0),24/03/26 23:00:00,Annual,Natural gas,Total,Million cubic metres,Kosovo*,2020,0.000,,
ESTAT:NRG_TI_GAS(1.0),24/03/26 23:00:00,Annual,Natural gas,Total,Million cubic metres,Kosovo*,2021,0.000,,
ESTAT:NRG_TI_GAS(1.0),24/03/26 23:00:00,Annual,Natural gas,Total,Million cubic metres,Kosovo*,2022,0.000,,
ESTAT:NRG_TI_GAS(1.0),24/03/26 23:00:00,Annual,Natural gas,Total,Million cubic metres,Kosovo*,2023,0.000,,
ESTAT:NRG_TI_GAS(1.0),24/03/26 23:00:00,Annual,Natural gas,Total,Million cubic metres,Kosovo*,2024,0.000,,
ESTAT:NRG_TI_GAS(1.0),24/03/26 23:00:00,Annual,Liquefied natural gas,Russia,Million cubic metres,Albania,1990,0.000,,
ESTAT:NRG_TI_GAS(1.0),24/03/26 23:00:00,Annual,Liquefied natural gas,Russia,Million cubic metres,Albania,1991,0.000,,
ESTAT:NRG_TI_GAS(1.0),24/03/26 23:00:00,Annual,Liquefied natural gas,Russia,Million cubic metres,Albania,1992,0.000,,
ESTAT:NRG_TI_GAS(1.0),24/03/26 23:00:00,Annual,Liquefied natural gas,Russia,Million cubic metres,Albania,1993,0.000,,
ESTAT:NRG_TI_GAS(1.0),24/03/26 23:00:00,Annual,Liquefied natural gas,Russia,Million cubic metres,Albania,1994,0.000,,
ESTAT:NRG_TI_GAS(1.0),24/03/26 23:00:00,Annual,Liquefied natural gas,Russia,Million cubic metres,Albania,1995,0.000,,
ESTAT:NRG_TI_GAS(1.0),24/03/26 23:00:00,Annual,Liquefied natural gas,Russia,Million cubic metres,Albania,1996,0.000,,
ESTAT:NRG_TI_GAS(1.0),24/03/26 23:00:00,Annual,Liquefied natural gas,Russia,Million cubic metres,Albania,1997,0.000,,
ESTAT:NRG_TI_GAS(1.0),24/03/26 23:00:00,Annual,Liquefied natural gas,Russia,Million cubic metres,Albania,1998,0.000,,
ESTAT:NRG_TI_GAS(1.0),24/03/26 23:00:00,Annual,Liquefied natural gas,Russia,Million cubic metres,Albania,1999,0.000,,
ESTAT:NRG_TI_GAS(1.0),24/03/26 23:00:00,Annual,Liquefied natural gas,Russia,Million cubic metres,Albania,2000,0.000,,
ESTAT:NRG_TI_GAS(1.0),24/03/26 23:00:00,Annual,Liquefied natural gas,Russia,Million cubic metres,Albania,2001,0.000,,
ESTAT:NRG_TI_GAS(1.0),24/03/26 23:00:00,Annual,Liquefied natural gas,Russia,Million cubic metres,Albania,2002,0.000,,
ESTAT:NRG_TI_GAS(1.0),24/03/26 23:00:00,Annual,Liquefied natural gas,Russia,Million cubic metres,Albania,2003,0.000,,
ESTAT:NRG_TI_GAS(1.0),24/03/26 23:00:00,Annual,Liquefied natural gas,Russia,Million cubic metres,Albania,2004,0.000,,
ESTAT:NRG_TI_GAS(1.0),24/03/26 23:00:00,Annual,Liquefied natural gas,Russia,Million cubic metres,Albania,2005,0.000,,
ESTAT:NRG_TI_GAS(1.0),24/03/26 23:00:00,Annual,Liquefied natural gas,Russia,Million cubic metres,Albania,2006,0.000,,
ESTAT:NRG_TI_GAS(1.0),24/03/26 23:00:00,Annual,Liquefied natural gas,Russia,Million cubic metres,Albania,2007,0.000,,
ESTAT:NRG_TI_GAS(1.0),24/03/26 23:00:00,Annual,Liquefied natural gas,Russia,Million cubic metres,Albania,2008,0.000,,
ESTAT:NRG_TI_GAS(1.0),24/03/26 23:00:00,Annual,Liquefied natural gas,Russia,Million cubic metres,Albania,2009,0.000,,
ESTAT:NRG_TI_GAS(1.0),24/03/26 23:00:00,Annual,Liquefied natural gas,Russia,Million cubic metres,Albania,2010,0.000,,
ESTAT:NRG_TI_GAS(1.0),24/03/26 23:00:00,Annual,Liquefied natural gas,Russia,Million cubic metres,Albania,2011,0.000,,
ESTAT:NRG_TI_GAS(1.0),24/03/26 23:00:00,Annual,Liquefied natural gas,Russia,Million cubic metres,Albania,2012,0.000,,
ESTAT:NRG_TI_GAS(1.0),24/03/26 23:00:00,Annual,Liquefied natural gas,Russia,Million cubic metres,Albania,2013,0.000,,
ESTAT:NRG_TI_GAS(1.0),24/03/26 23:00:00,Annual,Liquefied natural gas,Russia,Million cubic metres,Albania,2014,0.000,,
ESTAT:NRG_TI_GAS(1.0),24/03/26 23:00:00,Annual,Liquefied natural gas,Russia,Million cubic metres,Albania,2015,0.000,,
ESTAT:NRG_TI_GAS(1.0),24/03/26 23:00:00,Annual,Liquefied natural gas,Russia,Million cubic metres,Albania,2016,0.000,,
ESTAT:NRG_TI_GAS(1.0),24/03/26 23:00:00,Annual,Liquefied natural gas,Russia,Million cubic metres,Albania,2017,0.000,,
ESTAT:NRG_TI_GAS(1.0),24/03/26 23:00:00,Annual,Liquefied natural gas,Russia,Million cubic metres,Albania,2018,0.000,,
ESTAT:NRG_TI_GAS(1.0),24/03/26 23:00:00,Annual,Liquefied natural gas,Russia,Million cubic metres,Albania,2019,0.000,,
ESTAT:NRG_TI_GAS(1.0),24/03/26 23:00:00,Annual,Liquefied natural gas,Russia,Million cubic metres,Albania,2020,0.000,,
ESTAT:NRG_TI_GAS(1.0),24/03/26 23:00:00,Annual,Liquefied natural gas,Russia,Million cubic metres,Albania,2021,0.000,,
ESTAT:NRG_TI_GAS(1.0),24/03/26 23:00:00,Annual,Liquefied natural gas,Russia,Million cubic metres,Albania,2022,0.000,,
ESTAT:NRG_TI_GAS(1.0),24/03/26 23:00:00,Annual,Liquefied natural gas,Russia,Million cubic metres,Albania,2023,0.000,,
ESTAT:NRG_TI_GAS(1.0),24/03/26 23:00:00,Annual,Liquefied natural gas,Russia,Million cubic metres,Albania,2024,0.000,,
ESTAT:NRG_TI_GAS(1.0),24/03/26 23:00:00,Annual,Liquefied natural gas,Russia,Million cubic metres,Austria,1990,0.000,,
ESTAT:NRG_TI_GAS(1.0),24/03/26 23:00:00,Annual,Liquefied natural gas,Russia,Million cubic metres,Austria,1991,0.000,,
ESTAT:NRG_TI_GAS(1.0),24/03/26 23:00:00,Annual,Liquefied natural gas,Russia,Million cubic metres,Austria,1992,0.000,,
ESTAT:NRG_TI_GAS(1.0),24/03/26 23:00:00,Annual,Liquefied natural gas,Russia,Million cubic metres,Austria,1993,0.000,,
ESTAT:NRG_TI_GAS(1.0),24/03/26 23:00:00,Annual,Liquefied natural gas,Russia,Million cubic metres,Austria,1994,0.000,,
ESTAT:NRG_TI_GAS(1.0),24/03/26 23:00:00,Annual,Liquefied natural gas,Russia,Million cubic metres,Austria,1995,0.000,,
ESTAT:NRG_TI_GAS(1.0),24/03/26 23:00:00,Annual,Liquefied natural gas,Russia,Million cubic metres,Austria,1996,0.000,,
ESTAT:NRG_TI_GAS(1.0),24/03/26 23:00:00,Annual,Liquefied natural gas,Russia,Million cubic metres,Austria,1997,0.000,,
ESTAT:NRG_TI_GAS(1.0),24/03/26 23:00:00,Annual,Liquefied natural gas,Russia,Million cubic metres,Austria,1998,0.000,,
ESTAT:NRG_TI_GAS(1.0),24/03/26 23:00:00,Annual,Liquefied natural gas,Russia,Million cubic metres,Austria,1999,0.000,,
ESTAT:NRG_TI_GAS(1.0),24/03/26 23:00:00,Annual,Liquefied natural gas,Russia,Million cubic metres,Austria,2000,0.000,,
ESTAT:NRG_TI_GAS(1.0),24/03/26 23:00:00,Annual,Liquefied natural gas,Russia,Million cubic metres,Austria,2001,0.000,,
ESTAT:NRG_TI_GAS(1.0),24/03/26 23:00:00,Annual,Liquefied natural gas,Russia,Million cubic metres,Austria,2002,0.000,,
ESTAT:NRG_TI_GAS(1.0),24/03/26 23:00:00,Annual,Liquefied natural gas,Russia,Million cubic metres,Austria,2003,0.000,,
ESTAT:NRG_TI_GAS(1.0),24/03/26 23:00:00,Annual,Liquefied natural gas,Russia,Million cubic metres,Austria,2004,0.000,,
ESTAT:NRG_TI_GAS(1.0),24/03/26 23:00:00,Annual,Liquefied natural gas,Russia,Million cubic metres,Austria,2005,0.000,,
ESTAT:NRG_TI_GAS(1.0),24/03/26 23:00:00,Annual,Liquefied natural gas,Russia,Million cubic metres,Austria,2006,0.000,,
ESTAT:NRG_TI_GAS(1.0),24/03/26 23:00:00,Annual,Liquefied natural gas,Russia,Million cubic metres,Austria,2007,0.000,,
ESTAT:NRG_TI_GAS(1.0),24/03/26 23:00:00,Annual,Liquefied natural gas,Russia,Million cubic metres,Austria,2008,0.000,,
ESTAT:NRG_TI_GAS(1.0),24/03/26 23:00:00,Annual,Liquefied natural gas,Russia,Million cubic metres,Austria,2009,0.000,,
ESTAT:NRG_TI_GAS(1.0),24/03/26 23:00:00,Annual,Liquefied natural gas,Russia,Million cubic metres,Austria,2010,0.000,,
ESTAT:NRG_TI_GAS(1.0),24/03/26 23:00:00,Annual,Liquefied natural gas,Russia,Million cubic metres,Austria,2011,0.000,,
ESTAT:NRG_TI_GAS(1.0),24/03/26 23:00:00,Annual,Liquefied natural gas,Russia,Million cubic metres,Austria,2012,0.000,,
ESTAT:NRG_TI_GAS(1.0),24/03/26 23:00:00,Annual,Liquefied natural gas,Russia,Million cubic metres,Austria,2013,0.000,,
ESTAT:NRG_TI_GAS(1.0),24/03/26 23:00:00,Annual,Liquefied natural gas,Russia,Million cubic metres,Austria,2014,0.000,,
ESTAT:NRG_TI_GAS(1.0),24/03/26 23:00:00,Annual,Liquefied natural gas,Russia,Million cubic metres,Austria,2015,0.000,,
ESTAT:NRG_TI_GAS(1.0),24/03/26 23:00:00,Annual,Liquefied natural gas,Russia,Million cubic metres,Austria,2016,0.000,,
ESTAT:NRG_TI_GAS(1.0),24/03/26 23:00:00,Annual,Liquefied natural gas,Russia,Million cubic metres,Austria,2017,0.000,,
ESTAT:NRG_TI_GAS(1.0),24/03/26 23:00:00,Annual,Liquefied natural gas,Russia,Million cubic metres,Austria,2018,0.000,,
ESTAT:NRG_TI_GAS(1.0),24/03/26 23:00:00,Annual,Liquefied natural gas,Russia,Million cubic metres,Austria,2019,0.000,,
ESTAT:NRG_TI_GAS(1.0),24/03/26 23:00:00,Annual,Liquefied natural gas,Russia,Million cubic metres,Austria,2020,0.000,,
ESTAT:NRG_TI_GAS(1.0),24/03/26 23:00:00,Annual,Liquefied natural gas,Russia,Million cubic metres,Austria,2021,0.000,,
ESTAT:NRG_TI_GAS(1.0),24/03/26 23:00:00,Annual,Liquefied natural gas,Russia,Million cubic metres,Austria,2022,0.000,,
ESTAT:NRG_TI_GAS(1.0),24/03/26 23:00:00,Annual,Liquefied natural gas,Russia,Million cubic metres,Austria,2023,0.000,,
ESTAT:NRG_TI_GAS(1.0),24/03/26 23:00:00,Annual,Liquefied natural gas,Russia,Million cubic metres,Austria,2024,0.000,,
ESTAT:NRG_TI_GAS(1.0),24/03/26 23:00:00,Annual,Liquefied natural gas,Russia,Million cubic metres,Bosnia and Herzegovina,1990,,,
ESTAT:NRG_TI_GAS(1.0),24/03/26 23:00:00,Annual,Liquefied natural gas,Russia,Million cubic metres,Bosnia and Herzegovina,1991,,,
ESTAT:NRG_TI_GAS(1.0),24/03/26 23:00:00,Annual,Liquefied natural gas,Russia,Million cubic metres,Bosnia and Herzegovina,1992,,,
ESTAT:NRG_TI_GAS(1.0),24/03/26 23:00:00,Annual,Liquefied natural gas,Russia,Million cubic metres,Bosnia and Herzegovina,1993,,,
ESTAT:NRG_TI_GAS(1.0),24/03/26 23:00:00,Annual,Liquefied natural gas,Russia,Million cubic metres,Bosnia and Herzegovina,1994,,,
ESTAT:NRG_TI_GAS(1.0),24/03/26 23:00:00,Annual,Liquefied natural gas,Russia,Million cubic metres,Bosnia and Herzegovina,1995,,,
ESTAT:NRG_TI_GAS(1.0),24/03/26 23:00:00,Annual,Liquefied natural gas,Russia,Million cubic metres,Bosnia and Herzegovina,1996,,,
ESTAT:NRG_TI_GAS(1.0),24/03/26 23:00:00,Annual,Liquefied natural gas,Russia,Million cubic metres,Bosnia and Herzegovina,1997,,,
ESTAT:NRG_TI_GAS(1.0),24/03/26 23:00:00,Annual,Liquefied natural gas,Russia,Million cubic metres,Bosnia and Herzegovina,1998,,,
ESTAT:NRG_TI_GAS(1.0),24/03/26 23:00:00,Annual,Liquefied natural gas,Russia,Million cubic metres,Bosnia and Herzegovina,1999,,,
ESTAT:NRG_TI_GAS(1.0),24/03/26 23:00:00,Annual,Liquefied natural gas,Russia,Million cubic metres,Bosnia and Herzegovina,2000,,,
ESTAT:NRG_TI_GAS(1.0),24/03/26 23:00:00,Annual,Liquefied natural gas,Russia,Million cubic metres,Bosnia and Herzegovina,2001,,,
ESTAT:NRG_TI_GAS(1.0),24/03/26 23:00:00,Annual,Liquefied natural gas,Russia,Million cubic metres,Bosnia and Herzegovina,2002,,,
ESTAT:NRG_TI_GAS(1.0),24/03/26 23:00:00,Annual,Liquefied natural gas,Russia,Million cubic metres,Bosnia and Herzegovina,2003,,,
ESTAT:NRG_TI_GAS(1.0),24/03/26 23:00:00,Annual,Liquefied natural gas,Russia,Million cubic metres,Bosnia and Herzegovina,2004,,,
ESTAT:NRG_TI_GAS(1.0),24/03/26 23:00:00,Annual,Liquefied natural gas,Russia,Million cubic metres,Bosnia and Herzegovina,2005,,,
ESTAT:NRG_TI_GAS(1.0),24/03/26 23:00:00,Annual,Liquefied natural gas,Russia,Million cubic metres,Bosnia and Herzegovina,2006,,,
ESTAT:NRG_TI_GAS(1.0),24/03/26 23:00:00,Annual,Liquefied natural gas,Russia,Million cubic metres,Bosnia and Herzegovina,2007,,,
ESTAT:NRG_TI_GAS(1.0),24/03/26 23:00:00,Annual,Liquefied natural gas,Russia,Million cubic metres,Bosnia and Herzegovina,2008,,,
ESTAT:NRG_TI_GAS(1.0),24/03/26 23:00:00,Annual,Liquefied natural gas,Russia,Million cubic metres,Bosnia and Herzegovina,2009,,,
ESTAT:NRG_TI_GAS(1.0),24/03/26 23:00:00,Annual,Liquefied natural gas,Russia,Million cubic metres,Bosnia and Herzegovina,2010,,,
ESTAT:NRG_TI_GAS(1.0),24/03/26 23:00:00,Annual,Liquefied natural gas,Russia,Million cubic metres,Bosnia and Herzegovina,2011,,,
ESTAT:NRG_TI_GAS(1.0),24/03/26 23:00:00,Annual,Liquefied natural gas,Russia,Million cubic metres,Bosnia and Herzegovina,2012,,,
ESTAT:NRG_TI_GAS(1.0),24/03/26 23:00:00,Annual,Liquefied natural gas,Russia,Million cubic metres,Bosnia and Herzegovina,2013,,,
ESTAT:NRG_TI_GAS(1.0),24/03/26 23:00:00,Annual,Liquefied natural gas,Russia,Million cubic metres,Bosnia and Herzegovina,2014,0.000,,
ESTAT:NRG_TI_GAS(1.0),24/03/26 23:00:00,Annual,Liquefied natural gas,Russia,Million cubic metres,Bosnia and Herzegovina,2015,0.000,,
ESTAT:NRG_TI_GAS(1.0),24/03/26 23:00:00,Annual,Liquefied natural gas,Russia,Million cubic metres,Bosnia and Herzegovina,2016,0.000,,
ESTAT:NRG_TI_GAS(1.0),24/03/26 23:00:00,Annual,Liquefied natural gas,Russia,Million cubic metres,Bosnia and Herzegovina,2017,0.000,,
ESTAT:NRG_TI_GAS(1.0),24/03/26 23:00:00,Annual,Liquefied natural gas,Russia,Million cubic metres,Bosnia and Herzegovina,2018,0.000,,
ESTAT:NRG_TI_GAS(1.0),24/03/26 23:00:00,Annual,Liquefied natural gas,Russia,Million cubic metres,Bosnia and Herzegovina,2019,0.000,,
ESTAT:NRG_TI_GAS(1.0),24/03/26 23:00:00,Annual,Liquefied natural gas,Russia,Million cubic metres,Bosnia and Herzegovina,2020,0.000,,
ESTAT:NRG_TI_GAS(1.0),24/03/26 23:00:00,Annual,Liquefied natural gas,Russia,Million cubic metres,Bosnia and Herzegovina,2021,0.000,,
ESTAT:NRG_TI_GAS(1.0),24/03/26 23:00:00,Annual,Liquefied natural gas,Russia,Million cubic metres,Bosnia and Herzegovina,2022,0.000,,
ESTAT:NRG_TI_GAS(1.0),24/03/26 23:00:00,Annual,Liquefied natural gas,Russia,Million cubic metres,Bosnia and Herzegovina,2023,0.000,,
ESTAT:NRG_TI_GAS(1.0),24/03/26 23:00:00,Annual,Liquefied natural gas,Russia,Million cubic metres,Bosnia and Herzegovina,2024,0.000,,
ESTAT:NRG_TI_GAS(1.0),24/03/26 23:00:00,Annual,Liquefied natural gas,Russia,Million cubic metres,Belgium,1990,0.000,,
ESTAT:NRG_TI_GAS(1.0),24/03/26 23:00:00,Annual,Liquefied natural gas,Russia,Million cubic metres,Belgium,1991,0.000,,
ESTAT:NRG_TI_GAS(1.0),24/03/26 23:00:00,Annual,Liquefied natural gas,Russia,Million cubic metres,Belgium,1992,0.000,,
ESTAT:NRG_TI_GAS(1.0),24/03/26 23:00:00,Annual,Liquefied natural gas,Russia,Million cubic metres,Belgium,1993,0.000,,
ESTAT:NRG_TI_GAS(1.0),24/03/26 23:00:00,Annual,Liquefied natural gas,Russia,Million cubic metres,Belgium,1994,0.000,,
ESTAT:NRG_TI_GAS(1.0),24/03/26 23:00:00,Annual,Liquefied natural gas,Russia,Million cubic metres,Belgium,1995,0.000,,
ESTAT:NRG_TI_GAS(1.0),24/03/26 23:00:00,Annual,Liquefied natural gas,Russia,Million cubic metres,Belgium,1996,0.000,,
ESTAT:NRG_TI_GAS(1.0),24/03/26 23:00:00,Annual,Liquefied natural gas,Russia,Million cubic metres,Belgium,1997,0.000,,
ESTAT:NRG_TI_GAS(1.0),24/03/26 23:00:00,Annual,Liquefied natural gas,Russia,Million cubic metres,Belgium,1998,0.000,,
ESTAT:NRG_TI_GAS(1.0),24/03/26 23:00:00,Annual,Liquefied natural gas,Russia,Million cubic metres,Belgium,1999,0.000,,
ESTAT:NRG_TI_GAS(1.0),24/03/26 23:00:00,Annual,Liquefied natural gas,Russia,Million cubic metres,Belgium,2000,0.000,,
ESTAT:NRG_TI_GAS(1.0),24/03/26 23:00:00,Annual,Liquefied natural gas,Russia,Million cubic metres,Belgium,2001,0.000,,
ESTAT:NRG_TI_GAS(1.0),24/03/26 23:00:00,Annual,Liquefied natural gas,Russia,Million cubic metres,Belgium,2002,0.000,,
ESTAT:NRG_TI_GAS(1.0),24/03/26 23:00:00,Annual,Liquefied natural gas,Russia,Million cubic metres,Belgium,2003,0.000,,
ESTAT:NRG_TI_GAS(1.0),24/03/26 23:00:00,Annual,Liquefied natural gas,Russia,Million cubic metres,Belgium,2004,0.000,,
ESTAT:NRG_TI_GAS(1.0),24/03/26 23:00:00,Annual,Liquefied natural gas,Russia,Million cubic metres,Belgium,2005,0.000,,
ESTAT:NRG_TI_GAS(1.0),24/03/26 23:00:00,Annual,Liquefied natural gas,Russia,Million cubic metres,Belgium,2006,0.000,,
ESTAT:NRG_TI_GAS(1.0),24/03/26 23:00:00,Annual,Liquefied natural gas,Russia,Million cubic metres,Belgium,2007,0.000,,
ESTAT:NRG_TI_GAS(1.0),24/03/26 23:00:00,Annual,Liquefied natural gas,Russia,Million cubic metres,Belgium,2008,0.000,,
ESTAT:NRG_TI_GAS(1.0),24/03/26 23:00:00,Annual,Liquefied natural gas,Russia,Million cubic metres,Belgium,2009,0.000,,
ESTAT:NRG_TI_GAS(1.0),24/03/26 23:00:00,Annual,Liquefied natural gas,Russia,Million cubic metres,Belgium,2010,0.000,,
ESTAT:NRG_TI_GAS(1.0),24/03/26 23:00:00,Annual,Liquefied natural gas,Russia,Million cubic metres,Belgium,2011,0.000,,
ESTAT:NRG_TI_GAS(1.0),24/03/26 23:00:00,Annual,Liquefied natural gas,Russia,Million cubic metres,Belgium,2012,0.000,,
ESTAT:NRG_TI_GAS(1.0),24/03/26 23:00:00,Annual,Liquefied natural gas,Russia,Million cubic metres,Belgium,2013,0.000,,
ESTAT:NRG_TI_GAS(1.0),24/03/26 23:00:00,Annual,Liquefied natural gas,Russia,Million cubic metres,Belgium,2014,0.000,,
ESTAT:NRG_TI_GAS(1.0),24/03/26 23:00:00,Annual,Liquefied natural gas,Russia,Million cubic metres,Belgium,2015,0.000,,
ESTAT:NRG_TI_GAS(1.0),24/03/26 23:00:00,Annual,Liquefied natural gas,Russia,Million cubic metres,Belgium,2016,0.000,,
ESTAT:NRG_TI_GAS(1.0),24/03/26 23:00:00,Annual,Liquefied natural gas,Russia,Million cubic metres,Belgium,2017,0.000,,
ESTAT:NRG_TI_GAS(1.0),24/03/26 23:00:00,Annual,Liquefied natural gas,Russia,Million cubic metres,Belgium,2018,328.300,,
ESTAT:NRG_TI_GAS(1.0),24/03/26 23:00:00,Annual,Liquefied natural gas,Russia,Million cubic metres,Belgium,2019,1901.100,,
ESTAT:NRG_TI_GAS(1.0),24/03/26 23:00:00,Annual,Liquefied natural gas,Russia,Million cubic metres,Belgium,2020,1411.500,,
ESTAT:NRG_TI_GAS(1.0),24/03/26 23:00:00,Annual,Liquefied natural gas,Russia,Million cubic metres,Belgium,2021,1340.300,,
ESTAT:NRG_TI_GAS(1.0),24/03/26 23:00:00,Annual,Liquefied natural gas,Russia,Million cubic metres,Belgium,2022,2733.000,,
ESTAT:NRG_TI_GAS(1.0),24/03/26 23:00:00,Annual,Liquefied natural gas,Russia,Million cubic metres,Belgium,2023,4006.100,,
ESTAT:NRG_TI_GAS(1.0),24/03/26 23:00:00,Annual,Liquefied natural gas,Russia,Million cubic metres,Belgium,2024,3444.700,,
ESTAT:NRG_TI_GAS(1.0),24/03/26 23:00:00,Annual,Liquefied natural gas,Russia,Million cubic metres,Bulgaria,1990,0.000,,
ESTAT:NRG_TI_GAS(1.0),24/03/26 23:00:00,Annual,Liquefied natural gas,Russia,Million cubic metres,Bulgaria,1991,0.000,,
ESTAT:NRG_TI_GAS(1.0),24/03/26 23:00:00,Annual,Liquefied natural gas,Russia,Million cubic metres,Bulgaria,1992,0.000,,
ESTAT:NRG_TI_GAS(1.0),24/03/26 23:00:00,Annual,Liquefied natural gas,Russia,Million cubic metres,Bulgaria,1993,0.000,,
ESTAT:NRG_TI_GAS(1.0),24/03/26 23:00:00,Annual,Liquefied natural gas,Russia,Million cubic metres,Bulgaria,1994,0.000,,
ESTAT:NRG_TI_GAS(1.0),24/03/26 23:00:00,Annual,Liquefied natural gas,Russia,Million cubic metres,Bulgaria,1995,0.000,,
ESTAT:NRG_TI_GAS(1.0),24/03/26 23:00:00,Annual,Liquefied natural gas,Russia,Million cubic metres,Bulgaria,1996,0.000,,
ESTAT:NRG_TI_GAS(1.0),24/03/26 23:00:00,Annual,Liquefied natural gas,Russia,Million cubic metres,Bulgaria,1997,0.000,,
ESTAT:NRG_TI_GAS(1.0),24/03/26 23:00:00,Annual,Liquefied natural gas,Russia,Million cubic metres,Bulgaria,1998,0.000,,
ESTAT:NRG_TI_GAS(1.0),24/03/26 23:00:00,Annual,Liquefied natural gas,Russia,Million cubic metres,Bulgaria,1999,0.000,,
ESTAT:NRG_TI_GAS(1.0),24/03/26 23:00:00,Annual,Liquefied natural gas,Russia,Million cubic metres,Bulgaria,2000,0.000,,
ESTAT:NRG_TI_GAS(1.0),24/03/26 23:00:00,Annual,Liquefied natural gas,Russia,Million cubic metres,Bulgaria,2001,0.000,,
ESTAT:NRG_TI_GAS(1.0),24/03/26 23:00:00,Annual,Liquefied natural gas,Russia,Million cubic metres,Bulgaria,2002,0.000,,
ESTAT:NRG_TI_GAS(1.0),24/03/26 23:00:00,Annual,Liquefied natural gas,Russia,Million cubic metres,Bulgaria,2003,0.000,,
ESTAT:NRG_TI_GAS(1.0),24/03/26 23:00:00,Annual,Liquefied natural gas,Russia,Million cubic metres,Bulgaria,2004,0.000,,
ESTAT:NRG_TI_GAS(1.0),24/03/26 23:00:00,Annual,Liquefied natural gas,Russia,Million cubic metres,Bulgaria,2005,0.000,,
ESTAT:NRG_TI_GAS(1.0),24/03/26 23:00:00,Annual,Liquefied natural gas,Russia,Million cubic metres,Bulgaria,2006,0.000,,
ESTAT:NRG_TI_GAS(1.0),24/03/26 23:00:00,Annual,Liquefied natural gas,Russia,Million cubic metres,Bulgaria,2007,0.000,,
ESTAT:NRG_TI_GAS(1.0),24/03/26 23:00:00,Annual,Liquefied natural gas,Russia,Million cubic metres,Bulgaria,2008,0.000,,
ESTAT:NRG_TI_GAS(1.0),24/03/26 23:00:00,Annual,Liquefied natural gas,Russia,Million cubic metres,Bulgaria,2009,0.000,,
ESTAT:NRG_TI_GAS(1.0),24/03/26 23:00:00,Annual,Liquefied natural gas,Russia,Million cubic metres,Bulgaria,2010,0.000,,
ESTAT:NRG_TI_GAS(1.0),24/03/26 23:00:00,Annual,Liquefied natural gas,Russia,Million cubic metres,Bulgaria,2011,0.000,,
ESTAT:NRG_TI_GAS(1.0),24/03/26 23:00:00,Annual,Liquefied natural gas,Russia,Million cubic metres,Bulgaria,2012,0.000,,
ESTAT:NRG_TI_GAS(1.0),24/03/26 23:00:00,Annual,Liquefied natural gas,Russia,Million cubic metres,Bulgaria,2013,0.000,,
ESTAT:NRG_TI_GAS(1.0),24/03/26 23:00:00,Annual,Liquefied natural gas,Russia,Million cubic metres,Bulgaria,2014,0.000,,
ESTAT:NRG_TI_GAS(1.0),24/03/26 23:00:00,Annual,Liquefied natural gas,Russia,Million cubic metres,Bulgaria,2015,0.000,,
ESTAT:NRG_TI_GAS(1.0),24/03/26 23:00:00,Annual,Liquefied natural gas,Russia,Million cubic metres,Bulgaria,2016,0.000,,
ESTAT:NRG_TI_GAS(1.0),24/03/26 23:00:00,Annual,Liquefied natural gas,Russia,Million cubic metres,Bulgaria,2017,0.000,,
ESTAT:NRG_TI_GAS(1.0),24/03/26 23:00:00,Annual,Liquefied natural gas,Russia,Million cubic metres,Bulgaria,2018,0.000,,
ESTAT:NRG_TI_GAS(1.0),24/03/26 23:00:00,Annual,Liquefied natural gas,Russia,Million cubic metres,Bulgaria,2019,0.000,,
ESTAT:NRG_TI_GAS(1.0),24/03/26 23:00:00,Annual,Liquefied natural gas,Russia,Million cubic metres,Bulgaria,2020,0.000,,
ESTAT:NRG_TI_GAS(1.0),24/03/26 23:00:00,Annual,Liquefied natural gas,Russia,Million cubic metres,Bulgaria,2021,0.000,,
ESTAT:NRG_TI_GAS(1.0),24/03/26 23:00:00,Annual,Liquefied natural gas,Russia,Million cubic metres,Bulgaria,2022,0.000,,
ESTAT:NRG_TI_GAS(1.0),24/03/26 23:00:00,Annual,Liquefied natural gas,Russia,Million cubic metres,Bulgaria,2023,0.000,,
ESTAT:NRG_TI_GAS(1.0),24/03/26 23:00:00,Annual,Liquefied natural gas,Russia,Million cubic metres,Bulgaria,2024,0.000,,
ESTAT:NRG_TI_GAS(1.0),24/03/26 23:00:00,Annual,Liquefied natural gas,Russia,Million cubic metres,Cyprus,1990,0.000,,
ESTAT:NRG_TI_GAS(1.0),24/03/26 23:00:00,Annual,Liquefied natural gas,Russia,Million cubic metres,Cyprus,1991,0.000,,
ESTAT:NRG_TI_GAS(1.0),24/03/26 23:00:00,Annual,Liquefied natural gas,Russia,Million cubic metres,Cyprus,1992,0.000,,
ESTAT:NRG_TI_GAS(1.0),24/03/26 23:00:00,Annual,Liquefied natural gas,Russia,Million cubic metres,Cyprus,1993,0.000,,
ESTAT:NRG_TI_GAS(1.0),24/03/26 23:00:00,Annual,Liquefied natural gas,Russia,Million cubic metres,Cyprus,1994,0.000,,
ESTAT:NRG_TI_GAS(1.0),24/03/26 23:00:00,Annual,Liquefied natural gas,Russia,Million cubic metres,Cyprus,1995,0.000,,
ESTAT:NRG_TI_GAS(1.0),24/03/26 23:00:00,Annual,Liquefied natural gas,Russia,Million cubic metres,Cyprus,1996,0.000,,
ESTAT:NRG_TI_GAS(1.0),24/03/26 23:00:00,Annual,Liquefied natural gas,Russia,Million cubic metres,Cyprus,1997,0.000,,
ESTAT:NRG_TI_GAS(1.0),24/03/26 23:00:00,Annual,Liquefied natural gas,Russia,Million cubic metres,Cyprus,1998,0.000,,
ESTAT:NRG_TI_GAS(1.0),24/03/26 23:00:00,Annual,Liquefied natural gas,Russia,Million cubic metres,Cyprus,1999,0.000,,
ESTAT:NRG_TI_GAS(1.0),24/03/26 23:00:00,Annual,Liquefied natural gas,Russia,Million cubic metres,Cyprus,2000,0.000,,
ESTAT:NRG_TI_GAS(1.0),24/03/26 23:00:00,Annual,Liquefied natural gas,Russia,Million cubic metres,Cyprus,2001,0.000,,
ESTAT:NRG_TI_GAS(1.0),24/03/26 23:00:00,Annual,Liquefied natural gas,Russia,Million cubic metres,Cyprus,2002,0.000,,
ESTAT:NRG_TI_GAS(1.0),24/03/26 23:00:00,Annual,Liquefied natural gas,Russia,Million cubic metres,Cyprus,2003,0.000,,
ESTAT:NRG_TI_GAS(1.0),24/03/26 23:00:00,Annual,Liquefied natural gas,Russia,Million cubic metres,Cyprus,2004,0.000,,
ESTAT:NRG_TI_GAS(1.0),24/03/26 23:00:00,Annual,Liquefied natural gas,Russia,Million cubic metres,Cyprus,2005,0.000,,
ESTAT:NRG_TI_GAS(1.0),24/03/26 23:00:00,Annual,Liquefied natural gas,Russia,Million cubic metres,Cyprus,2006,0.000,,
ESTAT:NRG_TI_GAS(1.0),24/03/26 23:00:00,Annual,Liquefied natural gas,Russia,Million cubic metres,Cyprus,2007,0.000,,
ESTAT:NRG_TI_GAS(1.0),24/03/26 23:00:00,Annual,Liquefied natural gas,Russia,Million cubic metres,Cyprus,2008,0.000,,
ESTAT:NRG_TI_GAS(1.0),24/03/26 23:00:00,Annual,Liquefied natural gas,Russia,Million cubic metres,Cyprus,2009,0.000,,
ESTAT:NRG_TI_GAS(1.0),24/03/26 23:00:00,Annual,Liquefied natural gas,Russia,Million cubic metres,Cyprus,2010,0.000,,
ESTAT:NRG_TI_GAS(1.0),24/03/26 23:00:00,Annual,Liquefied natural gas,Russia,Million cubic metres,Cyprus,2011,0.000,,
ESTAT:NRG_TI_GAS(1.0),24/03/26 23:00:00,Annual,Liquefied natural gas,Russia,Million cubic metres,Cyprus,2012,0.000,,
ESTAT:NRG_TI_GAS(1.0),24/03/26 23:00:00,Annual,Liquefied natural gas,Russia,Million cubic metres,Cyprus,2013,0.000,,
ESTAT:NRG_TI_GAS(1.0),24/03/26 23:00:00,Annual,Liquefied natural gas,Russia,Million cubic metres,Cyprus,2014,0.000,,
ESTAT:NRG_TI_GAS(1.0),24/03/26 23:00:00,Annual,Liquefied natural gas,Russia,Million cubic metres,Cyprus,2015,0.000,,
ESTAT:NRG_TI_GAS(1.0),24/03/26 23:00:00,Annual,Liquefied natural gas,Russia,Million cubic metres,Cyprus,2016,0.000,,
ESTAT:NRG_TI_GAS(1.0),24/03/26 23:00:00,Annual,Liquefied natural gas,Russia,Million cubic metres,Cyprus,2017,0.000,,
ESTAT:NRG_TI_GAS(1.0),24/03/26 23:00:00,Annual,Liquefied natural gas,Russia,Million cubic metres,Cyprus,2018,0.000,,
ESTAT:NRG_TI_GAS(1.0),24/03/26 23:00:00,Annual,Liquefied natural gas,Russia,Million cubic metres,Cyprus,2019,0.000,,
ESTAT:NRG_TI_GAS(1.0),24/03/26 23:00:00,Annual,Liquefied natural gas,Russia,Million cubic metres,Cyprus,2020,0.000,,
ESTAT:NRG_TI_GAS(1.0),24/03/26 23:00:00,Annual,Liquefied natural gas,Russia,Million cubic metres,Cyprus,2021,0.000,,
ESTAT:NRG_TI_GAS(1.0),24/03/26 23:00:00,Annual,Liquefied natural gas,Russia,Million cubic metres,Cyprus,2022,0.000,,
ESTAT:NRG_TI_GAS(1.0),24/03/26 23:00:00,Annual,Liquefied natural gas,Russia,Million cubic metres,Cyprus,2023,0.000,,
ESTAT:NRG_TI_GAS(1.0),24/03/26 23:00:00,Annual,Liquefied natural gas,Russia,Million cubic metres,Cyprus,2024,0.000,,
ESTAT:NRG_TI_GAS(1.0),24/03/26 23:00:00,Annual,Liquefied natural gas,Russia,Million cubic metres,Czechia,1990,0.000,,
ESTAT:NRG_TI_GAS(1.0),24/03/26 23:00:00,Annual,Liquefied natural gas,Russia,Million cubic metres,Czechia,1991,0.000,,
ESTAT:NRG_TI_GAS(1.0),24/03/26 23:00:00,Annual,Liquefied natural gas,Russia,Million cubic metres,Czechia,1992,0.000,,
ESTAT:NRG_TI_GAS(1.0),24/03/26 23:00:00,Annual,Liquefied natural gas,Russia,Million cubic metres,Czechia,1993,0.000,,
ESTAT:NRG_TI_GAS(1.0),24/03/26 23:00:00,Annual,Liquefied natural gas,Russia,Million cubic metres,Czechia,1994,0.000,,
ESTAT:NRG_TI_GAS(1.0),24/03/26 23:00:00,Annual,Liquefied natural gas,Russia,Million cubic metres,Czechia,1995,0.000,,
ESTAT:NRG_TI_GAS(1.0),24/03/26 23:00:00,Annual,Liquefied natural gas,Russia,Million cubic metres,Czechia,1996,0.000,,
ESTAT:NRG_TI_GAS(1.0),24/03/26 23:00:00,Annual,Liquefied natural gas,Russia,Million cubic metres,Czechia,1997,0.000,,
ESTAT:NRG_TI_GAS(1.0),24/03/26 23:00:00,Annual,Liquefied natural gas,Russia,Million cubic metres,Czechia,1998,0.000,,
ESTAT:NRG_TI_GAS(1.0),24/03/26 23:00:00,Annual,Liquefied natural gas,Russia,Million cubic metres,Czechia,1999,0.000,,
ESTAT:NRG_TI_GAS(1.0),24/03/26 23:00:00,Annual,Liquefied natural gas,Russia,Million cubic metres,Czechia,2000,0.000,,
ESTAT:NRG_TI_GAS(1.0),24/03/26 23:00:00,Annual,Liquefied natural gas,Russia,Million cubic metres,Czechia,2001,0.000,,
ESTAT:NRG_TI_GAS(1.0),24/03/26 23:00:00,Annual,Liquefied natural gas,Russia,Million cubic metres,Czechia,2002,0.000,,
ESTAT:NRG_TI_GAS(1.0),24/03/26 23:00:00,Annual,Liquefied natural gas,Russia,Million cubic metres,Czechia,2003,0.000,,
ESTAT:NRG_TI_GAS(1.0),24/03/26 23:00:00,Annual,Liquefied natural gas,Russia,Million cubic metres,Czechia,2004,0.000,,
ESTAT:NRG_TI_GAS(1.0),24/03/26 23:00:00,Annual,Liquefied natural gas,Russia,Million cubic metres,Czechia,2005,0.000,,
ESTAT:NRG_TI_GAS(1.0),24/03/26 23:00:00,Annual,Liquefied natural gas,Russia,Million cubic metres,Czechia,2006,0.000,,
ESTAT:NRG_TI_GAS(1.0),24/03/26 23:00:00,Annual,Liquefied natural gas,Russia,Million cubic metres,Czechia,2007,0.000,,
ESTAT:NRG_TI_GAS(1.0),24/03/26 23:00:00,Annual,Liquefied natural gas,Russia,Million cubic metres,Czechia,2008,0.000,,
ESTAT:NRG_TI_GAS(1.0),24/03/26 23:00:00,Annual,Liquefied natural gas,Russia,Million cubic metres,Czechia,2009,0.000,,
ESTAT:NRG_TI_GAS(1.0),24/03/26 23:00:00,Annual,Liquefied natural gas,Russia,Million cubic metres,Czechia,2010,0.000,,
ESTAT:NRG_TI_GAS(1.0),24/03/26 23:00:00,Annual,Liquefied natural gas,Russia,Million cubic metres,Czechia,2011,0.000,,
ESTAT:NRG_TI_GAS(1.0),24/03/26 23:00:00,Annual,Liquefied natural gas,Russia,Million cubic metres,Czechia,2012,0.000,,
ESTAT:NRG_TI_GAS(1.0),24/03/26 23:00:00,Annual,Liquefied natural gas,Russia,Million cubic metres,Czechia,2013,0.000,,
ESTAT:NRG_TI_GAS(1.0),24/03/26 23:00:00,Annual,Liquefied natural gas,Russia,Million cubic metres,Czechia,2014,0.000,,
ESTAT:NRG_TI_GAS(1.0),24/03/26 23:00:00,Annual,Liquefied natural gas,Russia,Million cubic metres,Czechia,2015,0.000,,
ESTAT:NRG_TI_GAS(1.0),24/03/26 23:00:00,Annual,Liquefied natural gas,Russia,Million cubic metres,Czechia,2016,0.000,,
ESTAT:NRG_TI_GAS(1.0),24/03/26 23:00:00,Annual,Liquefied natural gas,Russia,Million cubic metres,Czechia,2017,0.000,,
ESTAT:NRG_TI_GAS(1.0),24/03/26 23:00:00,Annual,Liquefied natural gas,Russia,Million cubic metres,Czechia,2018,0.000,,
ESTAT:NRG_TI_GAS(1.0),24/03/26 23:00:00,Annual,Liquefied natural gas,Russia,Million cubic metres,Czechia,2019,0.000,,
ESTAT:NRG_TI_GAS(1.0),24/03/26 23:00:00,Annual,Liquefied natural gas,Russia,Million cubic metres,Czechia,2020,0.000,,
ESTAT:NRG_TI_GAS(1.0),24/03/26 23:00:00,Annual,Liquefied natural gas,Russia,Million cubic metres,Czechia,2021,0.000,,
ESTAT:NRG_TI_GAS(1.0),24/03/26 23:00:00,Annual,Liquefied natural gas,Russia,Million cubic metres,Czechia,2022,0.000,,
ESTAT:NRG_TI_GAS(1.0),24/03/26 23:00:00,Annual,Liquefied natural gas,Russia,Million cubic metres,Czechia,2023,0.000,,
ESTAT:NRG_TI_GAS(1.0),24/03/26 23:00:00,Annual,Liquefied natural gas,Russia,Million cubic metres,Czechia,2024,0.000,,
ESTAT:NRG_TI_GAS(1.0),24/03/26 23:00:00,Annual,Liquefied natural gas,Russia,Million cubic metres,Germany,1990,0.000,,
ESTAT:NRG_TI_GAS(1.0),24/03/26 23:00:00,Annual,Liquefied natural gas,Russia,Million cubic metres,Germany,1991,0.000,,
ESTAT:NRG_TI_GAS(1.0),24/03/26 23:00:00,Annual,Liquefied natural gas,Russia,Million cubic metres,Germany,1992,0.000,,
ESTAT:NRG_TI_GAS(1.0),24/03/26 23:00:00,Annual,Liquefied natural gas,Russia,Million cubic metres,Germany,1993,0.000,,
ESTAT:NRG_TI_GAS(1.0),24/03/26 23:00:00,Annual,Liquefied natural gas,Russia,Million cubic metres,Germany,1994,0.000,,
ESTAT:NRG_TI_GAS(1.0),24/03/26 23:00:00,Annual,Liquefied natural gas,Russia,Million cubic metres,Germany,1995,0.000,,
ESTAT:NRG_TI_GAS(1.0),24/03/26 23:00:00,Annual,Liquefied natural gas,Russia,Million cubic metres,Germany,1996,0.000,,
ESTAT:NRG_TI_GAS(1.0),24/03/26 23:00:00,Annual,Liquefied natural gas,Russia,Million cubic metres,Germany,1997,0.000,,
ESTAT:NRG_TI_GAS(1.0),24/03/26 23:00:00,Annual,Liquefied natural gas,Russia,Million cubic metres,Germany,1998,0.000,,
ESTAT:NRG_TI_GAS(1.0),24/03/26 23:00:00,Annual,Liquefied natural gas,Russia,Million cubic metres,Germany,1999,0.000,,
ESTAT:NRG_TI_GAS(1.0),24/03/26 23:00:00,Annual,Liquefied natural gas,Russia,Million cubic metres,Germany,2000,0.000,,
ESTAT:NRG_TI_GAS(1.0),24/03/26 23:00:00,Annual,Liquefied natural gas,Russia,Million cubic metres,Germany,2001,0.000,,
ESTAT:NRG_TI_GAS(1.0),24/03/26 23:00:00,Annual,Liquefied natural gas,Russia,Million cubic metres,Germany,2002,0.000,,
ESTAT:NRG_TI_GAS(1.0),24/03/26 23:00:00,Annual,Liquefied natural gas,Russia,Million cubic metres,Germany,2003,0.000,,
ESTAT:NRG_TI_GAS(1.0),24/03/26 23:00:00,Annual,Liquefied natural gas,Russia,Million cubic metres,Germany,2004,0.000,,
ESTAT:NRG_TI_GAS(1.0),24/03/26 23:00:00,Annual,Liquefied natural gas,Russia,Million cubic metres,Germany,2005,0.000,,
ESTAT:NRG_TI_GAS(1.0),24/03/26 23:00:00,Annual,Liquefied natural gas,Russia,Million cubic metres,Germany,2006,0.000,,
ESTAT:NRG_TI_GAS(1.0),24/03/26 23:00:00,Annual,Liquefied natural gas,Russia,Million cubic metres,Germany,2007,0.000,,
ESTAT:NRG_TI_GAS(1.0),24/03/26 23:00:00,Annual,Liquefied natural gas,Russia,Million cubic metres,Germany,2008,0.000,,
ESTAT:NRG_TI_GAS(1.0),24/03/26 23:00:00,Annual,Liquefied natural gas,Russia,Million cubic metres,Germany,2009,0.000,,
ESTAT:NRG_TI_GAS(1.0),24/03/26 23:00:00,Annual,Liquefied natural gas,Russia,Million cubic metres,Germany,2010,0.000,,
ESTAT:NRG_TI_GAS(1.0),24/03/26 23:00:00,Annual,Liquefied natural gas,Russia,Million cubic metres,Germany,2011,0.000,,
ESTAT:NRG_TI_GAS(1.0),24/03/26 23:00:00,Annual,Liquefied natural gas,Russia,Million cubic metres,Germany,2012,0.000,,
ESTAT:NRG_TI_GAS(1.0),24/03/26 23:00:00,Annual,Liquefied natural gas,Russia,Million cubic metres,Germany,2013,0.000,,
ESTAT:NRG_TI_GAS(1.0),24/03/26 23:00:00,Annual,Liquefied natural gas,Russia,Million cubic metres,Germany,2014,0.000,,
ESTAT:NRG_TI_GAS(1.0),24/03/26 23:00:00,Annual,Liquefied natural gas,Russia,Million cubic metres,Germany,2015,0.000,,
ESTAT:NRG_TI_GAS(1.0),24/03/26 23:00:00,Annual,Liquefied natural gas,Russia,Million cubic metres,Germany,2016,0.000,,
ESTAT:NRG_TI_GAS(1.0),24/03/26 23:00:00,Annual,Liquefied natural gas,Russia,Million cubic metres,Germany,2017,0.000,,
ESTAT:NRG_TI_GAS(1.0),24/03/26 23:00:00,Annual,Liquefied natural gas,Russia,Million cubic metres,Germany,2018,0.000,,
ESTAT:NRG_TI_GAS(1.0),24/03/26 23:00:00,Annual,Liquefied natural gas,Russia,Million cubic metres,Germany,2019,0.000,,
ESTAT:NRG_TI_GAS(1.0),24/03/26 23:00:00,Annual,Liquefied natural gas,Russia,Million cubic metres,Germany,2020,0.000,,
ESTAT:NRG_TI_GAS(1.0),24/03/26 23:00:00,Annual,Liquefied natural gas,Russia,Million cubic metres,Germany,2021,0.000,,
ESTAT:NRG_TI_GAS(1.0),24/03/26 23:00:00,Annual,Liquefied natural gas,Russia,Million cubic metres,Germany,2022,0.000,,
ESTAT:NRG_TI_GAS(1.0),24/03/26 23:00:00,Annual,Liquefied natural gas,Russia,Million cubic metres,Germany,2023,0.000,,
ESTAT:NRG_TI_GAS(1.0),24/03/26 23:00:00,Annual,Liquefied natural gas,Russia,Million cubic metres,Germany,2024,0.000,,
ESTAT:NRG_TI_GAS(1.0),24/03/26 23:00:00,Annual,Liquefied natural gas,Russia,Million cubic metres,Denmark,1990,0.000,,
ESTAT:NRG_TI_GAS(1.0),24/03/26 23:00:00,Annual,Liquefied natural gas,Russia,Million cubic metres,Denmark,1991,0.000,,
ESTAT:NRG_TI_GAS(1.0),24/03/26 23:00:00,Annual,Liquefied natural gas,Russia,Million cubic metres,Denmark,1992,0.000,,
ESTAT:NRG_TI_GAS(1.0),24/03/26 23:00:00,Annual,Liquefied natural gas,Russia,Million cubic metres,Denmark,1993,0.000,,
ESTAT:NRG_TI_GAS(1.0),24/03/26 23:00:00,Annual,Liquefied natural gas,Russia,Million cubic metres,Denmark,1994,0.000,,
ESTAT:NRG_TI_GAS(1.0),24/03/26 23:00:00,Annual,Liquefied natural gas,Russia,Million cubic metres,Denmark,1995,0.000,,
ESTAT:NRG_TI_GAS(1.0),24/03/26 23:00:00,Annual,Liquefied natural gas,Russia,Million cubic metres,Denmark,1996,0.000,,
ESTAT:NRG_TI_GAS(1.0),24/03/26 23:00:00,Annual,Liquefied natural gas,Russia,Million cubic metres,Denmark,1997,0.000,,
ESTAT:NRG_TI_GAS(1.0),24/03/26 23:00:00,Annual,Liquefied natural gas,Russia,Million cubic metres,Denmark,1998,0.000,,
ESTAT:NRG_TI_GAS(1.0),24/03/26 23:00:00,Annual,Liquefied natural gas,Russia,Million cubic metres,Denmark,1999,0.000,,
ESTAT:NRG_TI_GAS(1.0),24/03/26 23:00:00,Annual,Liquefied natural gas,Russia,Million cubic metres,Denmark,2000,0.000,,
ESTAT:NRG_TI_GAS(1.0),24/03/26 23:00:00,Annual,Liquefied natural gas,Russia,Million cubic metres,Denmark,2001,0.000,,
ESTAT:NRG_TI_GAS(1.0),24/03/26 23:00:00,Annual,Liquefied natural gas,Russia,Million cubic metres,Denmark,2002,0.000,,
ESTAT:NRG_TI_GAS(1.0),24/03/26 23:00:00,Annual,Liquefied natural gas,Russia,Million cubic metres,Denmark,2003,0.000,,
ESTAT:NRG_TI_GAS(1.0),24/03/26 23:00:00,Annual,Liquefied natural gas,Russia,Million cubic metres,Denmark,2004,0.000,,
ESTAT:NRG_TI_GAS(1.0),24/03/26 23:00:00,Annual,Liquefied natural gas,Russia,Million cubic metres,Denmark,2005,0.000,,
ESTAT:NRG_TI_GAS(1.0),24/03/26 23:00:00,Annual,Liquefied natural gas,Russia,Million cubic metres,Denmark,2006,0.000,,
ESTAT:NRG_TI_GAS(1.0),24/03/26 23:00:00,Annual,Liquefied natural gas,Russia,Million cubic metres,Denmark,2007,0.000,,
ESTAT:NRG_TI_GAS(1.0),24/03/26 23:00:00,Annual,Liquefied natural gas,Russia,Million cubic metres,Denmark,2008,0.000,,
ESTAT:NRG_TI_GAS(1.0),24/03/26 23:00:00,Annual,Liquefied natural gas,Russia,Million cubic metres,Denmark,2009,0.000,,
ESTAT:NRG_TI_GAS(1.0),24/03/26 23:00:00,Annual,Liquefied natural gas,Russia,Million cubic metres,Denmark,2010,0.000,,
ESTAT:NRG_TI_GAS(1.0),24/03/26 23:00:00,Annual,Liquefied natural gas,Russia,Million cubic metres,Denmark,2011,0.000,,
ESTAT:NRG_TI_GAS(1.0),24/03/26 23:00:00,Annual,Liquefied natural gas,Russia,Million cubic metres,Denmark,2012,0.000,,
ESTAT:NRG_TI_GAS(1.0),24/03/26 23:00:00,Annual,Liquefied natural gas,Russia,Million cubic metres,Denmark,2013,0.000,,
ESTAT:NRG_TI_GAS(1.0),24/03/26 23:00:00,Annual,Liquefied natural gas,Russia,Million cubic metres,Denmark,2014,0.000,,
ESTAT:NRG_TI_GAS(1.0),24/03/26 23:00:00,Annual,Liquefied natural gas,Russia,Million cubic metres,Denmark,2015,0.000,,
ESTAT:NRG_TI_GAS(1.0),24/03/26 23:00:00,Annual,Liquefied natural gas,Russia,Million cubic metres,Denmark,2016,0.000,,
ESTAT:NRG_TI_GAS(1.0),24/03/26 23:00:00,Annual,Liquefied natural gas,Russia,Million cubic metres,Denmark,2017,0.000,,
ESTAT:NRG_TI_GAS(1.0),24/03/26 23:00:00,Annual,Liquefied natural gas,Russia,Million cubic metres,Denmark,2018,0.000,,
ESTAT:NRG_TI_GAS(1.0),24/03/26 23:00:00,Annual,Liquefied natural gas,Russia,Million cubic metres,Denmark,2019,0.000,,
ESTAT:NRG_TI_GAS(1.0),24/03/26 23:00:00,Annual,Liquefied natural gas,Russia,Million cubic metres,Denmark,2020,0.000,,
ESTAT:NRG_TI_GAS(1.0),24/03/26 23:00:00,Annual,Liquefied natural gas,Russia,Million cubic metres,Denmark,2021,0.000,,
ESTAT:NRG_TI_GAS(1.0),24/03/26 23:00:00,Annual,Liquefied natural gas,Russia,Million cubic metres,Denmark,2022,0.000,,
ESTAT:NRG_TI_GAS(1.0),24/03/26 23:00:00,Annual,Liquefied natural gas,Russia,Million cubic metres,Denmark,2023,0.000,,
ESTAT:NRG_TI_GAS(1.0),24/03/26 23:00:00,Annual,Liquefied natural gas,Russia,Million cubic metres,Denmark,2024,0.000,,
ESTAT:NRG_TI_GAS(1.0),24/03/26 23:00:00,Annual,Liquefied natural gas,Russia,Million cubic metres,Euro area – 20 countries (2023-2025),1990,0.000,,
ESTAT:NRG_TI_GAS(1.0),24/03/26 23:00:00,Annual,Liquefied natural gas,Russia,Million cubic metres,Euro area – 20 countries (2023-2025),1991,0.000,,
ESTAT:NRG_TI_GAS(1.0),24/03/26 23:00:00,Annual,Liquefied natural gas,Russia,Million cubic metres,Euro area – 20 countries (2023-2025),1992,0.000,,
ESTAT:NRG_TI_GAS(1.0),24/03/26 23:00:00,Annual,Liquefied natural gas,Russia,Million cubic metres,Euro area – 20 countries (2023-2025),1993,0.000,,
ESTAT:NRG_TI_GAS(1.0),24/03/26 23:00:00,Annual,Liquefied natural gas,Russia,Million cubic metres,Euro area – 20 countries (2023-2025),1994,0.000,,
ESTAT:NRG_TI_GAS(1.0),24/03/26 23:00:00,Annual,Liquefied natural gas,Russia,Million cubic metres,Euro area – 20 countries (2023-2025),1995,0.000,,
ESTAT:NRG_TI_GAS(1.0),24/03/26 23:00:00,Annual,Liquefied natural gas,Russia,Million cubic metres,Euro area – 20 countries (2023-2025),1996,0.000,,
ESTAT:NRG_TI_GAS(1.0),24/03/26 23:00:00,Annual,Liquefied natural gas,Russia,Million cubic metres,Euro area – 20 countries (2023-2025),1997,0.000,,
ESTAT:NRG_TI_GAS(1.0),24/03/26 23:00:00,Annual,Liquefied natural gas,Russia,Million cubic metres,Euro area – 20 countries (2023-2025),1998,0.000,,
ESTAT:NRG_TI_GAS(1.0),24/03/26 23:00:00,Annual,Liquefied natural gas,Russia,Million cubic metres,Euro area – 20 countries (2023-2025),1999,0.000,,
ESTAT:NRG_TI_GAS(1.0),24/03/26 23:00:00,Annual,Liquefied natural gas,Russia,Million cubic metres,Euro area – 20 countries (2023-2025),2000,0.000,,
ESTAT:NRG_TI_GAS(1.0),24/03/26 23:00:00,Annual,Liquefied natural gas,Russia,Million cubic metres,Euro area – 20 countries (2023-2025),2001,0.000,,
ESTAT:NRG_TI_GAS(1.0),24/03/26 23:00:00,Annual,Liquefied natural gas,Russia,Million cubic metres,Euro area – 20 countries (2023-2025),2002,0.000,,
ESTAT:NRG_TI_GAS(1.0),24/03/26 23:00:00,Annual,Liquefied natural gas,Russia,Million cubic metres,Euro area – 20 countries (2023-2025),2003,0.000,,
ESTAT:NRG_TI_GAS(1.0),24/03/26 23:00:00,Annual,Liquefied natural gas,Russia,Million cubic metres,Euro area – 20 countries (2023-2025),2004,0.000,,
ESTAT:NRG_TI_GAS(1.0),24/03/26 23:00:00,Annual,Liquefied natural gas,Russia,Million cubic metres,Euro area – 20 countries (2023-2025),2005,0.000,,
ESTAT:NRG_TI_GAS(1.0),24/03/26 23:00:00,Annual,Liquefied natural gas,Russia,Million cubic metres,Euro area – 20 countries (2023-2025),2006,0.000,,
ESTAT:NRG_TI_GAS(1.0),24/03/26 23:00:00,Annual,Liquefied natural gas,Russia,Million cubic metres,Euro area – 20 countries (2023-2025),2007,0.000,,
ESTAT:NRG_TI_GAS(1.0),24/03/26 23:00:00,Annual,Liquefied natural gas,Russia,Million cubic metres,Euro area – 20 countries (2023-2025),2008,0.000,,
ESTAT:NRG_TI_GAS(1.0),24/03/26 23:00:00,Annual,Liquefied natural gas,Russia,Million cubic metres,Euro area – 20 countries (2023-2025),2009,0.000,,
ESTAT:NRG_TI_GAS(1.0),24/03/26 23:00:00,Annual,Liquefied natural gas,Russia,Million cubic metres,Euro area – 20 countries (2023-2025),2010,0.000,,
ESTAT:NRG_TI_GAS(1.0),24/03/26 23:00:00,Annual,Liquefied natural gas,Russia,Million cubic metres,Euro area – 20 countries (2023-2025),2011,0.000,,
ESTAT:NRG_TI_GAS(1.0),24/03/26 23:00:00,Annual,Liquefied natural gas,Russia,Million cubic metres,Euro area – 20 countries (2023-2025),2012,0.000,,
ESTAT:NRG_TI_GAS(1.0),24/03/26 23:00:00,Annual,Liquefied natural gas,Russia,Million cubic metres,Euro area – 20 countries (2023-2025),2013,0.000,,
ESTAT:NRG_TI_GAS(1.0),24/03/26 23:00:00,Annual,Liquefied natural gas,Russia,Million cubic metres,Euro area – 20 countries (2023-2025),2014,0.000,,
ESTAT:NRG_TI_GAS(1.0),24/03/26 23:00:00,Annual,Liquefied natural gas,Russia,Million cubic metres,Euro area – 20 countries (2023-2025),2015,0.000,,
ESTAT:NRG_TI_GAS(1.0),24/03/26 23:00:00,Annual,Liquefied natural gas,Russia,Million cubic metres,Euro area – 20 countries (2023-2025),2016,0.000,,
ESTAT:NRG_TI_GAS(1.0),24/03/26 23:00:00,Annual,Liquefied natural gas,Russia,Million cubic metres,Euro area – 20 countries (2023-2025),2017,10.000,,
ESTAT:NRG_TI_GAS(1.0),24/03/26 23:00:00,Annual,Liquefied natural gas,Russia,Million cubic metres,Euro area – 20 countries (2023-2025),2018,3683.850,,
ESTAT:NRG_TI_GAS(1.0),24/03/26 23:00:00,Annual,Liquefied natural gas,Russia,Million cubic metres,Euro area – 20 countries (2023-2025),2019,13998.021,,
ESTAT:NRG_TI_GAS(1.0),24/03/26 23:00:00,Annual,Liquefied natural gas,Russia,Million cubic metres,Euro area – 20 countries (2023-2025),2020,12471.184,,
ESTAT:NRG_TI_GAS(1.0),24/03/26 23:00:00,Annual,Liquefied natural gas,Russia,Million cubic metres,Euro area – 20 countries (2023-2025),2021,11824.199,,
ESTAT:NRG_TI_GAS(1.0),24/03/26 23:00:00,Annual,Liquefied natural gas,Russia,Million cubic metres,Euro area – 20 countries (2023-2025),2022,16978.161,,
ESTAT:NRG_TI_GAS(1.0),24/03/26 23:00:00,Annual,Liquefied natural gas,Russia,Million cubic metres,Euro area – 20 countries (2023-2025),2023,19060.442,,
ESTAT:NRG_TI_GAS(1.0),24/03/26 23:00:00,Annual,Liquefied natural gas,Russia,Million cubic metres,Euro area – 20 countries (2023-2025),2024,19986.885,,
ESTAT:NRG_TI_GAS(1.0),24/03/26 23:00:00,Annual,Liquefied natural gas,Russia,Million cubic metres,Euro area – 21 countries (from 2026),1990,0,,
ESTAT:NRG_TI_GAS(1.0),24/03/26 23:00:00,Annual,Liquefied natural gas,Russia,Million cubic metres,Euro area – 21 countries (from 2026),1991,0,,
ESTAT:NRG_TI_GAS(1.0),24/03/26 23:00:00,Annual,Liquefied natural gas,Russia,Million cubic metres,Euro area – 21 countries (from 2026),1992,0,,
ESTAT:NRG_TI_GAS(1.0),24/03/26 23:00:00,Annual,Liquefied natural gas,Russia,Million cubic metres,Euro area – 21 countries (from 2026),1993,0,,
ESTAT:NRG_TI_GAS(1.0),24/03/26 23:00:00,Annual,Liquefied natural gas,Russia,Million cubic metres,Euro area – 21 countries (from 2026),1994,0,,
ESTAT:NRG_TI_GAS(1.0),24/03/26 23:00:00,Annual,Liquefied natural gas,Russia,Million cubic metres,Euro area – 21 countries (from 2026),1995,0,,
ESTAT:NRG_TI_GAS(1.0),24/03/26 23:00:00,Annual,Liquefied natural gas,Russia,Million cubic metres,Euro area – 21 countries (from 2026),1996,0,,
ESTAT:NRG_TI_GAS(1.0),24/03/26 23:00:00,Annual,Liquefied natural gas,Russia,Million cubic metres,Euro area – 21 countries (from 2026),1997,0,,
ESTAT:NRG_TI_GAS(1.0),24/03/26 23:00:00,Annual,Liquefied natural gas,Russia,Million cubic metres,Euro area – 21 countries (from 2026),1998,0,,
ESTAT:NRG_TI_GAS(1.0),24/03/26 23:00:00,Annual,Liquefied natural gas,Russia,Million cubic metres,Euro area – 21 countries (from 2026),1999,0,,
ESTAT:NRG_TI_GAS(1.0),24/03/26 23:00:00,Annual,Liquefied natural gas,Russia,Million cubic metres,Euro area – 21 countries (from 2026),2000,0,,
ESTAT:NRG_TI_GAS(1.0),24/03/26 23:00:00,Annual,Liquefied natural gas,Russia,Million cubic metres,Euro area – 21 countries (from 2026),2001,0,,
ESTAT:NRG_TI_GAS(1.0),24/03/26 23:00:00,Annual,Liquefied natural gas,Russia,Million cubic metres,Euro area – 21 countries (from 2026),2002,0,,
ESTAT:NRG_TI_GAS(1.0),24/03/26 23:00:00,Annual,Liquefied natural gas,Russia,Million cubic metres,Euro area – 21 countries (from 2026),2003,0,,
ESTAT:NRG_TI_GAS(1.0),24/03/26 23:00:00,Annual,Liquefied natural gas,Russia,Million cubic metres,Euro area – 21 countries (from 2026),2004,0,,
ESTAT:NRG_TI_GAS(1.0),24/03/26 23:00:00,Annual,Liquefied natural gas,Russia,Million cubic metres,Euro area – 21 countries (from 2026),2005,0,,
ESTAT:NRG_TI_GAS(1.0),24/03/26 23:00:00,Annual,Liquefied natural gas,Russia,Million cubic metres,Euro area – 21 countries (from 2026),2006,0,,
ESTAT:NRG_TI_GAS(1.0),24/03/26 23:00:00,Annual,Liquefied natural gas,Russia,Million cubic metres,Euro area – 21 countries (from 2026),2007,0,,
ESTAT:NRG_TI_GAS(1.0),24/03/26 23:00:00,Annual,Liquefied natural gas,Russia,Million cubic metres,Euro area – 21 countries (from 2026),2008,0,,
ESTAT:NRG_TI_GAS(1.0),24/03/26 23:00:00,Annual,Liquefied natural gas,Russia,Million cubic metres,Euro area – 21 countries (from 2026),2009,0,,
ESTAT:NRG_TI_GAS(1.0),24/03/26 23:00:00,Annual,Liquefied natural gas,Russia,Million cubic metres,Euro area – 21 countries (from 2026),2010,0,,
ESTAT:NRG_TI_GAS(1.0),24/03/26 23:00:00,Annual,Liquefied natural gas,Russia,Million cubic metres,Euro area – 21 countries (from 2026),2011,0,,
ESTAT:NRG_TI_GAS(1.0),24/03/26 23:00:00,Annual,Liquefied natural gas,Russia,Million cubic metres,Euro area – 21 countries (from 2026),2012,0,,
ESTAT:NRG_TI_GAS(1.0),24/03/26 23:00:00,Annual,Liquefied natural gas,Russia,Million cubic metres,Euro area – 21 countries (from 2026),2013,0,,
ESTAT:NRG_TI_GAS(1.0),24/03/26 23:00:00,Annual,Liquefied natural gas,Russia,Million cubic metres,Euro area – 21 countries (from 2026),2014,0,,
ESTAT:NRG_TI_GAS(1.0),24/03/26 23:00:00,Annual,Liquefied natural gas,Russia,Million cubic metres,Euro area – 21 countries (from 2026),2015,0,,
ESTAT:NRG_TI_GAS(1.0),24/03/26 23:00:00,Annual,Liquefied natural gas,Russia,Million cubic metres,Euro area – 21 countries (from 2026),2016,0,,
ESTAT:NRG_TI_GAS(1.0),24/03/26 23:00:00,Annual,Liquefied natural gas,Russia,Million cubic metres,Euro area – 21 countries (from 2026),2017,10,,
ESTAT:NRG_TI_GAS(1.0),24/03/26 23:00:00,Annual,Liquefied natural gas,Russia,Million cubic metres,Euro area – 21 countries (from 2026),2018,3683.85,,
ESTAT:NRG_TI_GAS(1.0),24/03/26 23:00:00,Annual,Liquefied natural gas,Russia,Million cubic metres,Euro area – 21 countries (from 2026),2019,13998.021,,
ESTAT:NRG_TI_GAS(1.0),24/03/26 23:00:00,Annual,Liquefied natural gas,Russia,Million cubic metres,Euro area – 21 countries (from 2026),2020,12471.184,,
ESTAT:NRG_TI_GAS(1.0),24/03/26 23:00:00,Annual,Liquefied natural gas,Russia,Million cubic metres,Euro area – 21 countries (from 2026),2021,11824.199,,
ESTAT:NRG_TI_GAS(1.0),24/03/26 23:00:00,Annual,Liquefied natural gas,Russia,Million cubic metres,Euro area – 21 countries (from 2026),2022,16978.161,,
ESTAT:NRG_TI_GAS(1.0),24/03/26 23:00:00,Annual,Liquefied natural gas,Russia,Million cubic metres,Euro area – 21 countries (from 2026),2023,19060.442,,
ESTAT:NRG_TI_GAS(1.0),24/03/26 23:00:00,Annual,Liquefied natural gas,Russia,Million cubic metres,Euro area – 21 countries (from 2026),2024,19986.885,,
ESTAT:NRG_TI_GAS(1.0),24/03/26 23:00:00,Annual,Liquefied natural gas,Russia,Million cubic metres,Estonia,1990,0.000,,
ESTAT:NRG_TI_GAS(1.0),24/03/26 23:00:00,Annual,Liquefied natural gas,Russia,Million cubic metres,Estonia,1991,0.000,,
ESTAT:NRG_TI_GAS(1.0),24/03/26 23:00:00,Annual,Liquefied natural gas,Russia,Million cubic metres,Estonia,1992,0.000,,
ESTAT:NRG_TI_GAS(1.0),24/03/26 23:00:00,Annual,Liquefied natural gas,Russia,Million cubic metres,Estonia,1993,0.000,,
ESTAT:NRG_TI_GAS(1.0),24/03/26 23:00:00,Annual,Liquefied natural gas,Russia,Million cubic metres,Estonia,1994,0.000,,
ESTAT:NRG_TI_GAS(1.0),24/03/26 23:00:00,Annual,Liquefied natural gas,Russia,Million cubic metres,Estonia,1995,0.000,,
ESTAT:NRG_TI_GAS(1.0),24/03/26 23:00:00,Annual,Liquefied natural gas,Russia,Million cubic metres,Estonia,1996,0.000,,
ESTAT:NRG_TI_GAS(1.0),24/03/26 23:00:00,Annual,Liquefied natural gas,Russia,Million cubic metres,Estonia,1997,0.000,,
ESTAT:NRG_TI_GAS(1.0),24/03/26 23:00:00,Annual,Liquefied natural gas,Russia,Million cubic metres,Estonia,1998,0.000,,
ESTAT:NRG_TI_GAS(1.0),24/03/26 23:00:00,Annual,Liquefied natural gas,Russia,Million cubic metres,Estonia,1999,0.000,,
ESTAT:NRG_TI_GAS(1.0),24/03/26 23:00:00,Annual,Liquefied natural gas,Russia,Million cubic metres,Estonia,2000,0.000,,
ESTAT:NRG_TI_GAS(1.0),24/03/26 23:00:00,Annual,Liquefied natural gas,Russia,Million cubic metres,Estonia,2001,0.000,,
ESTAT:NRG_TI_GAS(1.0),24/03/26 23:00:00,Annual,Liquefied natural gas,Russia,Million cubic metres,Estonia,2002,0.000,,
ESTAT:NRG_TI_GAS(1.0),24/03/26 23:00:00,Annual,Liquefied natural gas,Russia,Million cubic metres,Estonia,2003,0.000,,
ESTAT:NRG_TI_GAS(1.0),24/03/26 23:00:00,Annual,Liquefied natural gas,Russia,Million cubic metres,Estonia,2004,0.000,,
ESTAT:NRG_TI_GAS(1.0),24/03/26 23:00:00,Annual,Liquefied natural gas,Russia,Million cubic metres,Estonia,2005,0.000,,
ESTAT:NRG_TI_GAS(1.0),24/03/26 23:00:00,Annual,Liquefied natural gas,Russia,Million cubic metres,Estonia,2006,0.000,,
ESTAT:NRG_TI_GAS(1.0),24/03/26 23:00:00,Annual,Liquefied natural gas,Russia,Million cubic metres,Estonia,2007,0.000,,
ESTAT:NRG_TI_GAS(1.0),24/03/26 23:00:00,Annual,Liquefied natural gas,Russia,Million cubic metres,Estonia,2008,0.000,,
ESTAT:NRG_TI_GAS(1.0),24/03/26 23:00:00,Annual,Liquefied natural gas,Russia,Million cubic metres,Estonia,2009,0.000,,
ESTAT:NRG_TI_GAS(1.0),24/03/26 23:00:00,Annual,Liquefied natural gas,Russia,Million cubic metres,Estonia,2010,0.000,,
ESTAT:NRG_TI_GAS(1.0),24/03/26 23:00:00,Annual,Liquefied natural gas,Russia,Million cubic metres,Estonia,2011,0.000,,
ESTAT:NRG_TI_GAS(1.0),24/03/26 23:00:00,Annual,Liquefied natural gas,Russia,Million cubic metres,Estonia,2012,0.000,,
ESTAT:NRG_TI_GAS(1.0),24/03/26 23:00:00,Annual,Liquefied natural gas,Russia,Million cubic metres,Estonia,2013,0.000,,
ESTAT:NRG_TI_GAS(1.0),24/03/26 23:00:00,Annual,Liquefied natural gas,Russia,Million cubic metres,Estonia,2014,0.000,,
ESTAT:NRG_TI_GAS(1.0),24/03/26 23:00:00,Annual,Liquefied natural gas,Russia,Million cubic metres,Estonia,2015,0.000,,
ESTAT:NRG_TI_GAS(1.0),24/03/26 23:00:00,Annual,Liquefied natural gas,Russia,Million cubic metres,Estonia,2016,0.000,,
ESTAT:NRG_TI_GAS(1.0),24/03/26 23:00:00,Annual,Liquefied natural gas,Russia,Million cubic metres,Estonia,2017,10.000,,
ESTAT:NRG_TI_GAS(1.0),24/03/26 23:00:00,Annual,Liquefied natural gas,Russia,Million cubic metres,Estonia,2018,19.000,,
ESTAT:NRG_TI_GAS(1.0),24/03/26 23:00:00,Annual,Liquefied natural gas,Russia,Million cubic metres,Estonia,2019,20.000,,
ESTAT:NRG_TI_GAS(1.0),24/03/26 23:00:00,Annual,Liquefied natural gas,Russia,Million cubic metres,Estonia,2020,26.000,,
ESTAT:NRG_TI_GAS(1.0),24/03/26 23:00:00,Annual,Liquefied natural gas,Russia,Million cubic metres,Estonia,2021,28.750,,
ESTAT:NRG_TI_GAS(1.0),24/03/26 23:00:00,Annual,Liquefied natural gas,Russia,Million cubic metres,Estonia,2022,0.000,,
ESTAT:NRG_TI_GAS(1.0),24/03/26 23:00:00,Annual,Liquefied natural gas,Russia,Million cubic metres,Estonia,2023,0.000,,
ESTAT:NRG_TI_GAS(1.0),24/03/26 23:00:00,Annual,Liquefied natural gas,Russia,Million cubic metres,Estonia,2024,0.000,,
ESTAT:NRG_TI_GAS(1.0),24/03/26 23:00:00,Annual,Liquefied natural gas,Russia,Million cubic metres,Greece,1990,0.000,,
ESTAT:NRG_TI_GAS(1.0),24/03/26 23:00:00,Annual,Liquefied natural gas,Russia,Million cubic metres,Greece,1991,0.000,,
ESTAT:NRG_TI_GAS(1.0),24/03/26 23:00:00,Annual,Liquefied natural gas,Russia,Million cubic metres,Greece,1992,0.000,,
ESTAT:NRG_TI_GAS(1.0),24/03/26 23:00:00,Annual,Liquefied natural gas,Russia,Million cubic metres,Greece,1993,0.000,,
ESTAT:NRG_TI_GAS(1.0),24/03/26 23:00:00,Annual,Liquefied natural gas,Russia,Million cubic metres,Greece,1994,0.000,,
ESTAT:NRG_TI_GAS(1.0),24/03/26 23:00:00,Annual,Liquefied natural gas,Russia,Million cubic metres,Greece,1995,0.000,,
ESTAT:NRG_TI_GAS(1.0),24/03/26 23:00:00,Annual,Liquefied natural gas,Russia,Million cubic metres,Greece,1996,0.000,,
ESTAT:NRG_TI_GAS(1.0),24/03/26 23:00:00,Annual,Liquefied natural gas,Russia,Million cubic metres,Greece,1997,0.000,,
ESTAT:NRG_TI_GAS(1.0),24/03/26 23:00:00,Annual,Liquefied natural gas,Russia,Million cubic metres,Greece,1998,0.000,,
ESTAT:NRG_TI_GAS(1.0),24/03/26 23:00:00,Annual,Liquefied natural gas,Russia,Million cubic metres,Greece,1999,0.000,,
ESTAT:NRG_TI_GAS(1.0),24/03/26 23:00:00,Annual,Liquefied natural gas,Russia,Million cubic metres,Greece,2000,0.000,,
ESTAT:NRG_TI_GAS(1.0),24/03/26 23:00:00,Annual,Liquefied natural gas,Russia,Million cubic metres,Greece,2001,0.000,,
ESTAT:NRG_TI_GAS(1.0),24/03/26 23:00:00,Annual,Liquefied natural gas,Russia,Million cubic metres,Greece,2002,0.000,,
ESTAT:NRG_TI_GAS(1.0),24/03/26 23:00:00,Annual,Liquefied natural gas,Russia,Million cubic metres,Greece,2003,0.000,,
ESTAT:NRG_TI_GAS(1.0),24/03/26 23:00:00,Annual,Liquefied natural gas,Russia,Million cubic metres,Greece,2004,0.000,,
ESTAT:NRG_TI_GAS(1.0),24/03/26 23:00:00,Annual,Liquefied natural gas,Russia,Million cubic metres,Greece,2005,0.000,,
ESTAT:NRG_TI_GAS(1.0),24/03/26 23:00:00,Annual,Liquefied natural gas,Russia,Million cubic metres,Greece,2006,0.000,,
ESTAT:NRG_TI_GAS(1.0),24/03/26 23:00:00,Annual,Liquefied natural gas,Russia,Million cubic metres,Greece,2007,0.000,,
ESTAT:NRG_TI_GAS(1.0),24/03/26 23:00:00,Annual,Liquefied natural gas,Russia,Million cubic metres,Greece,2008,0.000,,
ESTAT:NRG_TI_GAS(1.0),24/03/26 23:00:00,Annual,Liquefied natural gas,Russia,Million cubic metres,Greece,2009,0.000,,
ESTAT:NRG_TI_GAS(1.0),24/03/26 23:00:00,Annual,Liquefied natural gas,Russia,Million cubic metres,Greece,2010,0.000,,
ESTAT:NRG_TI_GAS(1.0),24/03/26 23:00:00,Annual,Liquefied natural gas,Russia,Million cubic metres,Greece,2011,0.000,,
ESTAT:NRG_TI_GAS(1.0),24/03/26 23:00:00,Annual,Liquefied natural gas,Russia,Million cubic metres,Greece,2012,0.000,,
ESTAT:NRG_TI_GAS(1.0),24/03/26 23:00:00,Annual,Liquefied natural gas,Russia,Million cubic metres,Greece,2013,0.000,,
ESTAT:NRG_TI_GAS(1.0),24/03/26 23:00:00,Annual,Liquefied natural gas,Russia,Million cubic metres,Greece,2014,0.000,,
ESTAT:NRG_TI_GAS(1.0),24/03/26 23:00:00,Annual,Liquefied natural gas,Russia,Million cubic metres,Greece,2015,0.000,,
ESTAT:NRG_TI_GAS(1.0),24/03/26 23:00:00,Annual,Liquefied natural gas,Russia,Million cubic metres,Greece,2016,0.000,,
ESTAT:NRG_TI_GAS(1.0),24/03/26 23:00:00,Annual,Liquefied natural gas,Russia,Million cubic metres,Greece,2017,0.000,,
ESTAT:NRG_TI_GAS(1.0),24/03/26 23:00:00,Annual,Liquefied natural gas,Russia,Million cubic metres,Greece,2018,0.000,,
ESTAT:NRG_TI_GAS(1.0),24/03/26 23:00:00,Annual,Liquefied natural gas,Russia,Million cubic metres,Greece,2019,0.000,,
ESTAT:NRG_TI_GAS(1.0),24/03/26 23:00:00,Annual,Liquefied natural gas,Russia,Million cubic metres,Greece,2020,0.000,,
ESTAT:NRG_TI_GAS(1.0),24/03/26 23:00:00,Annual,Liquefied natural gas,Russia,Million cubic metres,Greece,2021,0.000,,
ESTAT:NRG_TI_GAS(1.0),24/03/26 23:00:00,Annual,Liquefied natural gas,Russia,Million cubic metres,Greece,2022,184.245,,
ESTAT:NRG_TI_GAS(1.0),24/03/26 23:00:00,Annual,Liquefied natural gas,Russia,Million cubic metres,Greece,2023,777.410,,
ESTAT:NRG_TI_GAS(1.0),24/03/26 23:00:00,Annual,Liquefied natural gas,Russia,Million cubic metres,Greece,2024,264.675,,
ESTAT:NRG_TI_GAS(1.0),24/03/26 23:00:00,Annual,Liquefied natural gas,Russia,Million cubic metres,Spain,1990,0.000,,
ESTAT:NRG_TI_GAS(1.0),24/03/26 23:00:00,Annual,Liquefied natural gas,Russia,Million cubic metres,Spain,1991,0.000,,
ESTAT:NRG_TI_GAS(1.0),24/03/26 23:00:00,Annual,Liquefied natural gas,Russia,Million cubic metres,Spain,1992,0.000,,
ESTAT:NRG_TI_GAS(1.0),24/03/26 23:00:00,Annual,Liquefied natural gas,Russia,Million cubic metres,Spain,1993,0.000,,
ESTAT:NRG_TI_GAS(1.0),24/03/26 23:00:00,Annual,Liquefied natural gas,Russia,Million cubic metres,Spain,1994,0.000,,
ESTAT:NRG_TI_GAS(1.0),24/03/26 23:00:00,Annual,Liquefied natural gas,Russia,Million cubic metres,Spain,1995,0.000,,
ESTAT:NRG_TI_GAS(1.0),24/03/26 23:00:00,Annual,Liquefied natural gas,Russia,Million cubic metres,Spain,1996,0.000,,
ESTAT:NRG_TI_GAS(1.0),24/03/26 23:00:00,Annual,Liquefied natural gas,Russia,Million cubic metres,Spain,1997,0.000,,
ESTAT:NRG_TI_GAS(1.0),24/03/26 23:00:00,Annual,Liquefied natural gas,Russia,Million cubic metres,Spain,1998,0.000,,
ESTAT:NRG_TI_GAS(1.0),24/03/26 23:00:00,Annual,Liquefied natural gas,Russia,Million cubic metres,Spain,1999,0.000,,
ESTAT:NRG_TI_GAS(1.0),24/03/26 23:00:00,Annual,Liquefied natural gas,Russia,Million cubic metres,Spain,2000,0.000,,
ESTAT:NRG_TI_GAS(1.0),24/03/26 23:00:00,Annual,Liquefied natural gas,Russia,Million cubic metres,Spain,2001,0.000,,
ESTAT:NRG_TI_GAS(1.0),24/03/26 23:00:00,Annual,Liquefied natural gas,Russia,Million cubic metres,Spain,2002,0.000,,
ESTAT:NRG_TI_GAS(1.0),24/03/26 23:00:00,Annual,Liquefied natural gas,Russia,Million cubic metres,Spain,2003,0.000,,
ESTAT:NRG_TI_GAS(1.0),24/03/26 23:00:00,Annual,Liquefied natural gas,Russia,Million cubic metres,Spain,2004,0.000,,
ESTAT:NRG_TI_GAS(1.0),24/03/26 23:00:00,Annual,Liquefied natural gas,Russia,Million cubic metres,Spain,2005,0.000,,
ESTAT:NRG_TI_GAS(1.0),24/03/26 23:00:00,Annual,Liquefied natural gas,Russia,Million cubic metres,Spain,2006,0.000,,
ESTAT:NRG_TI_GAS(1.0),24/03/26 23:00:00,Annual,Liquefied natural gas,Russia,Million cubic metres,Spain,2007,0.000,,
ESTAT:NRG_TI_GAS(1.0),24/03/26 23:00:00,Annual,Liquefied natural gas,Russia,Million cubic metres,Spain,2008,0.000,,
ESTAT:NRG_TI_GAS(1.0),24/03/26 23:00:00,Annual,Liquefied natural gas,Russia,Million cubic metres,Spain,2009,0.000,,
ESTAT:NRG_TI_GAS(1.0),24/03/26 23:00:00,Annual,Liquefied natural gas,Russia,Million cubic metres,Spain,2010,0.000,,
ESTAT:NRG_TI_GAS(1.0),24/03/26 23:00:00,Annual,Liquefied natural gas,Russia,Million cubic metres,Spain,2011,0.000,,
ESTAT:NRG_TI_GAS(1.0),24/03/26 23:00:00,Annual,Liquefied natural gas,Russia,Million cubic metres,Spain,2012,0.000,,
ESTAT:NRG_TI_GAS(1.0),24/03/26 23:00:00,Annual,Liquefied natural gas,Russia,Million cubic metres,Spain,2013,0.000,,
ESTAT:NRG_TI_GAS(1.0),24/03/26 23:00:00,Annual,Liquefied natural gas,Russia,Million cubic metres,Spain,2014,0.000,,
ESTAT:NRG_TI_GAS(1.0),24/03/26 23:00:00,Annual,Liquefied natural gas,Russia,Million cubic metres,Spain,2015,0.000,,
ESTAT:NRG_TI_GAS(1.0),24/03/26 23:00:00,Annual,Liquefied natural gas,Russia,Million cubic metres,Spain,2016,0.000,,
ESTAT:NRG_TI_GAS(1.0),24/03/26 23:00:00,Annual,Liquefied natural gas,Russia,Million cubic metres,Spain,2017,0.000,,
ESTAT:NRG_TI_GAS(1.0),24/03/26 23:00:00,Annual,Liquefied natural gas,Russia,Million cubic metres,Spain,2018,868.000,,
ESTAT:NRG_TI_GAS(1.0),24/03/26 23:00:00,Annual,Liquefied natural gas,Russia,Million cubic metres,Spain,2019,3168.000,,
ESTAT:NRG_TI_GAS(1.0),24/03/26 23:00:00,Annual,Liquefied natural gas,Russia,Million cubic metres,Spain,2020,3387.000,,
ESTAT:NRG_TI_GAS(1.0),24/03/26 23:00:00,Annual,Liquefied natural gas,Russia,Million cubic metres,Spain,2021,3219.544,,
ESTAT:NRG_TI_GAS(1.0),24/03/26 23:00:00,Annual,Liquefied natural gas,Russia,Million cubic metres,Spain,2022,4982.849,,
ESTAT:NRG_TI_GAS(1.0),24/03/26 23:00:00,Annual,Liquefied natural gas,Russia,Million cubic metres,Spain,2023,6465.524,,
ESTAT:NRG_TI_GAS(1.0),24/03/26 23:00:00,Annual,Liquefied natural gas,Russia,Million cubic metres,Spain,2024,6436.165,,
ESTAT:NRG_TI_GAS(1.0),24/03/26 23:00:00,Annual,Liquefied natural gas,Russia,Million cubic metres,European Union - 27 countries (from 2020),1990,0.000,,
ESTAT:NRG_TI_GAS(1.0),24/03/26 23:00:00,Annual,Liquefied natural gas,Russia,Million cubic metres,European Union - 27 countries (from 2020),1991,0.000,,
ESTAT:NRG_TI_GAS(1.0),24/03/26 23:00:00,Annual,Liquefied natural gas,Russia,Million cubic metres,European Union - 27 countries (from 2020),1992,0.000,,
ESTAT:NRG_TI_GAS(1.0),24/03/26 23:00:00,Annual,Liquefied natural gas,Russia,Million cubic metres,European Union - 27 countries (from 2020),1993,0.000,,
ESTAT:NRG_TI_GAS(1.0),24/03/26 23:00:00,Annual,Liquefied natural gas,Russia,Million cubic metres,European Union - 27 countries (from 2020),1994,0.000,,
ESTAT:NRG_TI_GAS(1.0),24/03/26 23:00:00,Annual,Liquefied natural gas,Russia,Million cubic metres,European Union - 27 countries (from 2020),1995,0.000,,
ESTAT:NRG_TI_GAS(1.0),24/03/26 23:00:00,Annual,Liquefied natural gas,Russia,Million cubic metres,European Union - 27 countries (from 2020),1996,0.000,,
ESTAT:NRG_TI_GAS(1.0),24/03/26 23:00:00,Annual,Liquefied natural gas,Russia,Million cubic metres,European Union - 27 countries (from 2020),1997,0.000,,
ESTAT:NRG_TI_GAS(1.0),24/03/26 23:00:00,Annual,Liquefied natural gas,Russia,Million cubic metres,European Union - 27 countries (from 2020),1998,0.000,,
ESTAT:NRG_TI_GAS(1.0),24/03/26 23:00:00,Annual,Liquefied natural gas,Russia,Million cubic metres,European Union - 27 countries (from 2020),1999,0.000,,
ESTAT:NRG_TI_GAS(1.0),24/03/26 23:00:00,Annual,Liquefied natural gas,Russia,Million cubic metres,European Union - 27 countries (from 2020),2000,0.000,,
ESTAT:NRG_TI_GAS(1.0),24/03/26 23:00:00,Annual,Liquefied natural gas,Russia,Million cubic metres,European Union - 27 countries (from 2020),2001,0.000,,
ESTAT:NRG_TI_GAS(1.0),24/03/26 23:00:00,Annual,Liquefied natural gas,Russia,Million cubic metres,European Union - 27 countries (from 2020),2002,0.000,,
ESTAT:NRG_TI_GAS(1.0),24/03/26 23:00:00,Annual,Liquefied natural gas,Russia,Million cubic metres,European Union - 27 countries (from 2020),2003,0.000,,
ESTAT:NRG_TI_GAS(1.0),24/03/26 23:00:00,Annual,Liquefied natural gas,Russia,Million cubic metres,European Union - 27 countries (from 2020),2004,0.000,,
ESTAT:NRG_TI_GAS(1.0),24/03/26 23:00:00,Annual,Liquefied natural gas,Russia,Million cubic metres,European Union - 27 countries (from 2020),2005,0.000,,
ESTAT:NRG_TI_GAS(1.0),24/03/26 23:00:00,Annual,Liquefied natural gas,Russia,Million cubic metres,European Union - 27 countries (from 2020),2006,0.000,,
ESTAT:NRG_TI_GAS(1.0),24/03/26 23:00:00,Annual,Liquefied natural gas,Russia,Million cubic metres,European Union - 27 countries (from 2020),2007,0.000,,
ESTAT:NRG_TI_GAS(1.0),24/03/26 23:00:00,Annual,Liquefied natural gas,Russia,Million cubic metres,European Union - 27 countries (from 2020),2008,0.000,,
ESTAT:NRG_TI_GAS(1.0),24/03/26 23:00:00,Annual,Liquefied natural gas,Russia,Million cubic metres,European Union - 27 countries (from 2020),2009,0.000,,
ESTAT:NRG_TI_GAS(1.0),24/03/26 23:00:00,Annual,Liquefied natural gas,Russia,Million cubic metres,European Union - 27 countries (from 2020),2010,3.000,,
ESTAT:NRG_TI_GAS(1.0),24/03/26 23:00:00,Annual,Liquefied natural gas,Russia,Million cubic metres,European Union - 27 countries (from 2020),2011,3.000,,
ESTAT:NRG_TI_GAS(1.0),24/03/26 23:00:00,Annual,Liquefied natural gas,Russia,Million cubic metres,European Union - 27 countries (from 2020),2012,5.000,,
ESTAT:NRG_TI_GAS(1.0),24/03/26 23:00:00,Annual,Liquefied natural gas,Russia,Million cubic metres,European Union - 27 countries (from 2020),2013,6.000,,
ESTAT:NRG_TI_GAS(1.0),24/03/26 23:00:00,Annual,Liquefied natural gas,Russia,Million cubic metres,European Union - 27 countries (from 2020),2014,12.000,,
ESTAT:NRG_TI_GAS(1.0),24/03/26 23:00:00,Annual,Liquefied natural gas,Russia,Million cubic metres,European Union - 27 countries (from 2020),2015,29.000,,
ESTAT:NRG_TI_GAS(1.0),24/03/26 23:00:00,Annual,Liquefied natural gas,Russia,Million cubic metres,European Union - 27 countries (from 2020),2016,27.000,,
ESTAT:NRG_TI_GAS(1.0),24/03/26 23:00:00,Annual,Liquefied natural gas,Russia,Million cubic metres,European Union - 27 countries (from 2020),2017,41.810,,
ESTAT:NRG_TI_GAS(1.0),24/03/26 23:00:00,Annual,Liquefied natural gas,Russia,Million cubic metres,European Union - 27 countries (from 2020),2018,3714.551,,
ESTAT:NRG_TI_GAS(1.0),24/03/26 23:00:00,Annual,Liquefied natural gas,Russia,Million cubic metres,European Union - 27 countries (from 2020),2019,14037.918,,
ESTAT:NRG_TI_GAS(1.0),24/03/26 23:00:00,Annual,Liquefied natural gas,Russia,Million cubic metres,European Union - 27 countries (from 2020),2020,12715.899,,
ESTAT:NRG_TI_GAS(1.0),24/03/26 23:00:00,Annual,Liquefied natural gas,Russia,Million cubic metres,European Union - 27 countries (from 2020),2021,12019.815,,
ESTAT:NRG_TI_GAS(1.0),24/03/26 23:00:00,Annual,Liquefied natural gas,Russia,Million cubic metres,European Union - 27 countries (from 2020),2022,17094.774,,
ESTAT:NRG_TI_GAS(1.0),24/03/26 23:00:00,Annual,Liquefied natural gas,Russia,Million cubic metres,European Union - 27 countries (from 2020),2023,19178.044,,
ESTAT:NRG_TI_GAS(1.0),24/03/26 23:00:00,Annual,Liquefied natural gas,Russia,Million cubic metres,European Union - 27 countries (from 2020),2024,20048.875,,
ESTAT:NRG_TI_GAS(1.0),24/03/26 23:00:00,Annual,Liquefied natural gas,Russia,Million cubic metres,Finland,1990,0.000,,
ESTAT:NRG_TI_GAS(1.0),24/03/26 23:00:00,Annual,Liquefied natural gas,Russia,Million cubic metres,Finland,1991,0.000,,
ESTAT:NRG_TI_GAS(1.0),24/03/26 23:00:00,Annual,Liquefied natural gas,Russia,Million cubic metres,Finland,1992,0.000,,
ESTAT:NRG_TI_GAS(1.0),24/03/26 23:00:00,Annual,Liquefied natural gas,Russia,Million cubic metres,Finland,1993,0.000,,
ESTAT:NRG_TI_GAS(1.0),24/03/26 23:00:00,Annual,Liquefied natural gas,Russia,Million cubic metres,Finland,1994,0.000,,
ESTAT:NRG_TI_GAS(1.0),24/03/26 23:00:00,Annual,Liquefied natural gas,Russia,Million cubic metres,Finland,1995,0.000,,
ESTAT:NRG_TI_GAS(1.0),24/03/26 23:00:00,Annual,Liquefied natural gas,Russia,Million cubic metres,Finland,1996,0.000,,
ESTAT:NRG_TI_GAS(1.0),24/03/26 23:00:00,Annual,Liquefied natural gas,Russia,Million cubic metres,Finland,1997,0.000,,
ESTAT:NRG_TI_GAS(1.0),24/03/26 23:00:00,Annual,Liquefied natural gas,Russia,Million cubic metres,Finland,1998,0.000,,
ESTAT:NRG_TI_GAS(1.0),24/03/26 23:00:00,Annual,Liquefied natural gas,Russia,Million cubic metres,Finland,1999,0.000,,
ESTAT:NRG_TI_GAS(1.0),24/03/26 23:00:00,Annual,Liquefied natural gas,Russia,Million cubic metres,Finland,2000,0.000,,
ESTAT:NRG_TI_GAS(1.0),24/03/26 23:00:00,Annual,Liquefied natural gas,Russia,Million cubic metres,Finland,2001,0.000,,
ESTAT:NRG_TI_GAS(1.0),24/03/26 23:00:00,Annual,Liquefied natural gas,Russia,Million cubic metres,Finland,2002,0.000,,
ESTAT:NRG_TI_GAS(1.0),24/03/26 23:00:00,Annual,Liquefied natural gas,Russia,Million cubic metres,Finland,2003,0.000,,
ESTAT:NRG_TI_GAS(1.0),24/03/26 23:00:00,Annual,Liquefied natural gas,Russia,Million cubic metres,Finland,2004,0.000,,
ESTAT:NRG_TI_GAS(1.0),24/03/26 23:00:00,Annual,Liquefied natural gas,Russia,Million cubic metres,Finland,2005,0.000,,
ESTAT:NRG_TI_GAS(1.0),24/03/26 23:00:00,Annual,Liquefied natural gas,Russia,Million cubic metres,Finland,2006,0.000,,
ESTAT:NRG_TI_GAS(1.0),24/03/26 23:00:00,Annual,Liquefied natural gas,Russia,Million cubic metres,Finland,2007,0.000,,
ESTAT:NRG_TI_GAS(1.0),24/03/26 23:00:00,Annual,Liquefied natural gas,Russia,Million cubic metres,Finland,2008,0.000,,
ESTAT:NRG_TI_GAS(1.0),24/03/26 23:00:00,Annual,Liquefied natural gas,Russia,Million cubic metres,Finland,2009,0.000,,
ESTAT:NRG_TI_GAS(1.0),24/03/26 23:00:00,Annual,Liquefied natural gas,Russia,Million cubic metres,Finland,2010,0.000,,
ESTAT:NRG_TI_GAS(1.0),24/03/26 23:00:00,Annual,Liquefied natural gas,Russia,Million cubic metres,Finland,2011,0.000,,
ESTAT:NRG_TI_GAS(1.0),24/03/26 23:00:00,Annual,Liquefied natural gas,Russia,Million cubic metres,Finland,2012,0.000,,
ESTAT:NRG_TI_GAS(1.0),24/03/26 23:00:00,Annual,Liquefied natural gas,Russia,Million cubic metres,Finland,2013,0.000,,
ESTAT:NRG_TI_GAS(1.0),24/03/26 23:00:00,Annual,Liquefied natural gas,Russia,Million cubic metres,Finland,2014,0.000,,
ESTAT:NRG_TI_GAS(1.0),24/03/26 23:00:00,Annual,Liquefied natural gas,Russia,Million cubic metres,Finland,2015,0.000,,
ESTAT:NRG_TI_GAS(1.0),24/03/26 23:00:00,Annual,Liquefied natural gas,Russia,Million cubic metres,Finland,2016,0.000,,
ESTAT:NRG_TI_GAS(1.0),24/03/26 23:00:00,Annual,Liquefied natural gas,Russia,Million cubic metres,Finland,2017,0.000,,
ESTAT:NRG_TI_GAS(1.0),24/03/26 23:00:00,Annual,Liquefied natural gas,Russia,Million cubic metres,Finland,2018,0.000,,
ESTAT:NRG_TI_GAS(1.0),24/03/26 23:00:00,Annual,Liquefied natural gas,Russia,Million cubic metres,Finland,2019,104.000,,
ESTAT:NRG_TI_GAS(1.0),24/03/26 23:00:00,Annual,Liquefied natural gas,Russia,Million cubic metres,Finland,2020,148.000,,
ESTAT:NRG_TI_GAS(1.0),24/03/26 23:00:00,Annual,Liquefied natural gas,Russia,Million cubic metres,Finland,2021,163.000,,
ESTAT:NRG_TI_GAS(1.0),24/03/26 23:00:00,Annual,Liquefied natural gas,Russia,Million cubic metres,Finland,2022,234.000,,
ESTAT:NRG_TI_GAS(1.0),24/03/26 23:00:00,Annual,Liquefied natural gas,Russia,Million cubic metres,Finland,2023,181.000,,
ESTAT:NRG_TI_GAS(1.0),24/03/26 23:00:00,Annual,Liquefied natural gas,Russia,Million cubic metres,Finland,2024,141.000,,
ESTAT:NRG_TI_GAS(1.0),24/03/26 23:00:00,Annual,Liquefied natural gas,Russia,Million cubic metres,France,1990,0.000,,
ESTAT:NRG_TI_GAS(1.0),24/03/26 23:00:00,Annual,Liquefied natural gas,Russia,Million cubic metres,France,1991,0.000,,
ESTAT:NRG_TI_GAS(1.0),24/03/26 23:00:00,Annual,Liquefied natural gas,Russia,Million cubic metres,France,1992,0.000,,
ESTAT:NRG_TI_GAS(1.0),24/03/26 23:00:00,Annual,Liquefied natural gas,Russia,Million cubic metres,France,1993,0.000,,
ESTAT:NRG_TI_GAS(1.0),24/03/26 23:00:00,Annual,Liquefied natural gas,Russia,Million cubic metres,France,1994,0.000,,
ESTAT:NRG_TI_GAS(1.0),24/03/26 23:00:00,Annual,Liquefied natural gas,Russia,Million cubic metres,France,1995,0.000,,
ESTAT:NRG_TI_GAS(1.0),24/03/26 23:00:00,Annual,Liquefied natural gas,Russia,Million cubic metres,France,1996,0.000,,
ESTAT:NRG_TI_GAS(1.0),24/03/26 23:00:00,Annual,Liquefied natural gas,Russia,Million cubic metres,France,1997,0.000,,
ESTAT:NRG_TI_GAS(1.0),24/03/26 23:00:00,Annual,Liquefied natural gas,Russia,Million cubic metres,France,1998,0.000,,
ESTAT:NRG_TI_GAS(1.0),24/03/26 23:00:00,Annual,Liquefied natural gas,Russia,Million cubic metres,France,1999,0.000,,
ESTAT:NRG_TI_GAS(1.0),24/03/26 23:00:00,Annual,Liquefied natural gas,Russia,Million cubic metres,France,2000,0.000,,
ESTAT:NRG_TI_GAS(1.0),24/03/26 23:00:00,Annual,Liquefied natural gas,Russia,Million cubic metres,France,2001,0.000,,
ESTAT:NRG_TI_GAS(1.0),24/03/26 23:00:00,Annual,Liquefied natural gas,Russia,Million cubic metres,France,2002,0.000,,
ESTAT:NRG_TI_GAS(1.0),24/03/26 23:00:00,Annual,Liquefied natural gas,Russia,Million cubic metres,France,2003,0.000,,
ESTAT:NRG_TI_GAS(1.0),24/03/26 23:00:00,Annual,Liquefied natural gas,Russia,Million cubic metres,France,2004,0.000,,
ESTAT:NRG_TI_GAS(1.0),24/03/26 23:00:00,Annual,Liquefied natural gas,Russia,Million cubic metres,France,2005,0.000,,
ESTAT:NRG_TI_GAS(1.0),24/03/26 23:00:00,Annual,Liquefied natural gas,Russia,Million cubic metres,France,2006,0.000,,
ESTAT:NRG_TI_GAS(1.0),24/03/26 23:00:00,Annual,Liquefied natural gas,Russia,Million cubic metres,France,2007,0.000,,
ESTAT:NRG_TI_GAS(1.0),24/03/26 23:00:00,Annual,Liquefied natural gas,Russia,Million cubic metres,France,2008,0.000,,
ESTAT:NRG_TI_GAS(1.0),24/03/26 23:00:00,Annual,Liquefied natural gas,Russia,Million cubic metres,France,2009,0.000,,
ESTAT:NRG_TI_GAS(1.0),24/03/26 23:00:00,Annual,Liquefied natural gas,Russia,Million cubic metres,France,2010,0.000,,
ESTAT:NRG_TI_GAS(1.0),24/03/26 23:00:00,Annual,Liquefied natural gas,Russia,Million cubic metres,France,2011,0.000,,
ESTAT:NRG_TI_GAS(1.0),24/03/26 23:00:00,Annual,Liquefied natural gas,Russia,Million cubic metres,France,2012,0.000,,
ESTAT:NRG_TI_GAS(1.0),24/03/26 23:00:00,Annual,Liquefied natural gas,Russia,Million cubic metres,France,2013,0.000,,
ESTAT:NRG_TI_GAS(1.0),24/03/26 23:00:00,Annual,Liquefied natural gas,Russia,Million cubic metres,France,2014,0.000,,
ESTAT:NRG_TI_GAS(1.0),24/03/26 23:00:00,Annual,Liquefied natural gas,Russia,Million cubic metres,France,2015,0.000,,
ESTAT:NRG_TI_GAS(1.0),24/03/26 23:00:00,Annual,Liquefied natural gas,Russia,Million cubic metres,France,2016,0.000,,
ESTAT:NRG_TI_GAS(1.0),24/03/26 23:00:00,Annual,Liquefied natural gas,Russia,Million cubic metres,France,2017,0.000,,
ESTAT:NRG_TI_GAS(1.0),24/03/26 23:00:00,Annual,Liquefied natural gas,Russia,Million cubic metres,France,2018,880.000,,
ESTAT:NRG_TI_GAS(1.0),24/03/26 23:00:00,Annual,Liquefied natural gas,Russia,Million cubic metres,France,2019,6010.856,,
ESTAT:NRG_TI_GAS(1.0),24/03/26 23:00:00,Annual,Liquefied natural gas,Russia,Million cubic metres,France,2020,3515.772,,
ESTAT:NRG_TI_GAS(1.0),24/03/26 23:00:00,Annual,Liquefied natural gas,Russia,Million cubic metres,France,2021,3462.256,,
ESTAT:NRG_TI_GAS(1.0),24/03/26 23:00:00,Annual,Liquefied natural gas,Russia,Million cubic metres,France,2022,5588.268,,
ESTAT:NRG_TI_GAS(1.0),24/03/26 23:00:00,Annual,Liquefied natural gas,Russia,Million cubic metres,France,2023,6005.391,,
ESTAT:NRG_TI_GAS(1.0),24/03/26 23:00:00,Annual,Liquefied natural gas,Russia,Million cubic metres,France,2024,7398.835,,
ESTAT:NRG_TI_GAS(1.0),24/03/26 23:00:00,Annual,Liquefied natural gas,Russia,Million cubic metres,Georgia,1990,,,
ESTAT:NRG_TI_GAS(1.0),24/03/26 23:00:00,Annual,Liquefied natural gas,Russia,Million cubic metres,Georgia,1991,,,
ESTAT:NRG_TI_GAS(1.0),24/03/26 23:00:00,Annual,Liquefied natural gas,Russia,Million cubic metres,Georgia,1992,,,
ESTAT:NRG_TI_GAS(1.0),24/03/26 23:00:00,Annual,Liquefied natural gas,Russia,Million cubic metres,Georgia,1993,,,
ESTAT:NRG_TI_GAS(1.0),24/03/26 23:00:00,Annual,Liquefied natural gas,Russia,Million cubic metres,Georgia,1994,,,
ESTAT:NRG_TI_GAS(1.0),24/03/26 23:00:00,Annual,Liquefied natural gas,Russia,Million cubic metres,Georgia,1995,,,
ESTAT:NRG_TI_GAS(1.0),24/03/26 23:00:00,Annual,Liquefied natural gas,Russia,Million cubic metres,Georgia,1996,,,
ESTAT:NRG_TI_GAS(1.0),24/03/26 23:00:00,Annual,Liquefied natural gas,Russia,Million cubic metres,Georgia,1997,,,
ESTAT:NRG_TI_GAS(1.0),24/03/26 23:00:00,Annual,Liquefied natural gas,Russia,Million cubic metres,Georgia,1998,,,
ESTAT:NRG_TI_GAS(1.0),24/03/26 23:00:00,Annual,Liquefied natural gas,Russia,Million cubic metres,Georgia,1999,,,
ESTAT:NRG_TI_GAS(1.0),24/03/26 23:00:00,Annual,Liquefied natural gas,Russia,Million cubic metres,Georgia,2000,,,
ESTAT:NRG_TI_GAS(1.0),24/03/26 23:00:00,Annual,Liquefied natural gas,Russia,Million cubic metres,Georgia,2001,,,
ESTAT:NRG_TI_GAS(1.0),24/03/26 23:00:00,Annual,Liquefied natural gas,Russia,Million cubic metres,Georgia,2002,,,
ESTAT:NRG_TI_GAS(1.0),24/03/26 23:00:00,Annual,Liquefied natural gas,Russia,Million cubic metres,Georgia,2003,,,
ESTAT:NRG_TI_GAS(1.0),24/03/26 23:00:00,Annual,Liquefied natural gas,Russia,Million cubic metres,Georgia,2004,,,
ESTAT:NRG_TI_GAS(1.0),24/03/26 23:00:00,Annual,Liquefied natural gas,Russia,Million cubic metres,Georgia,2005,,,
ESTAT:NRG_TI_GAS(1.0),24/03/26 23:00:00,Annual,Liquefied natural gas,Russia,Million cubic metres,Georgia,2006,,,
ESTAT:NRG_TI_GAS(1.0),24/03/26 23:00:00,Annual,Liquefied natural gas,Russia,Million cubic metres,Georgia,2007,,,
ESTAT:NRG_TI_GAS(1.0),24/03/26 23:00:00,Annual,Liquefied natural gas,Russia,Million cubic metres,Georgia,2008,,,
ESTAT:NRG_TI_GAS(1.0),24/03/26 23:00:00,Annual,Liquefied natural gas,Russia,Million cubic metres,Georgia,2009,,,
ESTAT:NRG_TI_GAS(1.0),24/03/26 23:00:00,Annual,Liquefied natural gas,Russia,Million cubic metres,Georgia,2010,,,
ESTAT:NRG_TI_GAS(1.0),24/03/26 23:00:00,Annual,Liquefied natural gas,Russia,Million cubic metres,Georgia,2011,,,
ESTAT:NRG_TI_GAS(1.0),24/03/26 23:00:00,Annual,Liquefied natural gas,Russia,Million cubic metres,Georgia,2012,,,
ESTAT:NRG_TI_GAS(1.0),24/03/26 23:00:00,Annual,Liquefied natural gas,Russia,Million cubic metres,Georgia,2013,0.000,,
ESTAT:NRG_TI_GAS(1.0),24/03/26 23:00:00,Annual,Liquefied natural gas,Russia,Million cubic metres,Georgia,2014,0.000,,
ESTAT:NRG_TI_GAS(1.0),24/03/26 23:00:00,Annual,Liquefied natural gas,Russia,Million cubic metres,Georgia,2015,0.000,,
ESTAT:NRG_TI_GAS(1.0),24/03/26 23:00:00,Annual,Liquefied natural gas,Russia,Million cubic metres,Georgia,2016,0.000,,
ESTAT:NRG_TI_GAS(1.0),24/03/26 23:00:00,Annual,Liquefied natural gas,Russia,Million cubic metres,Georgia,2017,0.000,,
ESTAT:NRG_TI_GAS(1.0),24/03/26 23:00:00,Annual,Liquefied natural gas,Russia,Million cubic metres,Georgia,2018,0.000,,
ESTAT:NRG_TI_GAS(1.0),24/03/26 23:00:00,Annual,Liquefied natural gas,Russia,Million cubic metres,Georgia,2019,0.000,,
ESTAT:NRG_TI_GAS(1.0),24/03/26 23:00:00,Annual,Liquefied natural gas,Russia,Million cubic metres,Georgia,2020,0.000,,
ESTAT:NRG_TI_GAS(1.0),24/03/26 23:00:00,Annual,Liquefied natural gas,Russia,Million cubic metres,Georgia,2021,0.000,,
ESTAT:NRG_TI_GAS(1.0),24/03/26 23:00:00,Annual,Liquefied natural gas,Russia,Million cubic metres,Georgia,2022,0.000,,
ESTAT:NRG_TI_GAS(1.0),24/03/26 23:00:00,Annual,Liquefied natural gas,Russia,Million cubic metres,Georgia,2023,0.000,,
ESTAT:NRG_TI_GAS(1.0),24/03/26 23:00:00,Annual,Liquefied natural gas,Russia,Million cubic metres,Georgia,2024,0.000,,
ESTAT:NRG_TI_GAS(1.0),24/03/26 23:00:00,Annual,Liquefied natural gas,Russia,Million cubic metres,Croatia,1990,0.000,,
ESTAT:NRG_TI_GAS(1.0),24/03/26 23:00:00,Annual,Liquefied natural gas,Russia,Million cubic metres,Croatia,1991,0.000,,
ESTAT:NRG_TI_GAS(1.0),24/03/26 23:00:00,Annual,Liquefied natural gas,Russia,Million cubic metres,Croatia,1992,0.000,,
ESTAT:NRG_TI_GAS(1.0),24/03/26 23:00:00,Annual,Liquefied natural gas,Russia,Million cubic metres,Croatia,1993,0.000,,
ESTAT:NRG_TI_GAS(1.0),24/03/26 23:00:00,Annual,Liquefied natural gas,Russia,Million cubic metres,Croatia,1994,0.000,,
ESTAT:NRG_TI_GAS(1.0),24/03/26 23:00:00,Annual,Liquefied natural gas,Russia,Million cubic metres,Croatia,1995,0.000,,
ESTAT:NRG_TI_GAS(1.0),24/03/26 23:00:00,Annual,Liquefied natural gas,Russia,Million cubic metres,Croatia,1996,0.000,,
ESTAT:NRG_TI_GAS(1.0),24/03/26 23:00:00,Annual,Liquefied natural gas,Russia,Million cubic metres,Croatia,1997,0.000,,
ESTAT:NRG_TI_GAS(1.0),24/03/26 23:00:00,Annual,Liquefied natural gas,Russia,Million cubic metres,Croatia,1998,0.000,,
ESTAT:NRG_TI_GAS(1.0),24/03/26 23:00:00,Annual,Liquefied natural gas,Russia,Million cubic metres,Croatia,1999,0.000,,
ESTAT:NRG_TI_GAS(1.0),24/03/26 23:00:00,Annual,Liquefied natural gas,Russia,Million cubic metres,Croatia,2000,0.000,,
ESTAT:NRG_TI_GAS(1.0),24/03/26 23:00:00,Annual,Liquefied natural gas,Russia,Million cubic metres,Croatia,2001,0.000,,
ESTAT:NRG_TI_GAS(1.0),24/03/26 23:00:00,Annual,Liquefied natural gas,Russia,Million cubic metres,Croatia,2002,0.000,,
ESTAT:NRG_TI_GAS(1.0),24/03/26 23:00:00,Annual,Liquefied natural gas,Russia,Million cubic metres,Croatia,2003,0.000,,
ESTAT:NRG_TI_GAS(1.0),24/03/26 23:00:00,Annual,Liquefied natural gas,Russia,Million cubic metres,Croatia,2004,0.000,,
ESTAT:NRG_TI_GAS(1.0),24/03/26 23:00:00,Annual,Liquefied natural gas,Russia,Million cubic metres,Croatia,2005,0.000,,
ESTAT:NRG_TI_GAS(1.0),24/03/26 23:00:00,Annual,Liquefied natural gas,Russia,Million cubic metres,Croatia,2006,0.000,,
ESTAT:NRG_TI_GAS(1.0),24/03/26 23:00:00,Annual,Liquefied natural gas,Russia,Million cubic metres,Croatia,2007,0.000,,
ESTAT:NRG_TI_GAS(1.0),24/03/26 23:00:00,Annual,Liquefied natural gas,Russia,Million cubic metres,Croatia,2008,0.000,,
ESTAT:NRG_TI_GAS(1.0),24/03/26 23:00:00,Annual,Liquefied natural gas,Russia,Million cubic metres,Croatia,2009,0.000,,
ESTAT:NRG_TI_GAS(1.0),24/03/26 23:00:00,Annual,Liquefied natural gas,Russia,Million cubic metres,Croatia,2010,0.000,,
ESTAT:NRG_TI_GAS(1.0),24/03/26 23:00:00,Annual,Liquefied natural gas,Russia,Million cubic metres,Croatia,2011,0.000,,
ESTAT:NRG_TI_GAS(1.0),24/03/26 23:00:00,Annual,Liquefied natural gas,Russia,Million cubic metres,Croatia,2012,0.000,,
ESTAT:NRG_TI_GAS(1.0),24/03/26 23:00:00,Annual,Liquefied natural gas,Russia,Million cubic metres,Croatia,2013,0.000,,
ESTAT:NRG_TI_GAS(1.0),24/03/26 23:00:00,Annual,Liquefied natural gas,Russia,Million cubic metres,Croatia,2014,0.000,,
ESTAT:NRG_TI_GAS(1.0),24/03/26 23:00:00,Annual,Liquefied natural gas,Russia,Million cubic metres,Croatia,2015,0.000,,
ESTAT:NRG_TI_GAS(1.0),24/03/26 23:00:00,Annual,Liquefied natural gas,Russia,Million cubic metres,Croatia,2016,0.000,,
ESTAT:NRG_TI_GAS(1.0),24/03/26 23:00:00,Annual,Liquefied natural gas,Russia,Million cubic metres,Croatia,2017,0.000,,
ESTAT:NRG_TI_GAS(1.0),24/03/26 23:00:00,Annual,Liquefied natural gas,Russia,Million cubic metres,Croatia,2018,0.000,,
ESTAT:NRG_TI_GAS(1.0),24/03/26 23:00:00,Annual,Liquefied natural gas,Russia,Million cubic metres,Croatia,2019,0.000,,
ESTAT:NRG_TI_GAS(1.0),24/03/26 23:00:00,Annual,Liquefied natural gas,Russia,Million cubic metres,Croatia,2020,0.000,,
ESTAT:NRG_TI_GAS(1.0),24/03/26 23:00:00,Annual,Liquefied natural gas,Russia,Million cubic metres,Croatia,2021,0.000,,
ESTAT:NRG_TI_GAS(1.0),24/03/26 23:00:00,Annual,Liquefied natural gas,Russia,Million cubic metres,Croatia,2022,0.000,,
ESTAT:NRG_TI_GAS(1.0),24/03/26 23:00:00,Annual,Liquefied natural gas,Russia,Million cubic metres,Croatia,2023,0.000,,
ESTAT:NRG_TI_GAS(1.0),24/03/26 23:00:00,Annual,Liquefied natural gas,Russia,Million cubic metres,Croatia,2024,0.000,,
ESTAT:NRG_TI_GAS(1.0),24/03/26 23:00:00,Annual,Liquefied natural gas,Russia,Million cubic metres,Hungary,1990,0.000,,
ESTAT:NRG_TI_GAS(1.0),24/03/26 23:00:00,Annual,Liquefied natural gas,Russia,Million cubic metres,Hungary,1991,0.000,,
ESTAT:NRG_TI_GAS(1.0),24/03/26 23:00:00,Annual,Liquefied natural gas,Russia,Million cubic metres,Hungary,1992,0.000,,
ESTAT:NRG_TI_GAS(1.0),24/03/26 23:00:00,Annual,Liquefied natural gas,Russia,Million cubic metres,Hungary,1993,0.000,,
ESTAT:NRG_TI_GAS(1.0),24/03/26 23:00:00,Annual,Liquefied natural gas,Russia,Million cubic metres,Hungary,1994,0.000,,
ESTAT:NRG_TI_GAS(1.0),24/03/26 23:00:00,Annual,Liquefied natural gas,Russia,Million cubic metres,Hungary,1995,0.000,,
ESTAT:NRG_TI_GAS(1.0),24/03/26 23:00:00,Annual,Liquefied natural gas,Russia,Million cubic metres,Hungary,1996,0.000,,
ESTAT:NRG_TI_GAS(1.0),24/03/26 23:00:00,Annual,Liquefied natural gas,Russia,Million cubic metres,Hungary,1997,0.000,,
ESTAT:NRG_TI_GAS(1.0),24/03/26 23:00:00,Annual,Liquefied natural gas,Russia,Million cubic metres,Hungary,1998,0.000,,
ESTAT:NRG_TI_GAS(1.0),24/03/26 23:00:00,Annual,Liquefied natural gas,Russia,Million cubic metres,Hungary,1999,0.000,,
ESTAT:NRG_TI_GAS(1.0),24/03/26 23:00:00,Annual,Liquefied natural gas,Russia,Million cubic metres,Hungary,2000,0.000,,
ESTAT:NRG_TI_GAS(1.0),24/03/26 23:00:00,Annual,Liquefied natural gas,Russia,Million cubic metres,Hungary,2001,0.000,,
ESTAT:NRG_TI_GAS(1.0),24/03/26 23:00:00,Annual,Liquefied natural gas,Russia,Million cubic metres,Hungary,2002,0.000,,
ESTAT:NRG_TI_GAS(1.0),24/03/26 23:00:00,Annual,Liquefied natural gas,Russia,Million cubic metres,Hungary,2003,0.000,,
ESTAT:NRG_TI_GAS(1.0),24/03/26 23:00:00,Annual,Liquefied natural gas,Russia,Million cubic metres,Hungary,2004,0.000,,
ESTAT:NRG_TI_GAS(1.0),24/03/26 23:00:00,Annual,Liquefied natural gas,Russia,Million cubic metres,Hungary,2005,0.000,,
ESTAT:NRG_TI_GAS(1.0),24/03/26 23:00:00,Annual,Liquefied natural gas,Russia,Million cubic metres,Hungary,2006,0.000,,
ESTAT:NRG_TI_GAS(1.0),24/03/26 23:00:00,Annual,Liquefied natural gas,Russia,Million cubic metres,Hungary,2007,0.000,,
ESTAT:NRG_TI_GAS(1.0),24/03/26 23:00:00,Annual,Liquefied natural gas,Russia,Million cubic metres,Hungary,2008,0.000,,
ESTAT:NRG_TI_GAS(1.0),24/03/26 23:00:00,Annual,Liquefied natural gas,Russia,Million cubic metres,Hungary,2009,0.000,,
ESTAT:NRG_TI_GAS(1.0),24/03/26 23:00:00,Annual,Liquefied natural gas,Russia,Million cubic metres,Hungary,2010,0.000,,
ESTAT:NRG_TI_GAS(1.0),24/03/26 23:00:00,Annual,Liquefied natural gas,Russia,Million cubic metres,Hungary,2011,0.000,,
ESTAT:NRG_TI_GAS(1.0),24/03/26 23:00:00,Annual,Liquefied natural gas,Russia,Million cubic metres,Hungary,2012,0.000,,
ESTAT:NRG_TI_GAS(1.0),24/03/26 23:00:00,Annual,Liquefied natural gas,Russia,Million cubic metres,Hungary,2013,0.000,,
ESTAT:NRG_TI_GAS(1.0),24/03/26 23:00:00,Annual,Liquefied natural gas,Russia,Million cubic metres,Hungary,2014,0.000,,
ESTAT:NRG_TI_GAS(1.0),24/03/26 23:00:00,Annual,Liquefied natural gas,Russia,Million cubic metres,Hungary,2015,0.000,,
ESTAT:NRG_TI_GAS(1.0),24/03/26 23:00:00,Annual,Liquefied natural gas,Russia,Million cubic metres,Hungary,2016,0.000,,
ESTAT:NRG_TI_GAS(1.0),24/03/26 23:00:00,Annual,Liquefied natural gas,Russia,Million cubic metres,Hungary,2017,0.000,,
ESTAT:NRG_TI_GAS(1.0),24/03/26 23:00:00,Annual,Liquefied natural gas,Russia,Million cubic metres,Hungary,2018,0.000,,
ESTAT:NRG_TI_GAS(1.0),24/03/26 23:00:00,Annual,Liquefied natural gas,Russia,Million cubic metres,Hungary,2019,0.000,,
ESTAT:NRG_TI_GAS(1.0),24/03/26 23:00:00,Annual,Liquefied natural gas,Russia,Million cubic metres,Hungary,2020,0.000,,
ESTAT:NRG_TI_GAS(1.0),24/03/26 23:00:00,Annual,Liquefied natural gas,Russia,Million cubic metres,Hungary,2021,0.000,,
ESTAT:NRG_TI_GAS(1.0),24/03/26 23:00:00,Annual,Liquefied natural gas,Russia,Million cubic metres,Hungary,2022,0.000,,
ESTAT:NRG_TI_GAS(1.0),24/03/26 23:00:00,Annual,Liquefied natural gas,Russia,Million cubic metres,Hungary,2023,0.000,,
ESTAT:NRG_TI_GAS(1.0),24/03/26 23:00:00,Annual,Liquefied natural gas,Russia,Million cubic metres,Hungary,2024,0.000,,
ESTAT:NRG_TI_GAS(1.0),24/03/26 23:00:00,Annual,Liquefied natural gas,Russia,Million cubic metres,Ireland,1990,0.000,,
ESTAT:NRG_TI_GAS(1.0),24/03/26 23:00:00,Annual,Liquefied natural gas,Russia,Million cubic metres,Ireland,1991,0.000,,
ESTAT:NRG_TI_GAS(1.0),24/03/26 23:00:00,Annual,Liquefied natural gas,Russia,Million cubic metres,Ireland,1992,0.000,,
ESTAT:NRG_TI_GAS(1.0),24/03/26 23:00:00,Annual,Liquefied natural gas,Russia,Million cubic metres,Ireland,1993,0.000,,
ESTAT:NRG_TI_GAS(1.0),24/03/26 23:00:00,Annual,Liquefied natural gas,Russia,Million cubic metres,Ireland,1994,0.000,,
ESTAT:NRG_TI_GAS(1.0),24/03/26 23:00:00,Annual,Liquefied natural gas,Russia,Million cubic metres,Ireland,1995,0.000,,
ESTAT:NRG_TI_GAS(1.0),24/03/26 23:00:00,Annual,Liquefied natural gas,Russia,Million cubic metres,Ireland,1996,0.000,,
ESTAT:NRG_TI_GAS(1.0),24/03/26 23:00:00,Annual,Liquefied natural gas,Russia,Million cubic metres,Ireland,1997,0.000,,
ESTAT:NRG_TI_GAS(1.0),24/03/26 23:00:00,Annual,Liquefied natural gas,Russia,Million cubic metres,Ireland,1998,0.000,,
ESTAT:NRG_TI_GAS(1.0),24/03/26 23:00:00,Annual,Liquefied natural gas,Russia,Million cubic metres,Ireland,1999,0.000,,
ESTAT:NRG_TI_GAS(1.0),24/03/26 23:00:00,Annual,Liquefied natural gas,Russia,Million cubic metres,Ireland,2000,0.000,,
ESTAT:NRG_TI_GAS(1.0),24/03/26 23:00:00,Annual,Liquefied natural gas,Russia,Million cubic metres,Ireland,2001,0.000,,
ESTAT:NRG_TI_GAS(1.0),24/03/26 23:00:00,Annual,Liquefied natural gas,Russia,Million cubic metres,Ireland,2002,0.000,,
ESTAT:NRG_TI_GAS(1.0),24/03/26 23:00:00,Annual,Liquefied natural gas,Russia,Million cubic metres,Ireland,2003,0.000,,
ESTAT:NRG_TI_GAS(1.0),24/03/26 23:00:00,Annual,Liquefied natural gas,Russia,Million cubic metres,Ireland,2004,0.000,,
ESTAT:NRG_TI_GAS(1.0),24/03/26 23:00:00,Annual,Liquefied natural gas,Russia,Million cubic metres,Ireland,2005,0.000,,
ESTAT:NRG_TI_GAS(1.0),24/03/26 23:00:00,Annual,Liquefied natural gas,Russia,Million cubic metres,Ireland,2006,0.000,,
ESTAT:NRG_TI_GAS(1.0),24/03/26 23:00:00,Annual,Liquefied natural gas,Russia,Million cubic metres,Ireland,2007,0.000,,
ESTAT:NRG_TI_GAS(1.0),24/03/26 23:00:00,Annual,Liquefied natural gas,Russia,Million cubic metres,Ireland,2008,0.000,,
ESTAT:NRG_TI_GAS(1.0),24/03/26 23:00:00,Annual,Liquefied natural gas,Russia,Million cubic metres,Ireland,2009,0.000,,
ESTAT:NRG_TI_GAS(1.0),24/03/26 23:00:00,Annual,Liquefied natural gas,Russia,Million cubic metres,Ireland,2010,0.000,,
ESTAT:NRG_TI_GAS(1.0),24/03/26 23:00:00,Annual,Liquefied natural gas,Russia,Million cubic metres,Ireland,2011,0.000,,
ESTAT:NRG_TI_GAS(1.0),24/03/26 23:00:00,Annual,Liquefied natural gas,Russia,Million cubic metres,Ireland,2012,0.000,,
ESTAT:NRG_TI_GAS(1.0),24/03/26 23:00:00,Annual,Liquefied natural gas,Russia,Million cubic metres,Ireland,2013,0.000,,
ESTAT:NRG_TI_GAS(1.0),24/03/26 23:00:00,Annual,Liquefied natural gas,Russia,Million cubic metres,Ireland,2014,0.000,,
ESTAT:NRG_TI_GAS(1.0),24/03/26 23:00:00,Annual,Liquefied natural gas,Russia,Million cubic metres,Ireland,2015,0.000,,
ESTAT:NRG_TI_GAS(1.0),24/03/26 23:00:00,Annual,Liquefied natural gas,Russia,Million cubic metres,Ireland,2016,0.000,,
ESTAT:NRG_TI_GAS(1.0),24/03/26 23:00:00,Annual,Liquefied natural gas,Russia,Million cubic metres,Ireland,2017,0.000,,
ESTAT:NRG_TI_GAS(1.0),24/03/26 23:00:00,Annual,Liquefied natural gas,Russia,Million cubic metres,Ireland,2018,0.000,,
ESTAT:NRG_TI_GAS(1.0),24/03/26 23:00:00,Annual,Liquefied natural gas,Russia,Million cubic metres,Ireland,2019,0.000,,
ESTAT:NRG_TI_GAS(1.0),24/03/26 23:00:00,Annual,Liquefied natural gas,Russia,Million cubic metres,Ireland,2020,0.000,,
ESTAT:NRG_TI_GAS(1.0),24/03/26 23:00:00,Annual,Liquefied natural gas,Russia,Million cubic metres,Ireland,2021,0.000,,
ESTAT:NRG_TI_GAS(1.0),24/03/26 23:00:00,Annual,Liquefied natural gas,Russia,Million cubic metres,Ireland,2022,0.000,,
ESTAT:NRG_TI_GAS(1.0),24/03/26 23:00:00,Annual,Liquefied natural gas,Russia,Million cubic metres,Ireland,2023,0.000,,
ESTAT:NRG_TI_GAS(1.0),24/03/26 23:00:00,Annual,Liquefied natural gas,Russia,Million cubic metres,Ireland,2024,0.000,,
ESTAT:NRG_TI_GAS(1.0),24/03/26 23:00:00,Annual,Liquefied natural gas,Russia,Million cubic metres,Iceland,1990,0.000,,
ESTAT:NRG_TI_GAS(1.0),24/03/26 23:00:00,Annual,Liquefied natural gas,Russia,Million cubic metres,Iceland,1991,0.000,,
ESTAT:NRG_TI_GAS(1.0),24/03/26 23:00:00,Annual,Liquefied natural gas,Russia,Million cubic metres,Iceland,1992,0.000,,
ESTAT:NRG_TI_GAS(1.0),24/03/26 23:00:00,Annual,Liquefied natural gas,Russia,Million cubic metres,Iceland,1993,0.000,,
ESTAT:NRG_TI_GAS(1.0),24/03/26 23:00:00,Annual,Liquefied natural gas,Russia,Million cubic metres,Iceland,1994,0.000,,
ESTAT:NRG_TI_GAS(1.0),24/03/26 23:00:00,Annual,Liquefied natural gas,Russia,Million cubic metres,Iceland,1995,0.000,,
ESTAT:NRG_TI_GAS(1.0),24/03/26 23:00:00,Annual,Liquefied natural gas,Russia,Million cubic metres,Iceland,1996,0.000,,
ESTAT:NRG_TI_GAS(1.0),24/03/26 23:00:00,Annual,Liquefied natural gas,Russia,Million cubic metres,Iceland,1997,0.000,,
ESTAT:NRG_TI_GAS(1.0),24/03/26 23:00:00,Annual,Liquefied natural gas,Russia,Million cubic metres,Iceland,1998,0.000,,
ESTAT:NRG_TI_GAS(1.0),24/03/26 23:00:00,Annual,Liquefied natural gas,Russia,Million cubic metres,Iceland,1999,0.000,,
ESTAT:NRG_TI_GAS(1.0),24/03/26 23:00:00,Annual,Liquefied natural gas,Russia,Million cubic metres,Iceland,2000,0.000,,
ESTAT:NRG_TI_GAS(1.0),24/03/26 23:00:00,Annual,Liquefied natural gas,Russia,Million cubic metres,Iceland,2001,0.000,,
ESTAT:NRG_TI_GAS(1.0),24/03/26 23:00:00,Annual,Liquefied natural gas,Russia,Million cubic metres,Iceland,2002,0.000,,
ESTAT:NRG_TI_GAS(1.0),24/03/26 23:00:00,Annual,Liquefied natural gas,Russia,Million cubic metres,Iceland,2003,0.000,,
ESTAT:NRG_TI_GAS(1.0),24/03/26 23:00:00,Annual,Liquefied natural gas,Russia,Million cubic metres,Iceland,2004,0.000,,
ESTAT:NRG_TI_GAS(1.0),24/03/26 23:00:00,Annual,Liquefied natural gas,Russia,Million cubic metres,Iceland,2005,0.000,,
ESTAT:NRG_TI_GAS(1.0),24/03/26 23:00:00,Annual,Liquefied natural gas,Russia,Million cubic metres,Iceland,2006,0.000,,
ESTAT:NRG_TI_GAS(1.0),24/03/26 23:00:00,Annual,Liquefied natural gas,Russia,Million cubic metres,Iceland,2007,0.000,,
ESTAT:NRG_TI_GAS(1.0),24/03/26 23:00:00,Annual,Liquefied natural gas,Russia,Million cubic metres,Iceland,2008,0.000,,
ESTAT:NRG_TI_GAS(1.0),24/03/26 23:00:00,Annual,Liquefied natural gas,Russia,Million cubic metres,Iceland,2009,0.000,,
ESTAT:NRG_TI_GAS(1.0),24/03/26 23:00:00,Annual,Liquefied natural gas,Russia,Million cubic metres,Iceland,2010,0.000,,
ESTAT:NRG_TI_GAS(1.0),24/03/26 23:00:00,Annual,Liquefied natural gas,Russia,Million cubic metres,Iceland,2011,0.000,,
ESTAT:NRG_TI_GAS(1.0),24/03/26 23:00:00,Annual,Liquefied natural gas,Russia,Million cubic metres,Iceland,2012,0.000,,
ESTAT:NRG_TI_GAS(1.0),24/03/26 23:00:00,Annual,Liquefied natural gas,Russia,Million cubic metres,Iceland,2013,0.000,,
ESTAT:NRG_TI_GAS(1.0),24/03/26 23:00:00,Annual,Liquefied natural gas,Russia,Million cubic metres,Iceland,2014,0.000,,
ESTAT:NRG_TI_GAS(1.0),24/03/26 23:00:00,Annual,Liquefied natural gas,Russia,Million cubic metres,Iceland,2015,0.000,,
ESTAT:NRG_TI_GAS(1.0),24/03/26 23:00:00,Annual,Liquefied natural gas,Russia,Million cubic metres,Iceland,2016,0.000,,
ESTAT:NRG_TI_GAS(1.0),24/03/26 23:00:00,Annual,Liquefied natural gas,Russia,Million cubic metres,Iceland,2017,0.000,,
ESTAT:NRG_TI_GAS(1.0),24/03/26 23:00:00,Annual,Liquefied natural gas,Russia,Million cubic metres,Iceland,2018,0.000,,
ESTAT:NRG_TI_GAS(1.0),24/03/26 23:00:00,Annual,Liquefied natural gas,Russia,Million cubic metres,Iceland,2019,0.000,,
ESTAT:NRG_TI_GAS(1.0),24/03/26 23:00:00,Annual,Liquefied natural gas,Russia,Million cubic metres,Iceland,2020,0.000,,
ESTAT:NRG_TI_GAS(1.0),24/03/26 23:00:00,Annual,Liquefied natural gas,Russia,Million cubic metres,Iceland,2021,0.000,,
ESTAT:NRG_TI_GAS(1.0),24/03/26 23:00:00,Annual,Liquefied natural gas,Russia,Million cubic metres,Iceland,2022,,,
ESTAT:NRG_TI_GAS(1.0),24/03/26 23:00:00,Annual,Liquefied natural gas,Russia,Million cubic metres,Iceland,2023,0.000,,
ESTAT:NRG_TI_GAS(1.0),24/03/26 23:00:00,Annual,Liquefied natural gas,Russia,Million cubic metres,Iceland,2024,,,
ESTAT:NRG_TI_GAS(1.0),24/03/26 23:00:00,Annual,Liquefied natural gas,Russia,Million cubic metres,Italy,1990,0.000,,
ESTAT:NRG_TI_GAS(1.0),24/03/26 23:00:00,Annual,Liquefied natural gas,Russia,Million cubic metres,Italy,1991,0.000,,
ESTAT:NRG_TI_GAS(1.0),24/03/26 23:00:00,Annual,Liquefied natural gas,Russia,Million cubic metres,Italy,1992,0.000,,
ESTAT:NRG_TI_GAS(1.0),24/03/26 23:00:00,Annual,Liquefied natural gas,Russia,Million cubic metres,Italy,1993,0.000,,
ESTAT:NRG_TI_GAS(1.0),24/03/26 23:00:00,Annual,Liquefied natural gas,Russia,Million cubic metres,Italy,1994,0.000,,
ESTAT:NRG_TI_GAS(1.0),24/03/26 23:00:00,Annual,Liquefied natural gas,Russia,Million cubic metres,Italy,1995,0.000,,
ESTAT:NRG_TI_GAS(1.0),24/03/26 23:00:00,Annual,Liquefied natural gas,Russia,Million cubic metres,Italy,1996,0.000,,
ESTAT:NRG_TI_GAS(1.0),24/03/26 23:00:00,Annual,Liquefied natural gas,Russia,Million cubic metres,Italy,1997,0.000,,
ESTAT:NRG_TI_GAS(1.0),24/03/26 23:00:00,Annual,Liquefied natural gas,Russia,Million cubic metres,Italy,1998,0.000,,
ESTAT:NRG_TI_GAS(1.0),24/03/26 23:00:00,Annual,Liquefied natural gas,Russia,Million cubic metres,Italy,1999,0.000,,
ESTAT:NRG_TI_GAS(1.0),24/03/26 23:00:00,Annual,Liquefied natural gas,Russia,Million cubic metres,Italy,2000,0.000,,
ESTAT:NRG_TI_GAS(1.0),24/03/26 23:00:00,Annual,Liquefied natural gas,Russia,Million cubic metres,Italy,2001,0.000,,
ESTAT:NRG_TI_GAS(1.0),24/03/26 23:00:00,Annual,Liquefied natural gas,Russia,Million cubic metres,Italy,2002,0.000,,
ESTAT:NRG_TI_GAS(1.0),24/03/26 23:00:00,Annual,Liquefied natural gas,Russia,Million cubic metres,Italy,2003,0.000,,
ESTAT:NRG_TI_GAS(1.0),24/03/26 23:00:00,Annual,Liquefied natural gas,Russia,Million cubic metres,Italy,2004,0.000,,
ESTAT:NRG_TI_GAS(1.0),24/03/26 23:00:00,Annual,Liquefied natural gas,Russia,Million cubic metres,Italy,2005,0.000,,
ESTAT:NRG_TI_GAS(1.0),24/03/26 23:00:00,Annual,Liquefied natural gas,Russia,Million cubic metres,Italy,2006,0.000,,
ESTAT:NRG_TI_GAS(1.0),24/03/26 23:00:00,Annual,Liquefied natural gas,Russia,Million cubic metres,Italy,2007,0.000,,
ESTAT:NRG_TI_GAS(1.0),24/03/26 23:00:00,Annual,Liquefied natural gas,Russia,Million cubic metres,Italy,2008,0.000,,
ESTAT:NRG_TI_GAS(1.0),24/03/26 23:00:00,Annual,Liquefied natural gas,Russia,Million cubic metres,Italy,2009,0.000,,
ESTAT:NRG_TI_GAS(1.0),24/03/26 23:00:00,Annual,Liquefied natural gas,Russia,Million cubic metres,Italy,2010,0.000,,
ESTAT:NRG_TI_GAS(1.0),24/03/26 23:00:00,Annual,Liquefied natural gas,Russia,Million cubic metres,Italy,2011,0.000,,
ESTAT:NRG_TI_GAS(1.0),24/03/26 23:00:00,Annual,Liquefied natural gas,Russia,Million cubic metres,Italy,2012,0.000,,
ESTAT:NRG_TI_GAS(1.0),24/03/26 23:00:00,Annual,Liquefied natural gas,Russia,Million cubic metres,Italy,2013,0.000,,
ESTAT:NRG_TI_GAS(1.0),24/03/26 23:00:00,Annual,Liquefied natural gas,Russia,Million cubic metres,Italy,2014,0.000,,
ESTAT:NRG_TI_GAS(1.0),24/03/26 23:00:00,Annual,Liquefied natural gas,Russia,Million cubic metres,Italy,2015,0.000,,
ESTAT:NRG_TI_GAS(1.0),24/03/26 23:00:00,Annual,Liquefied natural gas,Russia,Million cubic metres,Italy,2016,0.000,,
ESTAT:NRG_TI_GAS(1.0),24/03/26 23:00:00,Annual,Liquefied natural gas,Russia,Million cubic metres,Italy,2017,0.000,,
ESTAT:NRG_TI_GAS(1.0),24/03/26 23:00:00,Annual,Liquefied natural gas,Russia,Million cubic metres,Italy,2018,6.744,,
ESTAT:NRG_TI_GAS(1.0),24/03/26 23:00:00,Annual,Liquefied natural gas,Russia,Million cubic metres,Italy,2019,0.000,,
ESTAT:NRG_TI_GAS(1.0),24/03/26 23:00:00,Annual,Liquefied natural gas,Russia,Million cubic metres,Italy,2020,0.000,,
ESTAT:NRG_TI_GAS(1.0),24/03/26 23:00:00,Annual,Liquefied natural gas,Russia,Million cubic metres,Italy,2021,0.000,,
ESTAT:NRG_TI_GAS(1.0),24/03/26 23:00:00,Annual,Liquefied natural gas,Russia,Million cubic metres,Italy,2022,193.000,,
ESTAT:NRG_TI_GAS(1.0),24/03/26 23:00:00,Annual,Liquefied natural gas,Russia,Million cubic metres,Italy,2023,89.000,,
ESTAT:NRG_TI_GAS(1.0),24/03/26 23:00:00,Annual,Liquefied natural gas,Russia,Million cubic metres,Italy,2024,89.541,,
ESTAT:NRG_TI_GAS(1.0),24/03/26 23:00:00,Annual,Liquefied natural gas,Russia,Million cubic metres,Liechtenstein,1990,,,
ESTAT:NRG_TI_GAS(1.0),24/03/26 23:00:00,Annual,Liquefied natural gas,Russia,Million cubic metres,Liechtenstein,1991,,,
ESTAT:NRG_TI_GAS(1.0),24/03/26 23:00:00,Annual,Liquefied natural gas,Russia,Million cubic metres,Liechtenstein,1992,,,
ESTAT:NRG_TI_GAS(1.0),24/03/26 23:00:00,Annual,Liquefied natural gas,Russia,Million cubic metres,Liechtenstein,1993,,,
ESTAT:NRG_TI_GAS(1.0),24/03/26 23:00:00,Annual,Liquefied natural gas,Russia,Million cubic metres,Liechtenstein,1994,,,
ESTAT:NRG_TI_GAS(1.0),24/03/26 23:00:00,Annual,Liquefied natural gas,Russia,Million cubic metres,Liechtenstein,1995,,,
ESTAT:NRG_TI_GAS(1.0),24/03/26 23:00:00,Annual,Liquefied natural gas,Russia,Million cubic metres,Liechtenstein,1996,,,
ESTAT:NRG_TI_GAS(1.0),24/03/26 23:00:00,Annual,Liquefied natural gas,Russia,Million cubic metres,Liechtenstein,1997,,,
ESTAT:NRG_TI_GAS(1.0),24/03/26 23:00:00,Annual,Liquefied natural gas,Russia,Million cubic metres,Liechtenstein,1998,,,
ESTAT:NRG_TI_GAS(1.0),24/03/26 23:00:00,Annual,Liquefied natural gas,Russia,Million cubic metres,Liechtenstein,1999,,,
ESTAT:NRG_TI_GAS(1.0),24/03/26 23:00:00,Annual,Liquefied natural gas,Russia,Million cubic metres,Liechtenstein,2000,,,
ESTAT:NRG_TI_GAS(1.0),24/03/26 23:00:00,Annual,Liquefied natural gas,Russia,Million cubic metres,Liechtenstein,2001,,,
ESTAT:NRG_TI_GAS(1.0),24/03/26 23:00:00,Annual,Liquefied natural gas,Russia,Million cubic metres,Liechtenstein,2002,,,
ESTAT:NRG_TI_GAS(1.0),24/03/26 23:00:00,Annual,Liquefied natural gas,Russia,Million cubic metres,Liechtenstein,2003,,,
ESTAT:NRG_TI_GAS(1.0),24/03/26 23:00:00,Annual,Liquefied natural gas,Russia,Million cubic metres,Liechtenstein,2004,,,
ESTAT:NRG_TI_GAS(1.0),24/03/26 23:00:00,Annual,Liquefied natural gas,Russia,Million cubic metres,Liechtenstein,2005,,,
ESTAT:NRG_TI_GAS(1.0),24/03/26 23:00:00,Annual,Liquefied natural gas,Russia,Million cubic metres,Liechtenstein,2006,,,
ESTAT:NRG_TI_GAS(1.0),24/03/26 23:00:00,Annual,Liquefied natural gas,Russia,Million cubic metres,Liechtenstein,2007,,,
ESTAT:NRG_TI_GAS(1.0),24/03/26 23:00:00,Annual,Liquefied natural gas,Russia,Million cubic metres,Liechtenstein,2008,,,
ESTAT:NRG_TI_GAS(1.0),24/03/26 23:00:00,Annual,Liquefied natural gas,Russia,Million cubic metres,Liechtenstein,2009,,,
ESTAT:NRG_TI_GAS(1.0),24/03/26 23:00:00,Annual,Liquefied natural gas,Russia,Million cubic metres,Liechtenstein,2010,,,
ESTAT:NRG_TI_GAS(1.0),24/03/26 23:00:00,Annual,Liquefied natural gas,Russia,Million cubic metres,Liechtenstein,2011,,,
ESTAT:NRG_TI_GAS(1.0),24/03/26 23:00:00,Annual,Liquefied natural gas,Russia,Million cubic metres,Liechtenstein,2012,,,
ESTAT:NRG_TI_GAS(1.0),24/03/26 23:00:00,Annual,Liquefied natural gas,Russia,Million cubic metres,Liechtenstein,2013,,,
ESTAT:NRG_TI_GAS(1.0),24/03/26 23:00:00,Annual,Liquefied natural gas,Russia,Million cubic metres,Liechtenstein,2014,,,
ESTAT:NRG_TI_GAS(1.0),24/03/26 23:00:00,Annual,Liquefied natural gas,Russia,Million cubic metres,Liechtenstein,2015,,,
ESTAT:NRG_TI_GAS(1.0),24/03/26 23:00:00,Annual,Liquefied natural gas,Russia,Million cubic metres,Liechtenstein,2016,,,
ESTAT:NRG_TI_GAS(1.0),24/03/26 23:00:00,Annual,Liquefied natural gas,Russia,Million cubic metres,Liechtenstein,2017,,,
ESTAT:NRG_TI_GAS(1.0),24/03/26 23:00:00,Annual,Liquefied natural gas,Russia,Million cubic metres,Liechtenstein,2018,,,
ESTAT:NRG_TI_GAS(1.0),24/03/26 23:00:00,Annual,Liquefied natural gas,Russia,Million cubic metres,Liechtenstein,2019,0.000,,
ESTAT:NRG_TI_GAS(1.0),24/03/26 23:00:00,Annual,Liquefied natural gas,Russia,Million cubic metres,Liechtenstein,2020,0.000,,
ESTAT:NRG_TI_GAS(1.0),24/03/26 23:00:00,Annual,Liquefied natural gas,Russia,Million cubic metres,Liechtenstein,2021,0.000,,
ESTAT:NRG_TI_GAS(1.0),24/03/26 23:00:00,Annual,Liquefied natural gas,Russia,Million cubic metres,Liechtenstein,2022,0.000,,
ESTAT:NRG_TI_GAS(1.0),24/03/26 23:00:00,Annual,Liquefied natural gas,Russia,Million cubic metres,Liechtenstein,2023,0.000,,
ESTAT:NRG_TI_GAS(1.0),24/03/26 23:00:00,Annual,Liquefied natural gas,Russia,Million cubic metres,Liechtenstein,2024,0.000,,
ESTAT:NRG_TI_GAS(1.0),24/03/26 23:00:00,Annual,Liquefied natural gas,Russia,Million cubic metres,Lithuania,1990,0.000,,
ESTAT:NRG_TI_GAS(1.0),24/03/26 23:00:00,Annual,Liquefied natural gas,Russia,Million cubic metres,Lithuania,1991,0.000,,
ESTAT:NRG_TI_GAS(1.0),24/03/26 23:00:00,Annual,Liquefied natural gas,Russia,Million cubic metres,Lithuania,1992,0.000,,
ESTAT:NRG_TI_GAS(1.0),24/03/26 23:00:00,Annual,Liquefied natural gas,Russia,Million cubic metres,Lithuania,1993,0.000,,
ESTAT:NRG_TI_GAS(1.0),24/03/26 23:00:00,Annual,Liquefied natural gas,Russia,Million cubic metres,Lithuania,1994,0.000,,
ESTAT:NRG_TI_GAS(1.0),24/03/26 23:00:00,Annual,Liquefied natural gas,Russia,Million cubic metres,Lithuania,1995,0.000,,
ESTAT:NRG_TI_GAS(1.0),24/03/26 23:00:00,Annual,Liquefied natural gas,Russia,Million cubic metres,Lithuania,1996,0.000,,
ESTAT:NRG_TI_GAS(1.0),24/03/26 23:00:00,Annual,Liquefied natural gas,Russia,Million cubic metres,Lithuania,1997,0.000,,
ESTAT:NRG_TI_GAS(1.0),24/03/26 23:00:00,Annual,Liquefied natural gas,Russia,Million cubic metres,Lithuania,1998,0.000,,
ESTAT:NRG_TI_GAS(1.0),24/03/26 23:00:00,Annual,Liquefied natural gas,Russia,Million cubic metres,Lithuania,1999,0.000,,
ESTAT:NRG_TI_GAS(1.0),24/03/26 23:00:00,Annual,Liquefied natural gas,Russia,Million cubic metres,Lithuania,2000,0.000,,
ESTAT:NRG_TI_GAS(1.0),24/03/26 23:00:00,Annual,Liquefied natural gas,Russia,Million cubic metres,Lithuania,2001,0.000,,
ESTAT:NRG_TI_GAS(1.0),24/03/26 23:00:00,Annual,Liquefied natural gas,Russia,Million cubic metres,Lithuania,2002,0.000,,
ESTAT:NRG_TI_GAS(1.0),24/03/26 23:00:00,Annual,Liquefied natural gas,Russia,Million cubic metres,Lithuania,2003,0.000,,
ESTAT:NRG_TI_GAS(1.0),24/03/26 23:00:00,Annual,Liquefied natural gas,Russia,Million cubic metres,Lithuania,2004,0.000,,
ESTAT:NRG_TI_GAS(1.0),24/03/26 23:00:00,Annual,Liquefied natural gas,Russia,Million cubic metres,Lithuania,2005,0.000,,
ESTAT:NRG_TI_GAS(1.0),24/03/26 23:00:00,Annual,Liquefied natural gas,Russia,Million cubic metres,Lithuania,2006,0.000,,
ESTAT:NRG_TI_GAS(1.0),24/03/26 23:00:00,Annual,Liquefied natural gas,Russia,Million cubic metres,Lithuania,2007,0.000,,
ESTAT:NRG_TI_GAS(1.0),24/03/26 23:00:00,Annual,Liquefied natural gas,Russia,Million cubic metres,Lithuania,2008,0.000,,
ESTAT:NRG_TI_GAS(1.0),24/03/26 23:00:00,Annual,Liquefied natural gas,Russia,Million cubic metres,Lithuania,2009,0.000,,
ESTAT:NRG_TI_GAS(1.0),24/03/26 23:00:00,Annual,Liquefied natural gas,Russia,Million cubic metres,Lithuania,2010,0.000,,
ESTAT:NRG_TI_GAS(1.0),24/03/26 23:00:00,Annual,Liquefied natural gas,Russia,Million cubic metres,Lithuania,2011,0.000,,
ESTAT:NRG_TI_GAS(1.0),24/03/26 23:00:00,Annual,Liquefied natural gas,Russia,Million cubic metres,Lithuania,2012,0.000,,
ESTAT:NRG_TI_GAS(1.0),24/03/26 23:00:00,Annual,Liquefied natural gas,Russia,Million cubic metres,Lithuania,2013,0.000,,
ESTAT:NRG_TI_GAS(1.0),24/03/26 23:00:00,Annual,Liquefied natural gas,Russia,Million cubic metres,Lithuania,2014,0.000,,
ESTAT:NRG_TI_GAS(1.0),24/03/26 23:00:00,Annual,Liquefied natural gas,Russia,Million cubic metres,Lithuania,2015,0.000,,
ESTAT:NRG_TI_GAS(1.0),24/03/26 23:00:00,Annual,Liquefied natural gas,Russia,Million cubic metres,Lithuania,2016,0.000,,
ESTAT:NRG_TI_GAS(1.0),24/03/26 23:00:00,Annual,Liquefied natural gas,Russia,Million cubic metres,Lithuania,2017,0.000,,
ESTAT:NRG_TI_GAS(1.0),24/03/26 23:00:00,Annual,Liquefied natural gas,Russia,Million cubic metres,Lithuania,2018,0.000,,
ESTAT:NRG_TI_GAS(1.0),24/03/26 23:00:00,Annual,Liquefied natural gas,Russia,Million cubic metres,Lithuania,2019,0.000,,
ESTAT:NRG_TI_GAS(1.0),24/03/26 23:00:00,Annual,Liquefied natural gas,Russia,Million cubic metres,Lithuania,2020,0.000,,
ESTAT:NRG_TI_GAS(1.0),24/03/26 23:00:00,Annual,Liquefied natural gas,Russia,Million cubic metres,Lithuania,2021,0.000,,
ESTAT:NRG_TI_GAS(1.0),24/03/26 23:00:00,Annual,Liquefied natural gas,Russia,Million cubic metres,Lithuania,2022,0.000,,
ESTAT:NRG_TI_GAS(1.0),24/03/26 23:00:00,Annual,Liquefied natural gas,Russia,Million cubic metres,Lithuania,2023,0.000,,
ESTAT:NRG_TI_GAS(1.0),24/03/26 23:00:00,Annual,Liquefied natural gas,Russia,Million cubic metres,Lithuania,2024,0.000,,
ESTAT:NRG_TI_GAS(1.0),24/03/26 23:00:00,Annual,Liquefied natural gas,Russia,Million cubic metres,Luxembourg,1990,0.000,,
ESTAT:NRG_TI_GAS(1.0),24/03/26 23:00:00,Annual,Liquefied natural gas,Russia,Million cubic metres,Luxembourg,1991,0.000,,
ESTAT:NRG_TI_GAS(1.0),24/03/26 23:00:00,Annual,Liquefied natural gas,Russia,Million cubic metres,Luxembourg,1992,0.000,,
ESTAT:NRG_TI_GAS(1.0),24/03/26 23:00:00,Annual,Liquefied natural gas,Russia,Million cubic metres,Luxembourg,1993,0.000,,
ESTAT:NRG_TI_GAS(1.0),24/03/26 23:00:00,Annual,Liquefied natural gas,Russia,Million cubic metres,Luxembourg,1994,0.000,,
ESTAT:NRG_TI_GAS(1.0),24/03/26 23:00:00,Annual,Liquefied natural gas,Russia,Million cubic metres,Luxembourg,1995,0.000,,
ESTAT:NRG_TI_GAS(1.0),24/03/26 23:00:00,Annual,Liquefied natural gas,Russia,Million cubic metres,Luxembourg,1996,0.000,,
ESTAT:NRG_TI_GAS(1.0),24/03/26 23:00:00,Annual,Liquefied natural gas,Russia,Million cubic metres,Luxembourg,1997,0.000,,
ESTAT:NRG_TI_GAS(1.0),24/03/26 23:00:00,Annual,Liquefied natural gas,Russia,Million cubic metres,Luxembourg,1998,0.000,,
ESTAT:NRG_TI_GAS(1.0),24/03/26 23:00:00,Annual,Liquefied natural gas,Russia,Million cubic metres,Luxembourg,1999,0.000,,
ESTAT:NRG_TI_GAS(1.0),24/03/26 23:00:00,Annual,Liquefied natural gas,Russia,Million cubic metres,Luxembourg,2000,0.000,,
ESTAT:NRG_TI_GAS(1.0),24/03/26 23:00:00,Annual,Liquefied natural gas,Russia,Million cubic metres,Luxembourg,2001,0.000,,
ESTAT:NRG_TI_GAS(1.0),24/03/26 23:00:00,Annual,Liquefied natural gas,Russia,Million cubic metres,Luxembourg,2002,0.000,,
ESTAT:NRG_TI_GAS(1.0),24/03/26 23:00:00,Annual,Liquefied natural gas,Russia,Million cubic metres,Luxembourg,2003,0.000,,
ESTAT:NRG_TI_GAS(1.0),24/03/26 23:00:00,Annual,Liquefied natural gas,Russia,Million cubic metres,Luxembourg,2004,0.000,,
ESTAT:NRG_TI_GAS(1.0),24/03/26 23:00:00,Annual,Liquefied natural gas,Russia,Million cubic metres,Luxembourg,2005,0.000,,
ESTAT:NRG_TI_GAS(1.0),24/03/26 23:00:00,Annual,Liquefied natural gas,Russia,Million cubic metres,Luxembourg,2006,0.000,,
ESTAT:NRG_TI_GAS(1.0),24/03/26 23:00:00,Annual,Liquefied natural gas,Russia,Million cubic metres,Luxembourg,2007,0.000,,
ESTAT:NRG_TI_GAS(1.0),24/03/26 23:00:00,Annual,Liquefied natural gas,Russia,Million cubic metres,Luxembourg,2008,0.000,,
ESTAT:NRG_TI_GAS(1.0),24/03/26 23:00:00,Annual,Liquefied natural gas,Russia,Million cubic metres,Luxembourg,2009,0.000,,
ESTAT:NRG_TI_GAS(1.0),24/03/26 23:00:00,Annual,Liquefied natural gas,Russia,Million cubic metres,Luxembourg,2010,0.000,,
ESTAT:NRG_TI_GAS(1.0),24/03/26 23:00:00,Annual,Liquefied natural gas,Russia,Million cubic metres,Luxembourg,2011,0.000,,
ESTAT:NRG_TI_GAS(1.0),24/03/26 23:00:00,Annual,Liquefied natural gas,Russia,Million cubic metres,Luxembourg,2012,0.000,,
ESTAT:NRG_TI_GAS(1.0),24/03/26 23:00:00,Annual,Liquefied natural gas,Russia,Million cubic metres,Luxembourg,2013,0.000,,
ESTAT:NRG_TI_GAS(1.0),24/03/26 23:00:00,Annual,Liquefied natural gas,Russia,Million cubic metres,Luxembourg,2014,0.000,,
ESTAT:NRG_TI_GAS(1.0),24/03/26 23:00:00,Annual,Liquefied natural gas,Russia,Million cubic metres,Luxembourg,2015,0.000,,
ESTAT:NRG_TI_GAS(1.0),24/03/26 23:00:00,Annual,Liquefied natural gas,Russia,Million cubic metres,Luxembourg,2016,0.000,,
ESTAT:NRG_TI_GAS(1.0),24/03/26 23:00:00,Annual,Liquefied natural gas,Russia,Million cubic metres,Luxembourg,2017,0.000,,
ESTAT:NRG_TI_GAS(1.0),24/03/26 23:00:00,Annual,Liquefied natural gas,Russia,Million cubic metres,Luxembourg,2018,0.000,,
ESTAT:NRG_TI_GAS(1.0),24/03/26 23:00:00,Annual,Liquefied natural gas,Russia,Million cubic metres,Luxembourg,2019,0.000,,
ESTAT:NRG_TI_GAS(1.0),24/03/26 23:00:00,Annual,Liquefied natural gas,Russia,Million cubic metres,Luxembourg,2020,0.000,,
ESTAT:NRG_TI_GAS(1.0),24/03/26 23:00:00,Annual,Liquefied natural gas,Russia,Million cubic metres,Luxembourg,2021,0.000,,
ESTAT:NRG_TI_GAS(1.0),24/03/26 23:00:00,Annual,Liquefied natural gas,Russia,Million cubic metres,Luxembourg,2022,0.000,,
ESTAT:NRG_TI_GAS(1.0),24/03/26 23:00:00,Annual,Liquefied natural gas,Russia,Million cubic metres,Luxembourg,2023,0.000,,
ESTAT:NRG_TI_GAS(1.0),24/03/26 23:00:00,Annual,Liquefied natural gas,Russia,Million cubic metres,Luxembourg,2024,0.000,,
ESTAT:NRG_TI_GAS(1.0),24/03/26 23:00:00,Annual,Liquefied natural gas,Russia,Million cubic metres,Latvia,1990,0.000,,
ESTAT:NRG_TI_GAS(1.0),24/03/26 23:00:00,Annual,Liquefied natural gas,Russia,Million cubic metres,Latvia,1991,0.000,,
ESTAT:NRG_TI_GAS(1.0),24/03/26 23:00:00,Annual,Liquefied natural gas,Russia,Million cubic metres,Latvia,1992,0.000,,
ESTAT:NRG_TI_GAS(1.0),24/03/26 23:00:00,Annual,Liquefied natural gas,Russia,Million cubic metres,Latvia,1993,0.000,,
ESTAT:NRG_TI_GAS(1.0),24/03/26 23:00:00,Annual,Liquefied natural gas,Russia,Million cubic metres,Latvia,1994,0.000,,
ESTAT:NRG_TI_GAS(1.0),24/03/26 23:00:00,Annual,Liquefied natural gas,Russia,Million cubic metres,Latvia,1995,0.000,,
ESTAT:NRG_TI_GAS(1.0),24/03/26 23:00:00,Annual,Liquefied natural gas,Russia,Million cubic metres,Latvia,1996,0.000,,
ESTAT:NRG_TI_GAS(1.0),24/03/26 23:00:00,Annual,Liquefied natural gas,Russia,Million cubic metres,Latvia,1997,0.000,,
ESTAT:NRG_TI_GAS(1.0),24/03/26 23:00:00,Annual,Liquefied natural gas,Russia,Million cubic metres,Latvia,1998,0.000,,
ESTAT:NRG_TI_GAS(1.0),24/03/26 23:00:00,Annual,Liquefied natural gas,Russia,Million cubic metres,Latvia,1999,0.000,,
ESTAT:NRG_TI_GAS(1.0),24/03/26 23:00:00,Annual,Liquefied natural gas,Russia,Million cubic metres,Latvia,2000,0.000,,
ESTAT:NRG_TI_GAS(1.0),24/03/26 23:00:00,Annual,Liquefied natural gas,Russia,Million cubic metres,Latvia,2001,0.000,,
ESTAT:NRG_TI_GAS(1.0),24/03/26 23:00:00,Annual,Liquefied natural gas,Russia,Million cubic metres,Latvia,2002,0.000,,
ESTAT:NRG_TI_GAS(1.0),24/03/26 23:00:00,Annual,Liquefied natural gas,Russia,Million cubic metres,Latvia,2003,0.000,,
ESTAT:NRG_TI_GAS(1.0),24/03/26 23:00:00,Annual,Liquefied natural gas,Russia,Million cubic metres,Latvia,2004,0.000,,
ESTAT:NRG_TI_GAS(1.0),24/03/26 23:00:00,Annual,Liquefied natural gas,Russia,Million cubic metres,Latvia,2005,0.000,,
ESTAT:NRG_TI_GAS(1.0),24/03/26 23:00:00,Annual,Liquefied natural gas,Russia,Million cubic metres,Latvia,2006,0.000,,
ESTAT:NRG_TI_GAS(1.0),24/03/26 23:00:00,Annual,Liquefied natural gas,Russia,Million cubic metres,Latvia,2007,0.000,,
ESTAT:NRG_TI_GAS(1.0),24/03/26 23:00:00,Annual,Liquefied natural gas,Russia,Million cubic metres,Latvia,2008,0.000,,
ESTAT:NRG_TI_GAS(1.0),24/03/26 23:00:00,Annual,Liquefied natural gas,Russia,Million cubic metres,Latvia,2009,0.000,,
ESTAT:NRG_TI_GAS(1.0),24/03/26 23:00:00,Annual,Liquefied natural gas,Russia,Million cubic metres,Latvia,2010,0.000,,
ESTAT:NRG_TI_GAS(1.0),24/03/26 23:00:00,Annual,Liquefied natural gas,Russia,Million cubic metres,Latvia,2011,0.000,,
ESTAT:NRG_TI_GAS(1.0),24/03/26 23:00:00,Annual,Liquefied natural gas,Russia,Million cubic metres,Latvia,2012,0.000,,
ESTAT:NRG_TI_GAS(1.0),24/03/26 23:00:00,Annual,Liquefied natural gas,Russia,Million cubic metres,Latvia,2013,0.000,,
ESTAT:NRG_TI_GAS(1.0),24/03/26 23:00:00,Annual,Liquefied natural gas,Russia,Million cubic metres,Latvia,2014,0.000,,
ESTAT:NRG_TI_GAS(1.0),24/03/26 23:00:00,Annual,Liquefied natural gas,Russia,Million cubic metres,Latvia,2015,0.000,,
ESTAT:NRG_TI_GAS(1.0),24/03/26 23:00:00,Annual,Liquefied natural gas,Russia,Million cubic metres,Latvia,2016,0.000,,
ESTAT:NRG_TI_GAS(1.0),24/03/26 23:00:00,Annual,Liquefied natural gas,Russia,Million cubic metres,Latvia,2017,0.000,,
ESTAT:NRG_TI_GAS(1.0),24/03/26 23:00:00,Annual,Liquefied natural gas,Russia,Million cubic metres,Latvia,2018,0.237,,
ESTAT:NRG_TI_GAS(1.0),24/03/26 23:00:00,Annual,Liquefied natural gas,Russia,Million cubic metres,Latvia,2019,2.822,,
ESTAT:NRG_TI_GAS(1.0),24/03/26 23:00:00,Annual,Liquefied natural gas,Russia,Million cubic metres,Latvia,2020,6.734,,
ESTAT:NRG_TI_GAS(1.0),24/03/26 23:00:00,Annual,Liquefied natural gas,Russia,Million cubic metres,Latvia,2021,5.850,,
ESTAT:NRG_TI_GAS(1.0),24/03/26 23:00:00,Annual,Liquefied natural gas,Russia,Million cubic metres,Latvia,2022,0.000,,
ESTAT:NRG_TI_GAS(1.0),24/03/26 23:00:00,Annual,Liquefied natural gas,Russia,Million cubic metres,Latvia,2023,0.000,,
ESTAT:NRG_TI_GAS(1.0),24/03/26 23:00:00,Annual,Liquefied natural gas,Russia,Million cubic metres,Latvia,2024,0.000,,
ESTAT:NRG_TI_GAS(1.0),24/03/26 23:00:00,Annual,Liquefied natural gas,Russia,Million cubic metres,Moldova,1990,,,
ESTAT:NRG_TI_GAS(1.0),24/03/26 23:00:00,Annual,Liquefied natural gas,Russia,Million cubic metres,Moldova,1991,,,
ESTAT:NRG_TI_GAS(1.0),24/03/26 23:00:00,Annual,Liquefied natural gas,Russia,Million cubic metres,Moldova,1992,,,
ESTAT:NRG_TI_GAS(1.0),24/03/26 23:00:00,Annual,Liquefied natural gas,Russia,Million cubic metres,Moldova,1993,,,
ESTAT:NRG_TI_GAS(1.0),24/03/26 23:00:00,Annual,Liquefied natural gas,Russia,Million cubic metres,Moldova,1994,,,
ESTAT:NRG_TI_GAS(1.0),24/03/26 23:00:00,Annual,Liquefied natural gas,Russia,Million cubic metres,Moldova,1995,,,
ESTAT:NRG_TI_GAS(1.0),24/03/26 23:00:00,Annual,Liquefied natural gas,Russia,Million cubic metres,Moldova,1996,,,
ESTAT:NRG_TI_GAS(1.0),24/03/26 23:00:00,Annual,Liquefied natural gas,Russia,Million cubic metres,Moldova,1997,,,
ESTAT:NRG_TI_GAS(1.0),24/03/26 23:00:00,Annual,Liquefied natural gas,Russia,Million cubic metres,Moldova,1998,,,
ESTAT:NRG_TI_GAS(1.0),24/03/26 23:00:00,Annual,Liquefied natural gas,Russia,Million cubic metres,Moldova,1999,,,
ESTAT:NRG_TI_GAS(1.0),24/03/26 23:00:00,Annual,Liquefied natural gas,Russia,Million cubic metres,Moldova,2000,,,
ESTAT:NRG_TI_GAS(1.0),24/03/26 23:00:00,Annual,Liquefied natural gas,Russia,Million cubic metres,Moldova,2001,,,
ESTAT:NRG_TI_GAS(1.0),24/03/26 23:00:00,Annual,Liquefied natural gas,Russia,Million cubic metres,Moldova,2002,,,
ESTAT:NRG_TI_GAS(1.0),24/03/26 23:00:00,Annual,Liquefied natural gas,Russia,Million cubic metres,Moldova,2003,,,
ESTAT:NRG_TI_GAS(1.0),24/03/26 23:00:00,Annual,Liquefied natural gas,Russia,Million cubic metres,Moldova,2004,,,
ESTAT:NRG_TI_GAS(1.0),24/03/26 23:00:00,Annual,Liquefied natural gas,Russia,Million cubic metres,Moldova,2005,,,
ESTAT:NRG_TI_GAS(1.0),24/03/26 23:00:00,Annual,Liquefied natural gas,Russia,Million cubic metres,Moldova,2006,,,
ESTAT:NRG_TI_GAS(1.0),24/03/26 23:00:00,Annual,Liquefied natural gas,Russia,Million cubic metres,Moldova,2007,,,
ESTAT:NRG_TI_GAS(1.0),24/03/26 23:00:00,Annual,Liquefied natural gas,Russia,Million cubic metres,Moldova,2008,,,
ESTAT:NRG_TI_GAS(1.0),24/03/26 23:00:00,Annual,Liquefied natural gas,Russia,Million cubic metres,Moldova,2009,,,
ESTAT:NRG_TI_GAS(1.0),24/03/26 23:00:00,Annual,Liquefied natural gas,Russia,Million cubic metres,Moldova,2010,0.000,,
ESTAT:NRG_TI_GAS(1.0),24/03/26 23:00:00,Annual,Liquefied natural gas,Russia,Million cubic metres,Moldova,2011,0.000,,
ESTAT:NRG_TI_GAS(1.0),24/03/26 23:00:00,Annual,Liquefied natural gas,Russia,Million cubic metres,Moldova,2012,0.000,,
ESTAT:NRG_TI_GAS(1.0),24/03/26 23:00:00,Annual,Liquefied natural gas,Russia,Million cubic metres,Moldova,2013,0.000,,
ESTAT:NRG_TI_GAS(1.0),24/03/26 23:00:00,Annual,Liquefied natural gas,Russia,Million cubic metres,Moldova,2014,0.000,,
ESTAT:NRG_TI_GAS(1.0),24/03/26 23:00:00,Annual,Liquefied natural gas,Russia,Million cubic metres,Moldova,2015,0.000,,
ESTAT:NRG_TI_GAS(1.0),24/03/26 23:00:00,Annual,Liquefied natural gas,Russia,Million cubic metres,Moldova,2016,0.000,,
ESTAT:NRG_TI_GAS(1.0),24/03/26 23:00:00,Annual,Liquefied natural gas,Russia,Million cubic metres,Moldova,2017,0.000,,
ESTAT:NRG_TI_GAS(1.0),24/03/26 23:00:00,Annual,Liquefied natural gas,Russia,Million cubic metres,Moldova,2018,0.000,,
ESTAT:NRG_TI_GAS(1.0),24/03/26 23:00:00,Annual,Liquefied natural gas,Russia,Million cubic metres,Moldova,2019,0.000,,
ESTAT:NRG_TI_GAS(1.0),24/03/26 23:00:00,Annual,Liquefied natural gas,Russia,Million cubic metres,Moldova,2020,0.000,,
ESTAT:NRG_TI_GAS(1.0),24/03/26 23:00:00,Annual,Liquefied natural gas,Russia,Million cubic metres,Moldova,2021,0.000,,
ESTAT:NRG_TI_GAS(1.0),24/03/26 23:00:00,Annual,Liquefied natural gas,Russia,Million cubic metres,Moldova,2022,0.000,,
ESTAT:NRG_TI_GAS(1.0),24/03/26 23:00:00,Annual,Liquefied natural gas,Russia,Million cubic metres,Moldova,2023,0.000,,
ESTAT:NRG_TI_GAS(1.0),24/03/26 23:00:00,Annual,Liquefied natural gas,Russia,Million cubic metres,Moldova,2024,0.000,,
ESTAT:NRG_TI_GAS(1.0),24/03/26 23:00:00,Annual,Liquefied natural gas,Russia,Million cubic metres,Montenegro,1990,,,
ESTAT:NRG_TI_GAS(1.0),24/03/26 23:00:00,Annual,Liquefied natural gas,Russia,Million cubic metres,Montenegro,1991,,,
ESTAT:NRG_TI_GAS(1.0),24/03/26 23:00:00,Annual,Liquefied natural gas,Russia,Million cubic metres,Montenegro,1992,,,
ESTAT:NRG_TI_GAS(1.0),24/03/26 23:00:00,Annual,Liquefied natural gas,Russia,Million cubic metres,Montenegro,1993,,,
ESTAT:NRG_TI_GAS(1.0),24/03/26 23:00:00,Annual,Liquefied natural gas,Russia,Million cubic metres,Montenegro,1994,,,
ESTAT:NRG_TI_GAS(1.0),24/03/26 23:00:00,Annual,Liquefied natural gas,Russia,Million cubic metres,Montenegro,1995,,,
ESTAT:NRG_TI_GAS(1.0),24/03/26 23:00:00,Annual,Liquefied natural gas,Russia,Million cubic metres,Montenegro,1996,,,
ESTAT:NRG_TI_GAS(1.0),24/03/26 23:00:00,Annual,Liquefied natural gas,Russia,Million cubic metres,Montenegro,1997,,,
ESTAT:NRG_TI_GAS(1.0),24/03/26 23:00:00,Annual,Liquefied natural gas,Russia,Million cubic metres,Montenegro,1998,,,
ESTAT:NRG_TI_GAS(1.0),24/03/26 23:00:00,Annual,Liquefied natural gas,Russia,Million cubic metres,Montenegro,1999,,,
ESTAT:NRG_TI_GAS(1.0),24/03/26 23:00:00,Annual,Liquefied natural gas,Russia,Million cubic metres,Montenegro,2000,,,
ESTAT:NRG_TI_GAS(1.0),24/03/26 23:00:00,Annual,Liquefied natural gas,Russia,Million cubic metres,Montenegro,2001,,,
ESTAT:NRG_TI_GAS(1.0),24/03/26 23:00:00,Annual,Liquefied natural gas,Russia,Million cubic metres,Montenegro,2002,,,
ESTAT:NRG_TI_GAS(1.0),24/03/26 23:00:00,Annual,Liquefied natural gas,Russia,Million cubic metres,Montenegro,2003,,,
ESTAT:NRG_TI_GAS(1.0),24/03/26 23:00:00,Annual,Liquefied natural gas,Russia,Million cubic metres,Montenegro,2004,,,
ESTAT:NRG_TI_GAS(1.0),24/03/26 23:00:00,Annual,Liquefied natural gas,Russia,Million cubic metres,Montenegro,2005,0.000,,
ESTAT:NRG_TI_GAS(1.0),24/03/26 23:00:00,Annual,Liquefied natural gas,Russia,Million cubic metres,Montenegro,2006,0.000,,
ESTAT:NRG_TI_GAS(1.0),24/03/26 23:00:00,Annual,Liquefied natural gas,Russia,Million cubic metres,Montenegro,2007,0.000,,
ESTAT:NRG_TI_GAS(1.0),24/03/26 23:00:00,Annual,Liquefied natural gas,Russia,Million cubic metres,Montenegro,2008,0.000,,
ESTAT:NRG_TI_GAS(1.0),24/03/26 23:00:00,Annual,Liquefied natural gas,Russia,Million cubic metres,Montenegro,2009,0.000,,
ESTAT:NRG_TI_GAS(1.0),24/03/26 23:00:00,Annual,Liquefied natural gas,Russia,Million cubic metres,Montenegro,2010,0.000,,
ESTAT:NRG_TI_GAS(1.0),24/03/26 23:00:00,Annual,Liquefied natural gas,Russia,Million cubic metres,Montenegro,2011,0.000,,
ESTAT:NRG_TI_GAS(1.0),24/03/26 23:00:00,Annual,Liquefied natural gas,Russia,Million cubic metres,Montenegro,2012,0.000,,
ESTAT:NRG_TI_GAS(1.0),24/03/26 23:00:00,Annual,Liquefied natural gas,Russia,Million cubic metres,Montenegro,2013,0.000,,
ESTAT:NRG_TI_GAS(1.0),24/03/26 23:00:00,Annual,Liquefied natural gas,Russia,Million cubic metres,Montenegro,2014,0.000,,
ESTAT:NRG_TI_GAS(1.0),24/03/26 23:00:00,Annual,Liquefied natural gas,Russia,Million cubic metres,Montenegro,2015,0.000,,
ESTAT:NRG_TI_GAS(1.0),24/03/26 23:00:00,Annual,Liquefied natural gas,Russia,Million cubic metres,Montenegro,2016,0.000,,
ESTAT:NRG_TI_GAS(1.0),24/03/26 23:00:00,Annual,Liquefied natural gas,Russia,Million cubic metres,Montenegro,2017,0.000,,
ESTAT:NRG_TI_GAS(1.0),24/03/26 23:00:00,Annual,Liquefied natural gas,Russia,Million cubic metres,Montenegro,2018,0.000,,
ESTAT:NRG_TI_GAS(1.0),24/03/26 23:00:00,Annual,Liquefied natural gas,Russia,Million cubic metres,Montenegro,2019,0.000,,
ESTAT:NRG_TI_GAS(1.0),24/03/26 23:00:00,Annual,Liquefied natural gas,Russia,Million cubic metres,Montenegro,2020,0.000,,
ESTAT:NRG_TI_GAS(1.0),24/03/26 23:00:00,Annual,Liquefied natural gas,Russia,Million cubic metres,Montenegro,2021,0.000,,
ESTAT:NRG_TI_GAS(1.0),24/03/26 23:00:00,Annual,Liquefied natural gas,Russia,Million cubic metres,Montenegro,2022,0.000,,
ESTAT:NRG_TI_GAS(1.0),24/03/26 23:00:00,Annual,Liquefied natural gas,Russia,Million cubic metres,Montenegro,2023,0.000,,
ESTAT:NRG_TI_GAS(1.0),24/03/26 23:00:00,Annual,Liquefied natural gas,Russia,Million cubic metres,Montenegro,2024,0.000,,
ESTAT:NRG_TI_GAS(1.0),24/03/26 23:00:00,Annual,Liquefied natural gas,Russia,Million cubic metres,North Macedonia,1990,0.000,,
ESTAT:NRG_TI_GAS(1.0),24/03/26 23:00:00,Annual,Liquefied natural gas,Russia,Million cubic metres,North Macedonia,1991,0.000,,
ESTAT:NRG_TI_GAS(1.0),24/03/26 23:00:00,Annual,Liquefied natural gas,Russia,Million cubic metres,North Macedonia,1992,0.000,,
ESTAT:NRG_TI_GAS(1.0),24/03/26 23:00:00,Annual,Liquefied natural gas,Russia,Million cubic metres,North Macedonia,1993,0.000,,
ESTAT:NRG_TI_GAS(1.0),24/03/26 23:00:00,Annual,Liquefied natural gas,Russia,Million cubic metres,North Macedonia,1994,0.000,,
ESTAT:NRG_TI_GAS(1.0),24/03/26 23:00:00,Annual,Liquefied natural gas,Russia,Million cubic metres,North Macedonia,1995,0.000,,
ESTAT:NRG_TI_GAS(1.0),24/03/26 23:00:00,Annual,Liquefied natural gas,Russia,Million cubic metres,North Macedonia,1996,0.000,,
ESTAT:NRG_TI_GAS(1.0),24/03/26 23:00:00,Annual,Liquefied natural gas,Russia,Million cubic metres,North Macedonia,1997,0.000,,
ESTAT:NRG_TI_GAS(1.0),24/03/26 23:00:00,Annual,Liquefied natural gas,Russia,Million cubic metres,North Macedonia,1998,0.000,,
ESTAT:NRG_TI_GAS(1.0),24/03/26 23:00:00,Annual,Liquefied natural gas,Russia,Million cubic metres,North Macedonia,1999,0.000,,
ESTAT:NRG_TI_GAS(1.0),24/03/26 23:00:00,Annual,Liquefied natural gas,Russia,Million cubic metres,North Macedonia,2000,0.000,,
ESTAT:NRG_TI_GAS(1.0),24/03/26 23:00:00,Annual,Liquefied natural gas,Russia,Million cubic metres,North Macedonia,2001,0.000,,
ESTAT:NRG_TI_GAS(1.0),24/03/26 23:00:00,Annual,Liquefied natural gas,Russia,Million cubic metres,North Macedonia,2002,0.000,,
ESTAT:NRG_TI_GAS(1.0),24/03/26 23:00:00,Annual,Liquefied natural gas,Russia,Million cubic metres,North Macedonia,2003,0.000,,
ESTAT:NRG_TI_GAS(1.0),24/03/26 23:00:00,Annual,Liquefied natural gas,Russia,Million cubic metres,North Macedonia,2004,0.000,,
ESTAT:NRG_TI_GAS(1.0),24/03/26 23:00:00,Annual,Liquefied natural gas,Russia,Million cubic metres,North Macedonia,2005,0.000,,
ESTAT:NRG_TI_GAS(1.0),24/03/26 23:00:00,Annual,Liquefied natural gas,Russia,Million cubic metres,North Macedonia,2006,0.000,,
ESTAT:NRG_TI_GAS(1.0),24/03/26 23:00:00,Annual,Liquefied natural gas,Russia,Million cubic metres,North Macedonia,2007,0.000,,
ESTAT:NRG_TI_GAS(1.0),24/03/26 23:00:00,Annual,Liquefied natural gas,Russia,Million cubic metres,North Macedonia,2008,0.000,,
ESTAT:NRG_TI_GAS(1.0),24/03/26 23:00:00,Annual,Liquefied natural gas,Russia,Million cubic metres,North Macedonia,2009,0.000,,
ESTAT:NRG_TI_GAS(1.0),24/03/26 23:00:00,Annual,Liquefied natural gas,Russia,Million cubic metres,North Macedonia,2010,0.000,,
ESTAT:NRG_TI_GAS(1.0),24/03/26 23:00:00,Annual,Liquefied natural gas,Russia,Million cubic metres,North Macedonia,2011,0.000,,
ESTAT:NRG_TI_GAS(1.0),24/03/26 23:00:00,Annual,Liquefied natural gas,Russia,Million cubic metres,North Macedonia,2012,0.000,,
ESTAT:NRG_TI_GAS(1.0),24/03/26 23:00:00,Annual,Liquefied natural gas,Russia,Million cubic metres,North Macedonia,2013,0.000,,
ESTAT:NRG_TI_GAS(1.0),24/03/26 23:00:00,Annual,Liquefied natural gas,Russia,Million cubic metres,North Macedonia,2014,0.000,,
ESTAT:NRG_TI_GAS(1.0),24/03/26 23:00:00,Annual,Liquefied natural gas,Russia,Million cubic metres,North Macedonia,2015,0.000,,
ESTAT:NRG_TI_GAS(1.0),24/03/26 23:00:00,Annual,Liquefied natural gas,Russia,Million cubic metres,North Macedonia,2016,0.000,,
ESTAT:NRG_TI_GAS(1.0),24/03/26 23:00:00,Annual,Liquefied natural gas,Russia,Million cubic metres,North Macedonia,2017,0.000,,
ESTAT:NRG_TI_GAS(1.0),24/03/26 23:00:00,Annual,Liquefied natural gas,Russia,Million cubic metres,North Macedonia,2018,0.000,,
ESTAT:NRG_TI_GAS(1.0),24/03/26 23:00:00,Annual,Liquefied natural gas,Russia,Million cubic metres,North Macedonia,2019,0.000,,
ESTAT:NRG_TI_GAS(1.0),24/03/26 23:00:00,Annual,Liquefied natural gas,Russia,Million cubic metres,North Macedonia,2020,0.000,,
ESTAT:NRG_TI_GAS(1.0),24/03/26 23:00:00,Annual,Liquefied natural gas,Russia,Million cubic metres,North Macedonia,2021,0.000,,
ESTAT:NRG_TI_GAS(1.0),24/03/26 23:00:00,Annual,Liquefied natural gas,Russia,Million cubic metres,North Macedonia,2022,0.000,,
ESTAT:NRG_TI_GAS(1.0),24/03/26 23:00:00,Annual,Liquefied natural gas,Russia,Million cubic metres,North Macedonia,2023,0.000,,
ESTAT:NRG_TI_GAS(1.0),24/03/26 23:00:00,Annual,Liquefied natural gas,Russia,Million cubic metres,North Macedonia,2024,0.000,,
ESTAT:NRG_TI_GAS(1.0),24/03/26 23:00:00,Annual,Liquefied natural gas,Russia,Million cubic metres,Malta,1990,0.000,,
ESTAT:NRG_TI_GAS(1.0),24/03/26 23:00:00,Annual,Liquefied natural gas,Russia,Million cubic metres,Malta,1991,0.000,,
ESTAT:NRG_TI_GAS(1.0),24/03/26 23:00:00,Annual,Liquefied natural gas,Russia,Million cubic metres,Malta,1992,0.000,,
ESTAT:NRG_TI_GAS(1.0),24/03/26 23:00:00,Annual,Liquefied natural gas,Russia,Million cubic metres,Malta,1993,0.000,,
ESTAT:NRG_TI_GAS(1.0),24/03/26 23:00:00,Annual,Liquefied natural gas,Russia,Million cubic metres,Malta,1994,0.000,,
ESTAT:NRG_TI_GAS(1.0),24/03/26 23:00:00,Annual,Liquefied natural gas,Russia,Million cubic metres,Malta,1995,0.000,,
ESTAT:NRG_TI_GAS(1.0),24/03/26 23:00:00,Annual,Liquefied natural gas,Russia,Million cubic metres,Malta,1996,0.000,,
ESTAT:NRG_TI_GAS(1.0),24/03/26 23:00:00,Annual,Liquefied natural gas,Russia,Million cubic metres,Malta,1997,0.000,,
ESTAT:NRG_TI_GAS(1.0),24/03/26 23:00:00,Annual,Liquefied natural gas,Russia,Million cubic metres,Malta,1998,0.000,,
ESTAT:NRG_TI_GAS(1.0),24/03/26 23:00:00,Annual,Liquefied natural gas,Russia,Million cubic metres,Malta,1999,0.000,,
ESTAT:NRG_TI_GAS(1.0),24/03/26 23:00:00,Annual,Liquefied natural gas,Russia,Million cubic metres,Malta,2000,0.000,,
ESTAT:NRG_TI_GAS(1.0),24/03/26 23:00:00,Annual,Liquefied natural gas,Russia,Million cubic metres,Malta,2001,0.000,,
ESTAT:NRG_TI_GAS(1.0),24/03/26 23:00:00,Annual,Liquefied natural gas,Russia,Million cubic metres,Malta,2002,0.000,,
ESTAT:NRG_TI_GAS(1.0),24/03/26 23:00:00,Annual,Liquefied natural gas,Russia,Million cubic metres,Malta,2003,0.000,,
ESTAT:NRG_TI_GAS(1.0),24/03/26 23:00:00,Annual,Liquefied natural gas,Russia,Million cubic metres,Malta,2004,0.000,,
ESTAT:NRG_TI_GAS(1.0),24/03/26 23:00:00,Annual,Liquefied natural gas,Russia,Million cubic metres,Malta,2005,0.000,,
ESTAT:NRG_TI_GAS(1.0),24/03/26 23:00:00,Annual,Liquefied natural gas,Russia,Million cubic metres,Malta,2006,0.000,,
ESTAT:NRG_TI_GAS(1.0),24/03/26 23:00:00,Annual,Liquefied natural gas,Russia,Million cubic metres,Malta,2007,0.000,,
ESTAT:NRG_TI_GAS(1.0),24/03/26 23:00:00,Annual,Liquefied natural gas,Russia,Million cubic metres,Malta,2008,0.000,,
ESTAT:NRG_TI_GAS(1.0),24/03/26 23:00:00,Annual,Liquefied natural gas,Russia,Million cubic metres,Malta,2009,0.000,,
ESTAT:NRG_TI_GAS(1.0),24/03/26 23:00:00,Annual,Liquefied natural gas,Russia,Million cubic metres,Malta,2010,0.000,,
ESTAT:NRG_TI_GAS(1.0),24/03/26 23:00:00,Annual,Liquefied natural gas,Russia,Million cubic metres,Malta,2011,0.000,,
ESTAT:NRG_TI_GAS(1.0),24/03/26 23:00:00,Annual,Liquefied natural gas,Russia,Million cubic metres,Malta,2012,0.000,,
ESTAT:NRG_TI_GAS(1.0),24/03/26 23:00:00,Annual,Liquefied natural gas,Russia,Million cubic metres,Malta,2013,0.000,,
ESTAT:NRG_TI_GAS(1.0),24/03/26 23:00:00,Annual,Liquefied natural gas,Russia,Million cubic metres,Malta,2014,0.000,,
ESTAT:NRG_TI_GAS(1.0),24/03/26 23:00:00,Annual,Liquefied natural gas,Russia,Million cubic metres,Malta,2015,0.000,,
ESTAT:NRG_TI_GAS(1.0),24/03/26 23:00:00,Annual,Liquefied natural gas,Russia,Million cubic metres,Malta,2016,0.000,,
ESTAT:NRG_TI_GAS(1.0),24/03/26 23:00:00,Annual,Liquefied natural gas,Russia,Million cubic metres,Malta,2017,0.000,,
ESTAT:NRG_TI_GAS(1.0),24/03/26 23:00:00,Annual,Liquefied natural gas,Russia,Million cubic metres,Malta,2018,0.000,,
ESTAT:NRG_TI_GAS(1.0),24/03/26 23:00:00,Annual,Liquefied natural gas,Russia,Million cubic metres,Malta,2019,0.000,,
ESTAT:NRG_TI_GAS(1.0),24/03/26 23:00:00,Annual,Liquefied natural gas,Russia,Million cubic metres,Malta,2020,0.000,,
ESTAT:NRG_TI_GAS(1.0),24/03/26 23:00:00,Annual,Liquefied natural gas,Russia,Million cubic metres,Malta,2021,0.000,,
ESTAT:NRG_TI_GAS(1.0),24/03/26 23:00:00,Annual,Liquefied natural gas,Russia,Million cubic metres,Malta,2022,0.000,,
ESTAT:NRG_TI_GAS(1.0),24/03/26 23:00:00,Annual,Liquefied natural gas,Russia,Million cubic metres,Malta,2023,0.000,,
ESTAT:NRG_TI_GAS(1.0),24/03/26 23:00:00,Annual,Liquefied natural gas,Russia,Million cubic metres,Malta,2024,0.000,,
ESTAT:NRG_TI_GAS(1.0),24/03/26 23:00:00,Annual,Liquefied natural gas,Russia,Million cubic metres,Netherlands,1990,0.000,,
ESTAT:NRG_TI_GAS(1.0),24/03/26 23:00:00,Annual,Liquefied natural gas,Russia,Million cubic metres,Netherlands,1991,0.000,,
ESTAT:NRG_TI_GAS(1.0),24/03/26 23:00:00,Annual,Liquefied natural gas,Russia,Million cubic metres,Netherlands,1992,0.000,,
ESTAT:NRG_TI_GAS(1.0),24/03/26 23:00:00,Annual,Liquefied natural gas,Russia,Million cubic metres,Netherlands,1993,0.000,,
ESTAT:NRG_TI_GAS(1.0),24/03/26 23:00:00,Annual,Liquefied natural gas,Russia,Million cubic metres,Netherlands,1994,0.000,,
ESTAT:NRG_TI_GAS(1.0),24/03/26 23:00:00,Annual,Liquefied natural gas,Russia,Million cubic metres,Netherlands,1995,0.000,,
ESTAT:NRG_TI_GAS(1.0),24/03/26 23:00:00,Annual,Liquefied natural gas,Russia,Million cubic metres,Netherlands,1996,0.000,,
ESTAT:NRG_TI_GAS(1.0),24/03/26 23:00:00,Annual,Liquefied natural gas,Russia,Million cubic metres,Netherlands,1997,0.000,,
ESTAT:NRG_TI_GAS(1.0),24/03/26 23:00:00,Annual,Liquefied natural gas,Russia,Million cubic metres,Netherlands,1998,0.000,,
ESTAT:NRG_TI_GAS(1.0),24/03/26 23:00:00,Annual,Liquefied natural gas,Russia,Million cubic metres,Netherlands,1999,0.000,,
ESTAT:NRG_TI_GAS(1.0),24/03/26 23:00:00,Annual,Liquefied natural gas,Russia,Million cubic metres,Netherlands,2000,0.000,,
ESTAT:NRG_TI_GAS(1.0),24/03/26 23:00:00,Annual,Liquefied natural gas,Russia,Million cubic metres,Netherlands,2001,0.000,,
ESTAT:NRG_TI_GAS(1.0),24/03/26 23:00:00,Annual,Liquefied natural gas,Russia,Million cubic metres,Netherlands,2002,0.000,,
ESTAT:NRG_TI_GAS(1.0),24/03/26 23:00:00,Annual,Liquefied natural gas,Russia,Million cubic metres,Netherlands,2003,0.000,,
ESTAT:NRG_TI_GAS(1.0),24/03/26 23:00:00,Annual,Liquefied natural gas,Russia,Million cubic metres,Netherlands,2004,0.000,,
ESTAT:NRG_TI_GAS(1.0),24/03/26 23:00:00,Annual,Liquefied natural gas,Russia,Million cubic metres,Netherlands,2005,0.000,,
ESTAT:NRG_TI_GAS(1.0),24/03/26 23:00:00,Annual,Liquefied natural gas,Russia,Million cubic metres,Netherlands,2006,0.000,,
ESTAT:NRG_TI_GAS(1.0),24/03/26 23:00:00,Annual,Liquefied natural gas,Russia,Million cubic metres,Netherlands,2007,0.000,,
ESTAT:NRG_TI_GAS(1.0),24/03/26 23:00:00,Annual,Liquefied natural gas,Russia,Million cubic metres,Netherlands,2008,0.000,,
ESTAT:NRG_TI_GAS(1.0),24/03/26 23:00:00,Annual,Liquefied natural gas,Russia,Million cubic metres,Netherlands,2009,0.000,,
ESTAT:NRG_TI_GAS(1.0),24/03/26 23:00:00,Annual,Liquefied natural gas,Russia,Million cubic metres,Netherlands,2010,0.000,,
ESTAT:NRG_TI_GAS(1.0),24/03/26 23:00:00,Annual,Liquefied natural gas,Russia,Million cubic metres,Netherlands,2011,0.000,,
ESTAT:NRG_TI_GAS(1.0),24/03/26 23:00:00,Annual,Liquefied natural gas,Russia,Million cubic metres,Netherlands,2012,0.000,,
ESTAT:NRG_TI_GAS(1.0),24/03/26 23:00:00,Annual,Liquefied natural gas,Russia,Million cubic metres,Netherlands,2013,0.000,,
ESTAT:NRG_TI_GAS(1.0),24/03/26 23:00:00,Annual,Liquefied natural gas,Russia,Million cubic metres,Netherlands,2014,0.000,,
ESTAT:NRG_TI_GAS(1.0),24/03/26 23:00:00,Annual,Liquefied natural gas,Russia,Million cubic metres,Netherlands,2015,0.000,,
ESTAT:NRG_TI_GAS(1.0),24/03/26 23:00:00,Annual,Liquefied natural gas,Russia,Million cubic metres,Netherlands,2016,0.000,,
ESTAT:NRG_TI_GAS(1.0),24/03/26 23:00:00,Annual,Liquefied natural gas,Russia,Million cubic metres,Netherlands,2017,0.000,,
ESTAT:NRG_TI_GAS(1.0),24/03/26 23:00:00,Annual,Liquefied natural gas,Russia,Million cubic metres,Netherlands,2018,1581.569,,
ESTAT:NRG_TI_GAS(1.0),24/03/26 23:00:00,Annual,Liquefied natural gas,Russia,Million cubic metres,Netherlands,2019,2694.101,,
ESTAT:NRG_TI_GAS(1.0),24/03/26 23:00:00,Annual,Liquefied natural gas,Russia,Million cubic metres,Netherlands,2020,3306.395,,
ESTAT:NRG_TI_GAS(1.0),24/03/26 23:00:00,Annual,Liquefied natural gas,Russia,Million cubic metres,Netherlands,2021,2824.354,,
ESTAT:NRG_TI_GAS(1.0),24/03/26 23:00:00,Annual,Liquefied natural gas,Russia,Million cubic metres,Netherlands,2022,2764.088,,
ESTAT:NRG_TI_GAS(1.0),24/03/26 23:00:00,Annual,Liquefied natural gas,Russia,Million cubic metres,Netherlands,2023,1169.377,,
ESTAT:NRG_TI_GAS(1.0),24/03/26 23:00:00,Annual,Liquefied natural gas,Russia,Million cubic metres,Netherlands,2024,1965.902,,
ESTAT:NRG_TI_GAS(1.0),24/03/26 23:00:00,Annual,Liquefied natural gas,Russia,Million cubic metres,Norway,1990,0.000,,
ESTAT:NRG_TI_GAS(1.0),24/03/26 23:00:00,Annual,Liquefied natural gas,Russia,Million cubic metres,Norway,1991,0.000,,
ESTAT:NRG_TI_GAS(1.0),24/03/26 23:00:00,Annual,Liquefied natural gas,Russia,Million cubic metres,Norway,1992,0.000,,
ESTAT:NRG_TI_GAS(1.0),24/03/26 23:00:00,Annual,Liquefied natural gas,Russia,Million cubic metres,Norway,1993,0.000,,
ESTAT:NRG_TI_GAS(1.0),24/03/26 23:00:00,Annual,Liquefied natural gas,Russia,Million cubic metres,Norway,1994,0.000,,
ESTAT:NRG_TI_GAS(1.0),24/03/26 23:00:00,Annual,Liquefied natural gas,Russia,Million cubic metres,Norway,1995,0.000,,
ESTAT:NRG_TI_GAS(1.0),24/03/26 23:00:00,Annual,Liquefied natural gas,Russia,Million cubic metres,Norway,1996,0.000,,
ESTAT:NRG_TI_GAS(1.0),24/03/26 23:00:00,Annual,Liquefied natural gas,Russia,Million cubic metres,Norway,1997,0.000,,
ESTAT:NRG_TI_GAS(1.0),24/03/26 23:00:00,Annual,Liquefied natural gas,Russia,Million cubic metres,Norway,1998,0.000,,
ESTAT:NRG_TI_GAS(1.0),24/03/26 23:00:00,Annual,Liquefied natural gas,Russia,Million cubic metres,Norway,1999,0.000,,
ESTAT:NRG_TI_GAS(1.0),24/03/26 23:00:00,Annual,Liquefied natural gas,Russia,Million cubic metres,Norway,2000,0.000,,
ESTAT:NRG_TI_GAS(1.0),24/03/26 23:00:00,Annual,Liquefied natural gas,Russia,Million cubic metres,Norway,2001,0.000,,
ESTAT:NRG_TI_GAS(1.0),24/03/26 23:00:00,Annual,Liquefied natural gas,Russia,Million cubic metres,Norway,2002,0.000,,
ESTAT:NRG_TI_GAS(1.0),24/03/26 23:00:00,Annual,Liquefied natural gas,Russia,Million cubic metres,Norway,2003,0.000,,
ESTAT:NRG_TI_GAS(1.0),24/03/26 23:00:00,Annual,Liquefied natural gas,Russia,Million cubic metres,Norway,2004,0.000,,
ESTAT:NRG_TI_GAS(1.0),24/03/26 23:00:00,Annual,Liquefied natural gas,Russia,Million cubic metres,Norway,2005,0.000,,
ESTAT:NRG_TI_GAS(1.0),24/03/26 23:00:00,Annual,Liquefied natural gas,Russia,Million cubic metres,Norway,2006,0.000,,
ESTAT:NRG_TI_GAS(1.0),24/03/26 23:00:00,Annual,Liquefied natural gas,Russia,Million cubic metres,Norway,2007,0.000,,
ESTAT:NRG_TI_GAS(1.0),24/03/26 23:00:00,Annual,Liquefied natural gas,Russia,Million cubic metres,Norway,2008,0.000,,
ESTAT:NRG_TI_GAS(1.0),24/03/26 23:00:00,Annual,Liquefied natural gas,Russia,Million cubic metres,Norway,2009,0.000,,
ESTAT:NRG_TI_GAS(1.0),24/03/26 23:00:00,Annual,Liquefied natural gas,Russia,Million cubic metres,Norway,2010,0.000,,
ESTAT:NRG_TI_GAS(1.0),24/03/26 23:00:00,Annual,Liquefied natural gas,Russia,Million cubic metres,Norway,2011,0.000,,
ESTAT:NRG_TI_GAS(1.0),24/03/26 23:00:00,Annual,Liquefied natural gas,Russia,Million cubic metres,Norway,2012,0.000,,
ESTAT:NRG_TI_GAS(1.0),24/03/26 23:00:00,Annual,Liquefied natural gas,Russia,Million cubic metres,Norway,2013,0.000,,
ESTAT:NRG_TI_GAS(1.0),24/03/26 23:00:00,Annual,Liquefied natural gas,Russia,Million cubic metres,Norway,2014,0.000,,
ESTAT:NRG_TI_GAS(1.0),24/03/26 23:00:00,Annual,Liquefied natural gas,Russia,Million cubic metres,Norway,2015,0.000,,
ESTAT:NRG_TI_GAS(1.0),24/03/26 23:00:00,Annual,Liquefied natural gas,Russia,Million cubic metres,Norway,2016,0.000,,
ESTAT:NRG_TI_GAS(1.0),24/03/26 23:00:00,Annual,Liquefied natural gas,Russia,Million cubic metres,Norway,2017,0.000,,
ESTAT:NRG_TI_GAS(1.0),24/03/26 23:00:00,Annual,Liquefied natural gas,Russia,Million cubic metres,Norway,2018,0.000,,
ESTAT:NRG_TI_GAS(1.0),24/03/26 23:00:00,Annual,Liquefied natural gas,Russia,Million cubic metres,Norway,2019,0.000,,
ESTAT:NRG_TI_GAS(1.0),24/03/26 23:00:00,Annual,Liquefied natural gas,Russia,Million cubic metres,Norway,2020,10.132,,
ESTAT:NRG_TI_GAS(1.0),24/03/26 23:00:00,Annual,Liquefied natural gas,Russia,Million cubic metres,Norway,2021,128.174,,
ESTAT:NRG_TI_GAS(1.0),24/03/26 23:00:00,Annual,Liquefied natural gas,Russia,Million cubic metres,Norway,2022,43.874,,
ESTAT:NRG_TI_GAS(1.0),24/03/26 23:00:00,Annual,Liquefied natural gas,Russia,Million cubic metres,Norway,2023,58.251,,
ESTAT:NRG_TI_GAS(1.0),24/03/26 23:00:00,Annual,Liquefied natural gas,Russia,Million cubic metres,Norway,2024,18.617,,
ESTAT:NRG_TI_GAS(1.0),24/03/26 23:00:00,Annual,Liquefied natural gas,Russia,Million cubic metres,Poland,1990,0.000,,
ESTAT:NRG_TI_GAS(1.0),24/03/26 23:00:00,Annual,Liquefied natural gas,Russia,Million cubic metres,Poland,1991,0.000,,
ESTAT:NRG_TI_GAS(1.0),24/03/26 23:00:00,Annual,Liquefied natural gas,Russia,Million cubic metres,Poland,1992,0.000,,
ESTAT:NRG_TI_GAS(1.0),24/03/26 23:00:00,Annual,Liquefied natural gas,Russia,Million cubic metres,Poland,1993,0.000,,
ESTAT:NRG_TI_GAS(1.0),24/03/26 23:00:00,Annual,Liquefied natural gas,Russia,Million cubic metres,Poland,1994,0.000,,
ESTAT:NRG_TI_GAS(1.0),24/03/26 23:00:00,Annual,Liquefied natural gas,Russia,Million cubic metres,Poland,1995,0.000,,
ESTAT:NRG_TI_GAS(1.0),24/03/26 23:00:00,Annual,Liquefied natural gas,Russia,Million cubic metres,Poland,1996,0.000,,
ESTAT:NRG_TI_GAS(1.0),24/03/26 23:00:00,Annual,Liquefied natural gas,Russia,Million cubic metres,Poland,1997,0.000,,
ESTAT:NRG_TI_GAS(1.0),24/03/26 23:00:00,Annual,Liquefied natural gas,Russia,Million cubic metres,Poland,1998,0.000,,
ESTAT:NRG_TI_GAS(1.0),24/03/26 23:00:00,Annual,Liquefied natural gas,Russia,Million cubic metres,Poland,1999,0.000,,
ESTAT:NRG_TI_GAS(1.0),24/03/26 23:00:00,Annual,Liquefied natural gas,Russia,Million cubic metres,Poland,2000,0.000,,
ESTAT:NRG_TI_GAS(1.0),24/03/26 23:00:00,Annual,Liquefied natural gas,Russia,Million cubic metres,Poland,2001,0.000,,
ESTAT:NRG_TI_GAS(1.0),24/03/26 23:00:00,Annual,Liquefied natural gas,Russia,Million cubic metres,Poland,2002,0.000,,
ESTAT:NRG_TI_GAS(1.0),24/03/26 23:00:00,Annual,Liquefied natural gas,Russia,Million cubic metres,Poland,2003,0.000,,
ESTAT:NRG_TI_GAS(1.0),24/03/26 23:00:00,Annual,Liquefied natural gas,Russia,Million cubic metres,Poland,2004,0.000,,
ESTAT:NRG_TI_GAS(1.0),24/03/26 23:00:00,Annual,Liquefied natural gas,Russia,Million cubic metres,Poland,2005,0.000,,
ESTAT:NRG_TI_GAS(1.0),24/03/26 23:00:00,Annual,Liquefied natural gas,Russia,Million cubic metres,Poland,2006,0.000,,
ESTAT:NRG_TI_GAS(1.0),24/03/26 23:00:00,Annual,Liquefied natural gas,Russia,Million cubic metres,Poland,2007,0.000,,
ESTAT:NRG_TI_GAS(1.0),24/03/26 23:00:00,Annual,Liquefied natural gas,Russia,Million cubic metres,Poland,2008,0.000,,
ESTAT:NRG_TI_GAS(1.0),24/03/26 23:00:00,Annual,Liquefied natural gas,Russia,Million cubic metres,Poland,2009,0.000,,
ESTAT:NRG_TI_GAS(1.0),24/03/26 23:00:00,Annual,Liquefied natural gas,Russia,Million cubic metres,Poland,2010,3.000,,
ESTAT:NRG_TI_GAS(1.0),24/03/26 23:00:00,Annual,Liquefied natural gas,Russia,Million cubic metres,Poland,2011,3.000,,
ESTAT:NRG_TI_GAS(1.0),24/03/26 23:00:00,Annual,Liquefied natural gas,Russia,Million cubic metres,Poland,2012,5.000,,
ESTAT:NRG_TI_GAS(1.0),24/03/26 23:00:00,Annual,Liquefied natural gas,Russia,Million cubic metres,Poland,2013,6.000,,
ESTAT:NRG_TI_GAS(1.0),24/03/26 23:00:00,Annual,Liquefied natural gas,Russia,Million cubic metres,Poland,2014,12.000,,
ESTAT:NRG_TI_GAS(1.0),24/03/26 23:00:00,Annual,Liquefied natural gas,Russia,Million cubic metres,Poland,2015,29.000,,
ESTAT:NRG_TI_GAS(1.0),24/03/26 23:00:00,Annual,Liquefied natural gas,Russia,Million cubic metres,Poland,2016,27.000,,
ESTAT:NRG_TI_GAS(1.0),24/03/26 23:00:00,Annual,Liquefied natural gas,Russia,Million cubic metres,Poland,2017,31.810,,
ESTAT:NRG_TI_GAS(1.0),24/03/26 23:00:00,Annual,Liquefied natural gas,Russia,Million cubic metres,Poland,2018,30.701,,
ESTAT:NRG_TI_GAS(1.0),24/03/26 23:00:00,Annual,Liquefied natural gas,Russia,Million cubic metres,Poland,2019,39.897,,
ESTAT:NRG_TI_GAS(1.0),24/03/26 23:00:00,Annual,Liquefied natural gas,Russia,Million cubic metres,Poland,2020,60.412,,
ESTAT:NRG_TI_GAS(1.0),24/03/26 23:00:00,Annual,Liquefied natural gas,Russia,Million cubic metres,Poland,2021,75.374,,
ESTAT:NRG_TI_GAS(1.0),24/03/26 23:00:00,Annual,Liquefied natural gas,Russia,Million cubic metres,Poland,2022,51.724,,
ESTAT:NRG_TI_GAS(1.0),24/03/26 23:00:00,Annual,Liquefied natural gas,Russia,Million cubic metres,Poland,2023,0.000,,
ESTAT:NRG_TI_GAS(1.0),24/03/26 23:00:00,Annual,Liquefied natural gas,Russia,Million cubic metres,Poland,2024,0.000,,
ESTAT:NRG_TI_GAS(1.0),24/03/26 23:00:00,Annual,Liquefied natural gas,Russia,Million cubic metres,Portugal,1990,0.000,,
ESTAT:NRG_TI_GAS(1.0),24/03/26 23:00:00,Annual,Liquefied natural gas,Russia,Million cubic metres,Portugal,1991,0.000,,
ESTAT:NRG_TI_GAS(1.0),24/03/26 23:00:00,Annual,Liquefied natural gas,Russia,Million cubic metres,Portugal,1992,0.000,,
ESTAT:NRG_TI_GAS(1.0),24/03/26 23:00:00,Annual,Liquefied natural gas,Russia,Million cubic metres,Portugal,1993,0.000,,
ESTAT:NRG_TI_GAS(1.0),24/03/26 23:00:00,Annual,Liquefied natural gas,Russia,Million cubic metres,Portugal,1994,0.000,,
ESTAT:NRG_TI_GAS(1.0),24/03/26 23:00:00,Annual,Liquefied natural gas,Russia,Million cubic metres,Portugal,1995,0.000,,
ESTAT:NRG_TI_GAS(1.0),24/03/26 23:00:00,Annual,Liquefied natural gas,Russia,Million cubic metres,Portugal,1996,0.000,,
ESTAT:NRG_TI_GAS(1.0),24/03/26 23:00:00,Annual,Liquefied natural gas,Russia,Million cubic metres,Portugal,1997,0.000,,
ESTAT:NRG_TI_GAS(1.0),24/03/26 23:00:00,Annual,Liquefied natural gas,Russia,Million cubic metres,Portugal,1998,0.000,,
ESTAT:NRG_TI_GAS(1.0),24/03/26 23:00:00,Annual,Liquefied natural gas,Russia,Million cubic metres,Portugal,1999,0.000,,
ESTAT:NRG_TI_GAS(1.0),24/03/26 23:00:00,Annual,Liquefied natural gas,Russia,Million cubic metres,Portugal,2000,0.000,,
ESTAT:NRG_TI_GAS(1.0),24/03/26 23:00:00,Annual,Liquefied natural gas,Russia,Million cubic metres,Portugal,2001,0.000,,
ESTAT:NRG_TI_GAS(1.0),24/03/26 23:00:00,Annual,Liquefied natural gas,Russia,Million cubic metres,Portugal,2002,0.000,,
ESTAT:NRG_TI_GAS(1.0),24/03/26 23:00:00,Annual,Liquefied natural gas,Russia,Million cubic metres,Portugal,2003,0.000,,
ESTAT:NRG_TI_GAS(1.0),24/03/26 23:00:00,Annual,Liquefied natural gas,Russia,Million cubic metres,Portugal,2004,0.000,,
ESTAT:NRG_TI_GAS(1.0),24/03/26 23:00:00,Annual,Liquefied natural gas,Russia,Million cubic metres,Portugal,2005,0.000,,
ESTAT:NRG_TI_GAS(1.0),24/03/26 23:00:00,Annual,Liquefied natural gas,Russia,Million cubic metres,Portugal,2006,0.000,,
ESTAT:NRG_TI_GAS(1.0),24/03/26 23:00:00,Annual,Liquefied natural gas,Russia,Million cubic metres,Portugal,2007,0.000,,
ESTAT:NRG_TI_GAS(1.0),24/03/26 23:00:00,Annual,Liquefied natural gas,Russia,Million cubic metres,Portugal,2008,0.000,,
ESTAT:NRG_TI_GAS(1.0),24/03/26 23:00:00,Annual,Liquefied natural gas,Russia,Million cubic metres,Portugal,2009,0.000,,
ESTAT:NRG_TI_GAS(1.0),24/03/26 23:00:00,Annual,Liquefied natural gas,Russia,Million cubic metres,Portugal,2010,0.000,,
ESTAT:NRG_TI_GAS(1.0),24/03/26 23:00:00,Annual,Liquefied natural gas,Russia,Million cubic metres,Portugal,2011,0.000,,
ESTAT:NRG_TI_GAS(1.0),24/03/26 23:00:00,Annual,Liquefied natural gas,Russia,Million cubic metres,Portugal,2012,0.000,,
ESTAT:NRG_TI_GAS(1.0),24/03/26 23:00:00,Annual,Liquefied natural gas,Russia,Million cubic metres,Portugal,2013,0.000,,
ESTAT:NRG_TI_GAS(1.0),24/03/26 23:00:00,Annual,Liquefied natural gas,Russia,Million cubic metres,Portugal,2014,0.000,,
ESTAT:NRG_TI_GAS(1.0),24/03/26 23:00:00,Annual,Liquefied natural gas,Russia,Million cubic metres,Portugal,2015,0.000,,
ESTAT:NRG_TI_GAS(1.0),24/03/26 23:00:00,Annual,Liquefied natural gas,Russia,Million cubic metres,Portugal,2016,0.000,,
ESTAT:NRG_TI_GAS(1.0),24/03/26 23:00:00,Annual,Liquefied natural gas,Russia,Million cubic metres,Portugal,2017,0.000,,
ESTAT:NRG_TI_GAS(1.0),24/03/26 23:00:00,Annual,Liquefied natural gas,Russia,Million cubic metres,Portugal,2018,0.000,,
ESTAT:NRG_TI_GAS(1.0),24/03/26 23:00:00,Annual,Liquefied natural gas,Russia,Million cubic metres,Portugal,2019,97.142,,
ESTAT:NRG_TI_GAS(1.0),24/03/26 23:00:00,Annual,Liquefied natural gas,Russia,Million cubic metres,Portugal,2020,669.783,,
ESTAT:NRG_TI_GAS(1.0),24/03/26 23:00:00,Annual,Liquefied natural gas,Russia,Million cubic metres,Portugal,2021,780.145,,
ESTAT:NRG_TI_GAS(1.0),24/03/26 23:00:00,Annual,Liquefied natural gas,Russia,Million cubic metres,Portugal,2022,298.711,,
ESTAT:NRG_TI_GAS(1.0),24/03/26 23:00:00,Annual,Liquefied natural gas,Russia,Million cubic metres,Portugal,2023,366.640,,
ESTAT:NRG_TI_GAS(1.0),24/03/26 23:00:00,Annual,Liquefied natural gas,Russia,Million cubic metres,Portugal,2024,246.067,,
ESTAT:NRG_TI_GAS(1.0),24/03/26 23:00:00,Annual,Liquefied natural gas,Russia,Million cubic metres,Romania,1990,0.000,,
ESTAT:NRG_TI_GAS(1.0),24/03/26 23:00:00,Annual,Liquefied natural gas,Russia,Million cubic metres,Romania,1991,0.000,,
ESTAT:NRG_TI_GAS(1.0),24/03/26 23:00:00,Annual,Liquefied natural gas,Russia,Million cubic metres,Romania,1992,0.000,,
ESTAT:NRG_TI_GAS(1.0),24/03/26 23:00:00,Annual,Liquefied natural gas,Russia,Million cubic metres,Romania,1993,0.000,,
ESTAT:NRG_TI_GAS(1.0),24/03/26 23:00:00,Annual,Liquefied natural gas,Russia,Million cubic metres,Romania,1994,0.000,,
ESTAT:NRG_TI_GAS(1.0),24/03/26 23:00:00,Annual,Liquefied natural gas,Russia,Million cubic metres,Romania,1995,0.000,,
ESTAT:NRG_TI_GAS(1.0),24/03/26 23:00:00,Annual,Liquefied natural gas,Russia,Million cubic metres,Romania,1996,0.000,,
ESTAT:NRG_TI_GAS(1.0),24/03/26 23:00:00,Annual,Liquefied natural gas,Russia,Million cubic metres,Romania,1997,0.000,,
ESTAT:NRG_TI_GAS(1.0),24/03/26 23:00:00,Annual,Liquefied natural gas,Russia,Million cubic metres,Romania,1998,0.000,,
ESTAT:NRG_TI_GAS(1.0),24/03/26 23:00:00,Annual,Liquefied natural gas,Russia,Million cubic metres,Romania,1999,0.000,,
ESTAT:NRG_TI_GAS(1.0),24/03/26 23:00:00,Annual,Liquefied natural gas,Russia,Million cubic metres,Romania,2000,0.000,,
ESTAT:NRG_TI_GAS(1.0),24/03/26 23:00:00,Annual,Liquefied natural gas,Russia,Million cubic metres,Romania,2001,0.000,,
ESTAT:NRG_TI_GAS(1.0),24/03/26 23:00:00,Annual,Liquefied natural gas,Russia,Million cubic metres,Romania,2002,0.000,,
ESTAT:NRG_TI_GAS(1.0),24/03/26 23:00:00,Annual,Liquefied natural gas,Russia,Million cubic metres,Romania,2003,0.000,,
ESTAT:NRG_TI_GAS(1.0),24/03/26 23:00:00,Annual,Liquefied natural gas,Russia,Million cubic metres,Romania,2004,0.000,,
ESTAT:NRG_TI_GAS(1.0),24/03/26 23:00:00,Annual,Liquefied natural gas,Russia,Million cubic metres,Romania,2005,0.000,,
ESTAT:NRG_TI_GAS(1.0),24/03/26 23:00:00,Annual,Liquefied natural gas,Russia,Million cubic metres,Romania,2006,0.000,,
ESTAT:NRG_TI_GAS(1.0),24/03/26 23:00:00,Annual,Liquefied natural gas,Russia,Million cubic metres,Romania,2007,0.000,,
ESTAT:NRG_TI_GAS(1.0),24/03/26 23:00:00,Annual,Liquefied natural gas,Russia,Million cubic metres,Romania,2008,0.000,,
ESTAT:NRG_TI_GAS(1.0),24/03/26 23:00:00,Annual,Liquefied natural gas,Russia,Million cubic metres,Romania,2009,0.000,,
ESTAT:NRG_TI_GAS(1.0),24/03/26 23:00:00,Annual,Liquefied natural gas,Russia,Million cubic metres,Romania,2010,0.000,,
ESTAT:NRG_TI_GAS(1.0),24/03/26 23:00:00,Annual,Liquefied natural gas,Russia,Million cubic metres,Romania,2011,0.000,,
ESTAT:NRG_TI_GAS(1.0),24/03/26 23:00:00,Annual,Liquefied natural gas,Russia,Million cubic metres,Romania,2012,0.000,,
ESTAT:NRG_TI_GAS(1.0),24/03/26 23:00:00,Annual,Liquefied natural gas,Russia,Million cubic metres,Romania,2013,0.000,,
ESTAT:NRG_TI_GAS(1.0),24/03/26 23:00:00,Annual,Liquefied natural gas,Russia,Million cubic metres,Romania,2014,0.000,,
ESTAT:NRG_TI_GAS(1.0),24/03/26 23:00:00,Annual,Liquefied natural gas,Russia,Million cubic metres,Romania,2015,0.000,,
ESTAT:NRG_TI_GAS(1.0),24/03/26 23:00:00,Annual,Liquefied natural gas,Russia,Million cubic metres,Romania,2016,0.000,,
ESTAT:NRG_TI_GAS(1.0),24/03/26 23:00:00,Annual,Liquefied natural gas,Russia,Million cubic metres,Romania,2017,0.000,,
ESTAT:NRG_TI_GAS(1.0),24/03/26 23:00:00,Annual,Liquefied natural gas,Russia,Million cubic metres,Romania,2018,0.000,,
ESTAT:NRG_TI_GAS(1.0),24/03/26 23:00:00,Annual,Liquefied natural gas,Russia,Million cubic metres,Romania,2019,0.000,,
ESTAT:NRG_TI_GAS(1.0),24/03/26 23:00:00,Annual,Liquefied natural gas,Russia,Million cubic metres,Romania,2020,0.000,,
ESTAT:NRG_TI_GAS(1.0),24/03/26 23:00:00,Annual,Liquefied natural gas,Russia,Million cubic metres,Romania,2021,0.000,,
ESTAT:NRG_TI_GAS(1.0),24/03/26 23:00:00,Annual,Liquefied natural gas,Russia,Million cubic metres,Romania,2022,0.000,,
ESTAT:NRG_TI_GAS(1.0),24/03/26 23:00:00,Annual,Liquefied natural gas,Russia,Million cubic metres,Romania,2023,0.000,,
ESTAT:NRG_TI_GAS(1.0),24/03/26 23:00:00,Annual,Liquefied natural gas,Russia,Million cubic metres,Romania,2024,0.000,,
ESTAT:NRG_TI_GAS(1.0),24/03/26 23:00:00,Annual,Liquefied natural gas,Russia,Million cubic metres,Serbia,1990,0.000,,
ESTAT:NRG_TI_GAS(1.0),24/03/26 23:00:00,Annual,Liquefied natural gas,Russia,Million cubic metres,Serbia,1991,0.000,,
ESTAT:NRG_TI_GAS(1.0),24/03/26 23:00:00,Annual,Liquefied natural gas,Russia,Million cubic metres,Serbia,1992,0.000,,
ESTAT:NRG_TI_GAS(1.0),24/03/26 23:00:00,Annual,Liquefied natural gas,Russia,Million cubic metres,Serbia,1993,0.000,,
ESTAT:NRG_TI_GAS(1.0),24/03/26 23:00:00,Annual,Liquefied natural gas,Russia,Million cubic metres,Serbia,1994,0.000,,
ESTAT:NRG_TI_GAS(1.0),24/03/26 23:00:00,Annual,Liquefied natural gas,Russia,Million cubic metres,Serbia,1995,0.000,,
ESTAT:NRG_TI_GAS(1.0),24/03/26 23:00:00,Annual,Liquefied natural gas,Russia,Million cubic metres,Serbia,1996,0.000,,
ESTAT:NRG_TI_GAS(1.0),24/03/26 23:00:00,Annual,Liquefied natural gas,Russia,Million cubic metres,Serbia,1997,0.000,,
ESTAT:NRG_TI_GAS(1.0),24/03/26 23:00:00,Annual,Liquefied natural gas,Russia,Million cubic metres,Serbia,1998,0.000,,
ESTAT:NRG_TI_GAS(1.0),24/03/26 23:00:00,Annual,Liquefied natural gas,Russia,Million cubic metres,Serbia,1999,0.000,,
ESTAT:NRG_TI_GAS(1.0),24/03/26 23:00:00,Annual,Liquefied natural gas,Russia,Million cubic metres,Serbia,2000,0.000,,
ESTAT:NRG_TI_GAS(1.0),24/03/26 23:00:00,Annual,Liquefied natural gas,Russia,Million cubic metres,Serbia,2001,0.000,,
ESTAT:NRG_TI_GAS(1.0),24/03/26 23:00:00,Annual,Liquefied natural gas,Russia,Million cubic metres,Serbia,2002,0.000,,
ESTAT:NRG_TI_GAS(1.0),24/03/26 23:00:00,Annual,Liquefied natural gas,Russia,Million cubic metres,Serbia,2003,0.000,,
ESTAT:NRG_TI_GAS(1.0),24/03/26 23:00:00,Annual,Liquefied natural gas,Russia,Million cubic metres,Serbia,2004,0.000,,
ESTAT:NRG_TI_GAS(1.0),24/03/26 23:00:00,Annual,Liquefied natural gas,Russia,Million cubic metres,Serbia,2005,0.000,,
ESTAT:NRG_TI_GAS(1.0),24/03/26 23:00:00,Annual,Liquefied natural gas,Russia,Million cubic metres,Serbia,2006,0.000,,
ESTAT:NRG_TI_GAS(1.0),24/03/26 23:00:00,Annual,Liquefied natural gas,Russia,Million cubic metres,Serbia,2007,0.000,,
ESTAT:NRG_TI_GAS(1.0),24/03/26 23:00:00,Annual,Liquefied natural gas,Russia,Million cubic metres,Serbia,2008,0.000,,
ESTAT:NRG_TI_GAS(1.0),24/03/26 23:00:00,Annual,Liquefied natural gas,Russia,Million cubic metres,Serbia,2009,0.000,,
ESTAT:NRG_TI_GAS(1.0),24/03/26 23:00:00,Annual,Liquefied natural gas,Russia,Million cubic metres,Serbia,2010,0.000,,
ESTAT:NRG_TI_GAS(1.0),24/03/26 23:00:00,Annual,Liquefied natural gas,Russia,Million cubic metres,Serbia,2011,0.000,,
ESTAT:NRG_TI_GAS(1.0),24/03/26 23:00:00,Annual,Liquefied natural gas,Russia,Million cubic metres,Serbia,2012,0.000,,
ESTAT:NRG_TI_GAS(1.0),24/03/26 23:00:00,Annual,Liquefied natural gas,Russia,Million cubic metres,Serbia,2013,0.000,,
ESTAT:NRG_TI_GAS(1.0),24/03/26 23:00:00,Annual,Liquefied natural gas,Russia,Million cubic metres,Serbia,2014,0.000,,
ESTAT:NRG_TI_GAS(1.0),24/03/26 23:00:00,Annual,Liquefied natural gas,Russia,Million cubic metres,Serbia,2015,0.000,,
ESTAT:NRG_TI_GAS(1.0),24/03/26 23:00:00,Annual,Liquefied natural gas,Russia,Million cubic metres,Serbia,2016,0.000,,
ESTAT:NRG_TI_GAS(1.0),24/03/26 23:00:00,Annual,Liquefied natural gas,Russia,Million cubic metres,Serbia,2017,0.000,,
ESTAT:NRG_TI_GAS(1.0),24/03/26 23:00:00,Annual,Liquefied natural gas,Russia,Million cubic metres,Serbia,2018,0.000,,
ESTAT:NRG_TI_GAS(1.0),24/03/26 23:00:00,Annual,Liquefied natural gas,Russia,Million cubic metres,Serbia,2019,0.000,,
ESTAT:NRG_TI_GAS(1.0),24/03/26 23:00:00,Annual,Liquefied natural gas,Russia,Million cubic metres,Serbia,2020,0.000,,
ESTAT:NRG_TI_GAS(1.0),24/03/26 23:00:00,Annual,Liquefied natural gas,Russia,Million cubic metres,Serbia,2021,0.000,,
ESTAT:NRG_TI_GAS(1.0),24/03/26 23:00:00,Annual,Liquefied natural gas,Russia,Million cubic metres,Serbia,2022,0.000,,
ESTAT:NRG_TI_GAS(1.0),24/03/26 23:00:00,Annual,Liquefied natural gas,Russia,Million cubic metres,Serbia,2023,0.000,,
ESTAT:NRG_TI_GAS(1.0),24/03/26 23:00:00,Annual,Liquefied natural gas,Russia,Million cubic metres,Serbia,2024,0.000,,
ESTAT:NRG_TI_GAS(1.0),24/03/26 23:00:00,Annual,Liquefied natural gas,Russia,Million cubic metres,Sweden,1990,0.000,,
ESTAT:NRG_TI_GAS(1.0),24/03/26 23:00:00,Annual,Liquefied natural gas,Russia,Million cubic metres,Sweden,1991,0.000,,
ESTAT:NRG_TI_GAS(1.0),24/03/26 23:00:00,Annual,Liquefied natural gas,Russia,Million cubic metres,Sweden,1992,0.000,,
ESTAT:NRG_TI_GAS(1.0),24/03/26 23:00:00,Annual,Liquefied natural gas,Russia,Million cubic metres,Sweden,1993,0.000,,
ESTAT:NRG_TI_GAS(1.0),24/03/26 23:00:00,Annual,Liquefied natural gas,Russia,Million cubic metres,Sweden,1994,0.000,,
ESTAT:NRG_TI_GAS(1.0),24/03/26 23:00:00,Annual,Liquefied natural gas,Russia,Million cubic metres,Sweden,1995,0.000,,
ESTAT:NRG_TI_GAS(1.0),24/03/26 23:00:00,Annual,Liquefied natural gas,Russia,Million cubic metres,Sweden,1996,0.000,,
ESTAT:NRG_TI_GAS(1.0),24/03/26 23:00:00,Annual,Liquefied natural gas,Russia,Million cubic metres,Sweden,1997,0.000,,
ESTAT:NRG_TI_GAS(1.0),24/03/26 23:00:00,Annual,Liquefied natural gas,Russia,Million cubic metres,Sweden,1998,0.000,,
ESTAT:NRG_TI_GAS(1.0),24/03/26 23:00:00,Annual,Liquefied natural gas,Russia,Million cubic metres,Sweden,1999,0.000,,
ESTAT:NRG_TI_GAS(1.0),24/03/26 23:00:00,Annual,Liquefied natural gas,Russia,Million cubic metres,Sweden,2000,0.000,,
ESTAT:NRG_TI_GAS(1.0),24/03/26 23:00:00,Annual,Liquefied natural gas,Russia,Million cubic metres,Sweden,2001,0.000,,
ESTAT:NRG_TI_GAS(1.0),24/03/26 23:00:00,Annual,Liquefied natural gas,Russia,Million cubic metres,Sweden,2002,0.000,,
ESTAT:NRG_TI_GAS(1.0),24/03/26 23:00:00,Annual,Liquefied natural gas,Russia,Million cubic metres,Sweden,2003,0.000,,
ESTAT:NRG_TI_GAS(1.0),24/03/26 23:00:00,Annual,Liquefied natural gas,Russia,Million cubic metres,Sweden,2004,0.000,,
ESTAT:NRG_TI_GAS(1.0),24/03/26 23:00:00,Annual,Liquefied natural gas,Russia,Million cubic metres,Sweden,2005,0.000,,
ESTAT:NRG_TI_GAS(1.0),24/03/26 23:00:00,Annual,Liquefied natural gas,Russia,Million cubic metres,Sweden,2006,0.000,,
ESTAT:NRG_TI_GAS(1.0),24/03/26 23:00:00,Annual,Liquefied natural gas,Russia,Million cubic metres,Sweden,2007,0.000,,
ESTAT:NRG_TI_GAS(1.0),24/03/26 23:00:00,Annual,Liquefied natural gas,Russia,Million cubic metres,Sweden,2008,0.000,,
ESTAT:NRG_TI_GAS(1.0),24/03/26 23:00:00,Annual,Liquefied natural gas,Russia,Million cubic metres,Sweden,2009,0.000,,
ESTAT:NRG_TI_GAS(1.0),24/03/26 23:00:00,Annual,Liquefied natural gas,Russia,Million cubic metres,Sweden,2010,0.000,,
ESTAT:NRG_TI_GAS(1.0),24/03/26 23:00:00,Annual,Liquefied natural gas,Russia,Million cubic metres,Sweden,2011,0.000,,
ESTAT:NRG_TI_GAS(1.0),24/03/26 23:00:00,Annual,Liquefied natural gas,Russia,Million cubic metres,Sweden,2012,0.000,,
ESTAT:NRG_TI_GAS(1.0),24/03/26 23:00:00,Annual,Liquefied natural gas,Russia,Million cubic metres,Sweden,2013,0.000,,
ESTAT:NRG_TI_GAS(1.0),24/03/26 23:00:00,Annual,Liquefied natural gas,Russia,Million cubic metres,Sweden,2014,0.000,,
ESTAT:NRG_TI_GAS(1.0),24/03/26 23:00:00,Annual,Liquefied natural gas,Russia,Million cubic metres,Sweden,2015,0.000,,
ESTAT:NRG_TI_GAS(1.0),24/03/26 23:00:00,Annual,Liquefied natural gas,Russia,Million cubic metres,Sweden,2016,0.000,,
ESTAT:NRG_TI_GAS(1.0),24/03/26 23:00:00,Annual,Liquefied natural gas,Russia,Million cubic metres,Sweden,2017,0.000,,
ESTAT:NRG_TI_GAS(1.0),24/03/26 23:00:00,Annual,Liquefied natural gas,Russia,Million cubic metres,Sweden,2018,0.000,,
ESTAT:NRG_TI_GAS(1.0),24/03/26 23:00:00,Annual,Liquefied natural gas,Russia,Million cubic metres,Sweden,2019,0.000,,
ESTAT:NRG_TI_GAS(1.0),24/03/26 23:00:00,Annual,Liquefied natural gas,Russia,Million cubic metres,Sweden,2020,184.303,,
ESTAT:NRG_TI_GAS(1.0),24/03/26 23:00:00,Annual,Liquefied natural gas,Russia,Million cubic metres,Sweden,2021,120.242,,
ESTAT:NRG_TI_GAS(1.0),24/03/26 23:00:00,Annual,Liquefied natural gas,Russia,Million cubic metres,Sweden,2022,64.889,,
ESTAT:NRG_TI_GAS(1.0),24/03/26 23:00:00,Annual,Liquefied natural gas,Russia,Million cubic metres,Sweden,2023,117.602,,
ESTAT:NRG_TI_GAS(1.0),24/03/26 23:00:00,Annual,Liquefied natural gas,Russia,Million cubic metres,Sweden,2024,61.990,,
ESTAT:NRG_TI_GAS(1.0),24/03/26 23:00:00,Annual,Liquefied natural gas,Russia,Million cubic metres,Slovenia,1990,0.000,,
ESTAT:NRG_TI_GAS(1.0),24/03/26 23:00:00,Annual,Liquefied natural gas,Russia,Million cubic metres,Slovenia,1991,0.000,,
ESTAT:NRG_TI_GAS(1.0),24/03/26 23:00:00,Annual,Liquefied natural gas,Russia,Million cubic metres,Slovenia,1992,0.000,,
ESTAT:NRG_TI_GAS(1.0),24/03/26 23:00:00,Annual,Liquefied natural gas,Russia,Million cubic metres,Slovenia,1993,0.000,,
ESTAT:NRG_TI_GAS(1.0),24/03/26 23:00:00,Annual,Liquefied natural gas,Russia,Million cubic metres,Slovenia,1994,0.000,,
ESTAT:NRG_TI_GAS(1.0),24/03/26 23:00:00,Annual,Liquefied natural gas,Russia,Million cubic metres,Slovenia,1995,0.000,,
ESTAT:NRG_TI_GAS(1.0),24/03/26 23:00:00,Annual,Liquefied natural gas,Russia,Million cubic metres,Slovenia,1996,0.000,,
ESTAT:NRG_TI_GAS(1.0),24/03/26 23:00:00,Annual,Liquefied natural gas,Russia,Million cubic metres,Slovenia,1997,0.000,,
ESTAT:NRG_TI_GAS(1.0),24/03/26 23:00:00,Annual,Liquefied natural gas,Russia,Million cubic metres,Slovenia,1998,0.000,,
ESTAT:NRG_TI_GAS(1.0),24/03/26 23:00:00,Annual,Liquefied natural gas,Russia,Million cubic metres,Slovenia,1999,0.000,,
ESTAT:NRG_TI_GAS(1.0),24/03/26 23:00:00,Annual,Liquefied natural gas,Russia,Million cubic metres,Slovenia,2000,0.000,,
ESTAT:NRG_TI_GAS(1.0),24/03/26 23:00:00,Annual,Liquefied natural gas,Russia,Million cubic metres,Slovenia,2001,0.000,,
ESTAT:NRG_TI_GAS(1.0),24/03/26 23:00:00,Annual,Liquefied natural gas,Russia,Million cubic metres,Slovenia,2002,0.000,,
ESTAT:NRG_TI_GAS(1.0),24/03/26 23:00:00,Annual,Liquefied natural gas,Russia,Million cubic metres,Slovenia,2003,0.000,,
ESTAT:NRG_TI_GAS(1.0),24/03/26 23:00:00,Annual,Liquefied natural gas,Russia,Million cubic metres,Slovenia,2004,0.000,,
ESTAT:NRG_TI_GAS(1.0),24/03/26 23:00:00,Annual,Liquefied natural gas,Russia,Million cubic metres,Slovenia,2005,0.000,,
ESTAT:NRG_TI_GAS(1.0),24/03/26 23:00:00,Annual,Liquefied natural gas,Russia,Million cubic metres,Slovenia,2006,0.000,,
ESTAT:NRG_TI_GAS(1.0),24/03/26 23:00:00,Annual,Liquefied natural gas,Russia,Million cubic metres,Slovenia,2007,0.000,,
ESTAT:NRG_TI_GAS(1.0),24/03/26 23:00:00,Annual,Liquefied natural gas,Russia,Million cubic metres,Slovenia,2008,0.000,,
ESTAT:NRG_TI_GAS(1.0),24/03/26 23:00:00,Annual,Liquefied natural gas,Russia,Million cubic metres,Slovenia,2009,0.000,,
ESTAT:NRG_TI_GAS(1.0),24/03/26 23:00:00,Annual,Liquefied natural gas,Russia,Million cubic metres,Slovenia,2010,0.000,,
ESTAT:NRG_TI_GAS(1.0),24/03/26 23:00:00,Annual,Liquefied natural gas,Russia,Million cubic metres,Slovenia,2011,0.000,,
ESTAT:NRG_TI_GAS(1.0),24/03/26 23:00:00,Annual,Liquefied natural gas,Russia,Million cubic metres,Slovenia,2012,0.000,,
ESTAT:NRG_TI_GAS(1.0),24/03/26 23:00:00,Annual,Liquefied natural gas,Russia,Million cubic metres,Slovenia,2013,0.000,,
ESTAT:NRG_TI_GAS(1.0),24/03/26 23:00:00,Annual,Liquefied natural gas,Russia,Million cubic metres,Slovenia,2014,0.000,,
ESTAT:NRG_TI_GAS(1.0),24/03/26 23:00:00,Annual,Liquefied natural gas,Russia,Million cubic metres,Slovenia,2015,0.000,,
ESTAT:NRG_TI_GAS(1.0),24/03/26 23:00:00,Annual,Liquefied natural gas,Russia,Million cubic metres,Slovenia,2016,0.000,,
ESTAT:NRG_TI_GAS(1.0),24/03/26 23:00:00,Annual,Liquefied natural gas,Russia,Million cubic metres,Slovenia,2017,0.000,,
ESTAT:NRG_TI_GAS(1.0),24/03/26 23:00:00,Annual,Liquefied natural gas,Russia,Million cubic metres,Slovenia,2018,0.000,,
ESTAT:NRG_TI_GAS(1.0),24/03/26 23:00:00,Annual,Liquefied natural gas,Russia,Million cubic metres,Slovenia,2019,0.000,,
ESTAT:NRG_TI_GAS(1.0),24/03/26 23:00:00,Annual,Liquefied natural gas,Russia,Million cubic metres,Slovenia,2020,0.000,,
ESTAT:NRG_TI_GAS(1.0),24/03/26 23:00:00,Annual,Liquefied natural gas,Russia,Million cubic metres,Slovenia,2021,0.000,,
ESTAT:NRG_TI_GAS(1.0),24/03/26 23:00:00,Annual,Liquefied natural gas,Russia,Million cubic metres,Slovenia,2022,0.000,,
ESTAT:NRG_TI_GAS(1.0),24/03/26 23:00:00,Annual,Liquefied natural gas,Russia,Million cubic metres,Slovenia,2023,0.000,,
ESTAT:NRG_TI_GAS(1.0),24/03/26 23:00:00,Annual,Liquefied natural gas,Russia,Million cubic metres,Slovenia,2024,0.000,,
ESTAT:NRG_TI_GAS(1.0),24/03/26 23:00:00,Annual,Liquefied natural gas,Russia,Million cubic metres,Slovakia,1990,0.000,,
ESTAT:NRG_TI_GAS(1.0),24/03/26 23:00:00,Annual,Liquefied natural gas,Russia,Million cubic metres,Slovakia,1991,0.000,,
ESTAT:NRG_TI_GAS(1.0),24/03/26 23:00:00,Annual,Liquefied natural gas,Russia,Million cubic metres,Slovakia,1992,0.000,,
ESTAT:NRG_TI_GAS(1.0),24/03/26 23:00:00,Annual,Liquefied natural gas,Russia,Million cubic metres,Slovakia,1993,0.000,,
ESTAT:NRG_TI_GAS(1.0),24/03/26 23:00:00,Annual,Liquefied natural gas,Russia,Million cubic metres,Slovakia,1994,0.000,,
ESTAT:NRG_TI_GAS(1.0),24/03/26 23:00:00,Annual,Liquefied natural gas,Russia,Million cubic metres,Slovakia,1995,0.000,,
ESTAT:NRG_TI_GAS(1.0),24/03/26 23:00:00,Annual,Liquefied natural gas,Russia,Million cubic metres,Slovakia,1996,0.000,,
ESTAT:NRG_TI_GAS(1.0),24/03/26 23:00:00,Annual,Liquefied natural gas,Russia,Million cubic metres,Slovakia,1997,0.000,,
ESTAT:NRG_TI_GAS(1.0),24/03/26 23:00:00,Annual,Liquefied natural gas,Russia,Million cubic metres,Slovakia,1998,0.000,,
ESTAT:NRG_TI_GAS(1.0),24/03/26 23:00:00,Annual,Liquefied natural gas,Russia,Million cubic metres,Slovakia,1999,0.000,,
ESTAT:NRG_TI_GAS(1.0),24/03/26 23:00:00,Annual,Liquefied natural gas,Russia,Million cubic metres,Slovakia,2000,0.000,,
ESTAT:NRG_TI_GAS(1.0),24/03/26 23:00:00,Annual,Liquefied natural gas,Russia,Million cubic metres,Slovakia,2001,0.000,,
ESTAT:NRG_TI_GAS(1.0),24/03/26 23:00:00,Annual,Liquefied natural gas,Russia,Million cubic metres,Slovakia,2002,0.000,,
ESTAT:NRG_TI_GAS(1.0),24/03/26 23:00:00,Annual,Liquefied natural gas,Russia,Million cubic metres,Slovakia,2003,0.000,,
ESTAT:NRG_TI_GAS(1.0),24/03/26 23:00:00,Annual,Liquefied natural gas,Russia,Million cubic metres,Slovakia,2004,0.000,,
ESTAT:NRG_TI_GAS(1.0),24/03/26 23:00:00,Annual,Liquefied natural gas,Russia,Million cubic metres,Slovakia,2005,0.000,,
ESTAT:NRG_TI_GAS(1.0),24/03/26 23:00:00,Annual,Liquefied natural gas,Russia,Million cubic metres,Slovakia,2006,0.000,,
ESTAT:NRG_TI_GAS(1.0),24/03/26 23:00:00,Annual,Liquefied natural gas,Russia,Million cubic metres,Slovakia,2007,0.000,,
ESTAT:NRG_TI_GAS(1.0),24/03/26 23:00:00,Annual,Liquefied natural gas,Russia,Million cubic metres,Slovakia,2008,0.000,,
ESTAT:NRG_TI_GAS(1.0),24/03/26 23:00:00,Annual,Liquefied natural gas,Russia,Million cubic metres,Slovakia,2009,0.000,,
ESTAT:NRG_TI_GAS(1.0),24/03/26 23:00:00,Annual,Liquefied natural gas,Russia,Million cubic metres,Slovakia,2010,0.000,,
ESTAT:NRG_TI_GAS(1.0),24/03/26 23:00:00,Annual,Liquefied natural gas,Russia,Million cubic metres,Slovakia,2011,0.000,,
ESTAT:NRG_TI_GAS(1.0),24/03/26 23:00:00,Annual,Liquefied natural gas,Russia,Million cubic metres,Slovakia,2012,0.000,,
ESTAT:NRG_TI_GAS(1.0),24/03/26 23:00:00,Annual,Liquefied natural gas,Russia,Million cubic metres,Slovakia,2013,0.000,,
ESTAT:NRG_TI_GAS(1.0),24/03/26 23:00:00,Annual,Liquefied natural gas,Russia,Million cubic metres,Slovakia,2014,0.000,,
ESTAT:NRG_TI_GAS(1.0),24/03/26 23:00:00,Annual,Liquefied natural gas,Russia,Million cubic metres,Slovakia,2015,0.000,,
ESTAT:NRG_TI_GAS(1.0),24/03/26 23:00:00,Annual,Liquefied natural gas,Russia,Million cubic metres,Slovakia,2016,0.000,,
ESTAT:NRG_TI_GAS(1.0),24/03/26 23:00:00,Annual,Liquefied natural gas,Russia,Million cubic metres,Slovakia,2017,0.000,,
ESTAT:NRG_TI_GAS(1.0),24/03/26 23:00:00,Annual,Liquefied natural gas,Russia,Million cubic metres,Slovakia,2018,0.000,,
ESTAT:NRG_TI_GAS(1.0),24/03/26 23:00:00,Annual,Liquefied natural gas,Russia,Million cubic metres,Slovakia,2019,0.000,,
ESTAT:NRG_TI_GAS(1.0),24/03/26 23:00:00,Annual,Liquefied natural gas,Russia,Million cubic metres,Slovakia,2020,0.000,,
ESTAT:NRG_TI_GAS(1.0),24/03/26 23:00:00,Annual,Liquefied natural gas,Russia,Million cubic metres,Slovakia,2021,0.000,,
ESTAT:NRG_TI_GAS(1.0),24/03/26 23:00:00,Annual,Liquefied natural gas,Russia,Million cubic metres,Slovakia,2022,0.000,,
ESTAT:NRG_TI_GAS(1.0),24/03/26 23:00:00,Annual,Liquefied natural gas,Russia,Million cubic metres,Slovakia,2023,0.000,,
ESTAT:NRG_TI_GAS(1.0),24/03/26 23:00:00,Annual,Liquefied natural gas,Russia,Million cubic metres,Slovakia,2024,0.000,,
ESTAT:NRG_TI_GAS(1.0),24/03/26 23:00:00,Annual,Liquefied natural gas,Russia,Million cubic metres,Türkiye,1990,0.000,,
ESTAT:NRG_TI_GAS(1.0),24/03/26 23:00:00,Annual,Liquefied natural gas,Russia,Million cubic metres,Türkiye,1991,0.000,,
ESTAT:NRG_TI_GAS(1.0),24/03/26 23:00:00,Annual,Liquefied natural gas,Russia,Million cubic metres,Türkiye,1992,0.000,,
ESTAT:NRG_TI_GAS(1.0),24/03/26 23:00:00,Annual,Liquefied natural gas,Russia,Million cubic metres,Türkiye,1993,0.000,,
ESTAT:NRG_TI_GAS(1.0),24/03/26 23:00:00,Annual,Liquefied natural gas,Russia,Million cubic metres,Türkiye,1994,0.000,,
ESTAT:NRG_TI_GAS(1.0),24/03/26 23:00:00,Annual,Liquefied natural gas,Russia,Million cubic metres,Türkiye,1995,0.000,,
ESTAT:NRG_TI_GAS(1.0),24/03/26 23:00:00,Annual,Liquefied natural gas,Russia,Million cubic metres,Türkiye,1996,0.000,,
ESTAT:NRG_TI_GAS(1.0),24/03/26 23:00:00,Annual,Liquefied natural gas,Russia,Million cubic metres,Türkiye,1997,0.000,,
ESTAT:NRG_TI_GAS(1.0),24/03/26 23:00:00,Annual,Liquefied natural gas,Russia,Million cubic metres,Türkiye,1998,0.000,,
ESTAT:NRG_TI_GAS(1.0),24/03/26 23:00:00,Annual,Liquefied natural gas,Russia,Million cubic metres,Türkiye,1999,0.000,,
ESTAT:NRG_TI_GAS(1.0),24/03/26 23:00:00,Annual,Liquefied natural gas,Russia,Million cubic metres,Türkiye,2000,0.000,,
ESTAT:NRG_TI_GAS(1.0),24/03/26 23:00:00,Annual,Liquefied natural gas,Russia,Million cubic metres,Türkiye,2001,0.000,,
ESTAT:NRG_TI_GAS(1.0),24/03/26 23:00:00,Annual,Liquefied natural gas,Russia,Million cubic metres,Türkiye,2002,0.000,,
ESTAT:NRG_TI_GAS(1.0),24/03/26 23:00:00,Annual,Liquefied natural gas,Russia,Million cubic metres,Türkiye,2003,0.000,,
ESTAT:NRG_TI_GAS(1.0),24/03/26 23:00:00,Annual,Liquefied natural gas,Russia,Million cubic metres,Türkiye,2004,0.000,,
ESTAT:NRG_TI_GAS(1.0),24/03/26 23:00:00,Annual,Liquefied natural gas,Russia,Million cubic metres,Türkiye,2005,0.000,,
ESTAT:NRG_TI_GAS(1.0),24/03/26 23:00:00,Annual,Liquefied natural gas,Russia,Million cubic metres,Türkiye,2006,0.000,,
ESTAT:NRG_TI_GAS(1.0),24/03/26 23:00:00,Annual,Liquefied natural gas,Russia,Million cubic metres,Türkiye,2007,0.000,,
ESTAT:NRG_TI_GAS(1.0),24/03/26 23:00:00,Annual,Liquefied natural gas,Russia,Million cubic metres,Türkiye,2008,0.000,,
ESTAT:NRG_TI_GAS(1.0),24/03/26 23:00:00,Annual,Liquefied natural gas,Russia,Million cubic metres,Türkiye,2009,0.000,,
ESTAT:NRG_TI_GAS(1.0),24/03/26 23:00:00,Annual,Liquefied natural gas,Russia,Million cubic metres,Türkiye,2010,0.000,,
ESTAT:NRG_TI_GAS(1.0),24/03/26 23:00:00,Annual,Liquefied natural gas,Russia,Million cubic metres,Türkiye,2011,0.000,,
ESTAT:NRG_TI_GAS(1.0),24/03/26 23:00:00,Annual,Liquefied natural gas,Russia,Million cubic metres,Türkiye,2012,0.000,,
ESTAT:NRG_TI_GAS(1.0),24/03/26 23:00:00,Annual,Liquefied natural gas,Russia,Million cubic metres,Türkiye,2013,0.000,,
ESTAT:NRG_TI_GAS(1.0),24/03/26 23:00:00,Annual,Liquefied natural gas,Russia,Million cubic metres,Türkiye,2014,0.000,,
ESTAT:NRG_TI_GAS(1.0),24/03/26 23:00:00,Annual,Liquefied natural gas,Russia,Million cubic metres,Türkiye,2015,0.000,,
ESTAT:NRG_TI_GAS(1.0),24/03/26 23:00:00,Annual,Liquefied natural gas,Russia,Million cubic metres,Türkiye,2016,0.000,,
ESTAT:NRG_TI_GAS(1.0),24/03/26 23:00:00,Annual,Liquefied natural gas,Russia,Million cubic metres,Türkiye,2017,0.000,,
ESTAT:NRG_TI_GAS(1.0),24/03/26 23:00:00,Annual,Liquefied natural gas,Russia,Million cubic metres,Türkiye,2018,0.000,,
ESTAT:NRG_TI_GAS(1.0),24/03/26 23:00:00,Annual,Liquefied natural gas,Russia,Million cubic metres,Türkiye,2019,0.000,,
ESTAT:NRG_TI_GAS(1.0),24/03/26 23:00:00,Annual,Liquefied natural gas,Russia,Million cubic metres,Türkiye,2020,0.000,,
ESTAT:NRG_TI_GAS(1.0),24/03/26 23:00:00,Annual,Liquefied natural gas,Russia,Million cubic metres,Türkiye,2021,0.000,,
ESTAT:NRG_TI_GAS(1.0),24/03/26 23:00:00,Annual,Liquefied natural gas,Russia,Million cubic metres,Türkiye,2022,193.410,,
ESTAT:NRG_TI_GAS(1.0),24/03/26 23:00:00,Annual,Liquefied natural gas,Russia,Million cubic metres,Türkiye,2023,789.667,,
ESTAT:NRG_TI_GAS(1.0),24/03/26 23:00:00,Annual,Liquefied natural gas,Russia,Million cubic metres,Türkiye,2024,496.746,,
ESTAT:NRG_TI_GAS(1.0),24/03/26 23:00:00,Annual,Liquefied natural gas,Russia,Million cubic metres,Ukraine,1990,0.000,,
ESTAT:NRG_TI_GAS(1.0),24/03/26 23:00:00,Annual,Liquefied natural gas,Russia,Million cubic metres,Ukraine,1991,0.000,,
ESTAT:NRG_TI_GAS(1.0),24/03/26 23:00:00,Annual,Liquefied natural gas,Russia,Million cubic metres,Ukraine,1992,0.000,,
ESTAT:NRG_TI_GAS(1.0),24/03/26 23:00:00,Annual,Liquefied natural gas,Russia,Million cubic metres,Ukraine,1993,0.000,,
ESTAT:NRG_TI_GAS(1.0),24/03/26 23:00:00,Annual,Liquefied natural gas,Russia,Million cubic metres,Ukraine,1994,0.000,,
ESTAT:NRG_TI_GAS(1.0),24/03/26 23:00:00,Annual,Liquefied natural gas,Russia,Million cubic metres,Ukraine,1995,0.000,,
ESTAT:NRG_TI_GAS(1.0),24/03/26 23:00:00,Annual,Liquefied natural gas,Russia,Million cubic metres,Ukraine,1996,0.000,,
ESTAT:NRG_TI_GAS(1.0),24/03/26 23:00:00,Annual,Liquefied natural gas,Russia,Million cubic metres,Ukraine,1997,0.000,,
ESTAT:NRG_TI_GAS(1.0),24/03/26 23:00:00,Annual,Liquefied natural gas,Russia,Million cubic metres,Ukraine,1998,0.000,,
ESTAT:NRG_TI_GAS(1.0),24/03/26 23:00:00,Annual,Liquefied natural gas,Russia,Million cubic metres,Ukraine,1999,0.000,,
ESTAT:NRG_TI_GAS(1.0),24/03/26 23:00:00,Annual,Liquefied natural gas,Russia,Million cubic metres,Ukraine,2000,0.000,,
ESTAT:NRG_TI_GAS(1.0),24/03/26 23:00:00,Annual,Liquefied natural gas,Russia,Million cubic metres,Ukraine,2001,0.000,,
ESTAT:NRG_TI_GAS(1.0),24/03/26 23:00:00,Annual,Liquefied natural gas,Russia,Million cubic metres,Ukraine,2002,0.000,,
ESTAT:NRG_TI_GAS(1.0),24/03/26 23:00:00,Annual,Liquefied natural gas,Russia,Million cubic metres,Ukraine,2003,0.000,,
ESTAT:NRG_TI_GAS(1.0),24/03/26 23:00:00,Annual,Liquefied natural gas,Russia,Million cubic metres,Ukraine,2004,0.000,,
ESTAT:NRG_TI_GAS(1.0),24/03/26 23:00:00,Annual,Liquefied natural gas,Russia,Million cubic metres,Ukraine,2005,0.000,,
ESTAT:NRG_TI_GAS(1.0),24/03/26 23:00:00,Annual,Liquefied natural gas,Russia,Million cubic metres,Ukraine,2006,0.000,,
ESTAT:NRG_TI_GAS(1.0),24/03/26 23:00:00,Annual,Liquefied natural gas,Russia,Million cubic metres,Ukraine,2007,0.000,,
ESTAT:NRG_TI_GAS(1.0),24/03/26 23:00:00,Annual,Liquefied natural gas,Russia,Million cubic metres,Ukraine,2008,0.000,,
ESTAT:NRG_TI_GAS(1.0),24/03/26 23:00:00,Annual,Liquefied natural gas,Russia,Million cubic metres,Ukraine,2009,0.000,,
ESTAT:NRG_TI_GAS(1.0),24/03/26 23:00:00,Annual,Liquefied natural gas,Russia,Million cubic metres,Ukraine,2010,0.000,,
ESTAT:NRG_TI_GAS(1.0),24/03/26 23:00:00,Annual,Liquefied natural gas,Russia,Million cubic metres,Ukraine,2011,0.000,,
ESTAT:NRG_TI_GAS(1.0),24/03/26 23:00:00,Annual,Liquefied natural gas,Russia,Million cubic metres,Ukraine,2012,0.000,,
ESTAT:NRG_TI_GAS(1.0),24/03/26 23:00:00,Annual,Liquefied natural gas,Russia,Million cubic metres,Ukraine,2013,0.000,,
ESTAT:NRG_TI_GAS(1.0),24/03/26 23:00:00,Annual,Liquefied natural gas,Russia,Million cubic metres,Ukraine,2014,0.000,,
ESTAT:NRG_TI_GAS(1.0),24/03/26 23:00:00,Annual,Liquefied natural gas,Russia,Million cubic metres,Ukraine,2015,0.000,,
ESTAT:NRG_TI_GAS(1.0),24/03/26 23:00:00,Annual,Liquefied natural gas,Russia,Million cubic metres,Ukraine,2016,0.000,,
ESTAT:NRG_TI_GAS(1.0),24/03/26 23:00:00,Annual,Liquefied natural gas,Russia,Million cubic metres,Ukraine,2017,0.000,,
ESTAT:NRG_TI_GAS(1.0),24/03/26 23:00:00,Annual,Liquefied natural gas,Russia,Million cubic metres,Ukraine,2018,0.000,,
ESTAT:NRG_TI_GAS(1.0),24/03/26 23:00:00,Annual,Liquefied natural gas,Russia,Million cubic metres,Ukraine,2019,0.000,,
ESTAT:NRG_TI_GAS(1.0),24/03/26 23:00:00,Annual,Liquefied natural gas,Russia,Million cubic metres,Ukraine,2020,0.000,,
ESTAT:NRG_TI_GAS(1.0),24/03/26 23:00:00,Annual,Liquefied natural gas,Russia,Million cubic metres,Ukraine,2021,,,
ESTAT:NRG_TI_GAS(1.0),24/03/26 23:00:00,Annual,Liquefied natural gas,Russia,Million cubic metres,Ukraine,2022,,,
ESTAT:NRG_TI_GAS(1.0),24/03/26 23:00:00,Annual,Liquefied natural gas,Russia,Million cubic metres,Ukraine,2023,,,
ESTAT:NRG_TI_GAS(1.0),24/03/26 23:00:00,Annual,Liquefied natural gas,Russia,Million cubic metres,Ukraine,2024,,,
ESTAT:NRG_TI_GAS(1.0),24/03/26 23:00:00,Annual,Liquefied natural gas,Russia,Million cubic metres,United Kingdom,1990,0.000,,
ESTAT:NRG_TI_GAS(1.0),24/03/26 23:00:00,Annual,Liquefied natural gas,Russia,Million cubic metres,United Kingdom,1991,0.000,,
ESTAT:NRG_TI_GAS(1.0),24/03/26 23:00:00,Annual,Liquefied natural gas,Russia,Million cubic metres,United Kingdom,1992,0.000,,
ESTAT:NRG_TI_GAS(1.0),24/03/26 23:00:00,Annual,Liquefied natural gas,Russia,Million cubic metres,United Kingdom,1993,0.000,,
ESTAT:NRG_TI_GAS(1.0),24/03/26 23:00:00,Annual,Liquefied natural gas,Russia,Million cubic metres,United Kingdom,1994,0.000,,
ESTAT:NRG_TI_GAS(1.0),24/03/26 23:00:00,Annual,Liquefied natural gas,Russia,Million cubic metres,United Kingdom,1995,0.000,,
ESTAT:NRG_TI_GAS(1.0),24/03/26 23:00:00,Annual,Liquefied natural gas,Russia,Million cubic metres,United Kingdom,1996,0.000,,
ESTAT:NRG_TI_GAS(1.0),24/03/26 23:00:00,Annual,Liquefied natural gas,Russia,Million cubic metres,United Kingdom,1997,0.000,,
ESTAT:NRG_TI_GAS(1.0),24/03/26 23:00:00,Annual,Liquefied natural gas,Russia,Million cubic metres,United Kingdom,1998,0.000,,
ESTAT:NRG_TI_GAS(1.0),24/03/26 23:00:00,Annual,Liquefied natural gas,Russia,Million cubic metres,United Kingdom,1999,0.000,,
ESTAT:NRG_TI_GAS(1.0),24/03/26 23:00:00,Annual,Liquefied natural gas,Russia,Million cubic metres,United Kingdom,2000,0.000,,
ESTAT:NRG_TI_GAS(1.0),24/03/26 23:00:00,Annual,Liquefied natural gas,Russia,Million cubic metres,United Kingdom,2001,0.000,,
ESTAT:NRG_TI_GAS(1.0),24/03/26 23:00:00,Annual,Liquefied natural gas,Russia,Million cubic metres,United Kingdom,2002,0.000,,
ESTAT:NRG_TI_GAS(1.0),24/03/26 23:00:00,Annual,Liquefied natural gas,Russia,Million cubic metres,United Kingdom,2003,0.000,,
ESTAT:NRG_TI_GAS(1.0),24/03/26 23:00:00,Annual,Liquefied natural gas,Russia,Million cubic metres,United Kingdom,2004,0.000,,
ESTAT:NRG_TI_GAS(1.0),24/03/26 23:00:00,Annual,Liquefied natural gas,Russia,Million cubic metres,United Kingdom,2005,0.000,,
ESTAT:NRG_TI_GAS(1.0),24/03/26 23:00:00,Annual,Liquefied natural gas,Russia,Million cubic metres,United Kingdom,2006,0.000,,
ESTAT:NRG_TI_GAS(1.0),24/03/26 23:00:00,Annual,Liquefied natural gas,Russia,Million cubic metres,United Kingdom,2007,0.000,,
ESTAT:NRG_TI_GAS(1.0),24/03/26 23:00:00,Annual,Liquefied natural gas,Russia,Million cubic metres,United Kingdom,2008,0.000,,
ESTAT:NRG_TI_GAS(1.0),24/03/26 23:00:00,Annual,Liquefied natural gas,Russia,Million cubic metres,United Kingdom,2009,0.000,,
ESTAT:NRG_TI_GAS(1.0),24/03/26 23:00:00,Annual,Liquefied natural gas,Russia,Million cubic metres,United Kingdom,2010,0.000,,
ESTAT:NRG_TI_GAS(1.0),24/03/26 23:00:00,Annual,Liquefied natural gas,Russia,Million cubic metres,United Kingdom,2011,0.000,,
ESTAT:NRG_TI_GAS(1.0),24/03/26 23:00:00,Annual,Liquefied natural gas,Russia,Million cubic metres,United Kingdom,2012,0.000,,
ESTAT:NRG_TI_GAS(1.0),24/03/26 23:00:00,Annual,Liquefied natural gas,Russia,Million cubic metres,United Kingdom,2013,0.000,,
ESTAT:NRG_TI_GAS(1.0),24/03/26 23:00:00,Annual,Liquefied natural gas,Russia,Million cubic metres,United Kingdom,2014,0.000,,
ESTAT:NRG_TI_GAS(1.0),24/03/26 23:00:00,Annual,Liquefied natural gas,Russia,Million cubic metres,United Kingdom,2015,0.000,,
ESTAT:NRG_TI_GAS(1.0),24/03/26 23:00:00,Annual,Liquefied natural gas,Russia,Million cubic metres,United Kingdom,2016,0.000,,
ESTAT:NRG_TI_GAS(1.0),24/03/26 23:00:00,Annual,Liquefied natural gas,Russia,Million cubic metres,United Kingdom,2017,98.620,,
ESTAT:NRG_TI_GAS(1.0),24/03/26 23:00:00,Annual,Liquefied natural gas,Russia,Million cubic metres,United Kingdom,2018,1530.113,,
ESTAT:NRG_TI_GAS(1.0),24/03/26 23:00:00,Annual,Liquefied natural gas,Russia,Million cubic metres,United Kingdom,2019,3180.167,,
ESTAT:NRG_TI_GAS(1.0),24/03/26 23:00:00,Annual,Liquefied natural gas,Russia,Million cubic metres,United Kingdom,2020,,,
ESTAT:NRG_TI_GAS(1.0),24/03/26 23:00:00,Annual,Liquefied natural gas,Russia,Million cubic metres,United Kingdom,2021,,,
ESTAT:NRG_TI_GAS(1.0),24/03/26 23:00:00,Annual,Liquefied natural gas,Russia,Million cubic metres,United Kingdom,2022,,,
ESTAT:NRG_TI_GAS(1.0),24/03/26 23:00:00,Annual,Liquefied natural gas,Russia,Million cubic metres,United Kingdom,2023,,,
ESTAT:NRG_TI_GAS(1.0),24/03/26 23:00:00,Annual,Liquefied natural gas,Russia,Million cubic metres,United Kingdom,2024,,,
ESTAT:NRG_TI_GAS(1.0),24/03/26 23:00:00,Annual,Liquefied natural gas,Russia,Million cubic metres,Kosovo*,1990,0.000,,
ESTAT:NRG_TI_GAS(1.0),24/03/26 23:00:00,Annual,Liquefied natural gas,Russia,Million cubic metres,Kosovo*,1991,0.000,,
ESTAT:NRG_TI_GAS(1.0),24/03/26 23:00:00,Annual,Liquefied natural gas,Russia,Million cubic metres,Kosovo*,1992,0.000,,
ESTAT:NRG_TI_GAS(1.0),24/03/26 23:00:00,Annual,Liquefied natural gas,Russia,Million cubic metres,Kosovo*,1993,0.000,,
ESTAT:NRG_TI_GAS(1.0),24/03/26 23:00:00,Annual,Liquefied natural gas,Russia,Million cubic metres,Kosovo*,1994,0.000,,
ESTAT:NRG_TI_GAS(1.0),24/03/26 23:00:00,Annual,Liquefied natural gas,Russia,Million cubic metres,Kosovo*,1995,0.000,,
ESTAT:NRG_TI_GAS(1.0),24/03/26 23:00:00,Annual,Liquefied natural gas,Russia,Million cubic metres,Kosovo*,1996,0.000,,
ESTAT:NRG_TI_GAS(1.0),24/03/26 23:00:00,Annual,Liquefied natural gas,Russia,Million cubic metres,Kosovo*,1997,0.000,,
ESTAT:NRG_TI_GAS(1.0),24/03/26 23:00:00,Annual,Liquefied natural gas,Russia,Million cubic metres,Kosovo*,1998,0.000,,
ESTAT:NRG_TI_GAS(1.0),24/03/26 23:00:00,Annual,Liquefied natural gas,Russia,Million cubic metres,Kosovo*,1999,0.000,,
ESTAT:NRG_TI_GAS(1.0),24/03/26 23:00:00,Annual,Liquefied natural gas,Russia,Million cubic metres,Kosovo*,2000,0.000,,
ESTAT:NRG_TI_GAS(1.0),24/03/26 23:00:00,Annual,Liquefied natural gas,Russia,Million cubic metres,Kosovo*,2001,0.000,,
ESTAT:NRG_TI_GAS(1.0),24/03/26 23:00:00,Annual,Liquefied natural gas,Russia,Million cubic metres,Kosovo*,2002,0.000,,
ESTAT:NRG_TI_GAS(1.0),24/03/26 23:00:00,Annual,Liquefied natural gas,Russia,Million cubic metres,Kosovo*,2003,0.000,,
ESTAT:NRG_TI_GAS(1.0),24/03/26 23:00:00,Annual,Liquefied natural gas,Russia,Million cubic metres,Kosovo*,2004,0.000,,
ESTAT:NRG_TI_GAS(1.0),24/03/26 23:00:00,Annual,Liquefied natural gas,Russia,Million cubic metres,Kosovo*,2005,0.000,,
ESTAT:NRG_TI_GAS(1.0),24/03/26 23:00:00,Annual,Liquefied natural gas,Russia,Million cubic metres,Kosovo*,2006,0.000,,
ESTAT:NRG_TI_GAS(1.0),24/03/26 23:00:00,Annual,Liquefied natural gas,Russia,Million cubic metres,Kosovo*,2007,0.000,,
ESTAT:NRG_TI_GAS(1.0),24/03/26 23:00:00,Annual,Liquefied natural gas,Russia,Million cubic metres,Kosovo*,2008,0.000,,
ESTAT:NRG_TI_GAS(1.0),24/03/26 23:00:00,Annual,Liquefied natural gas,Russia,Million cubic metres,Kosovo*,2009,0.000,,
ESTAT:NRG_TI_GAS(1.0),24/03/26 23:00:00,Annual,Liquefied natural gas,Russia,Million cubic metres,Kosovo*,2010,0.000,,
ESTAT:NRG_TI_GAS(1.0),24/03/26 23:00:00,Annual,Liquefied natural gas,Russia,Million cubic metres,Kosovo*,2011,0.000,,
ESTAT:NRG_TI_GAS(1.0),24/03/26 23:00:00,Annual,Liquefied natural gas,Russia,Million cubic metres,Kosovo*,2012,0.000,,
ESTAT:NRG_TI_GAS(1.0),24/03/26 23:00:00,Annual,Liquefied natural gas,Russia,Million cubic metres,Kosovo*,2013,0.000,,
ESTAT:NRG_TI_GAS(1.0),24/03/26 23:00:00,Annual,Liquefied natural gas,Russia,Million cubic metres,Kosovo*,2014,0.000,,
ESTAT:NRG_TI_GAS(1.0),24/03/26 23:00:00,Annual,Liquefied natural gas,Russia,Million cubic metres,Kosovo*,2015,0.000,,
ESTAT:NRG_TI_GAS(1.0),24/03/26 23:00:00,Annual,Liquefied natural gas,Russia,Million cubic metres,Kosovo*,2016,0.000,,
ESTAT:NRG_TI_GAS(1.0),24/03/26 23:00:00,Annual,Liquefied natural gas,Russia,Million cubic metres,Kosovo*,2017,0.000,,
ESTAT:NRG_TI_GAS(1.0),24/03/26 23:00:00,Annual,Liquefied natural gas,Russia,Million cubic metres,Kosovo*,2018,0.000,,
ESTAT:NRG_TI_GAS(1.0),24/03/26 23:00:00,Annual,Liquefied natural gas,Russia,Million cubic metres,Kosovo*,2019,0.000,,
ESTAT:NRG_TI_GAS(1.0),24/03/26 23:00:00,Annual,Liquefied natural gas,Russia,Million cubic metres,Kosovo*,2020,0.000,,
ESTAT:NRG_TI_GAS(1.0),24/03/26 23:00:00,Annual,Liquefied natural gas,Russia,Million cubic metres,Kosovo*,2021,0.000,,
ESTAT:NRG_TI_GAS(1.0),24/03/26 23:00:00,Annual,Liquefied natural gas,Russia,Million cubic metres,Kosovo*,2022,0.000,,
ESTAT:NRG_TI_GAS(1.0),24/03/26 23:00:00,Annual,Liquefied natural gas,Russia,Million cubic metres,Kosovo*,2023,0.000,,
ESTAT:NRG_TI_GAS(1.0),24/03/26 23:00:00,Annual,Liquefied natural gas,Russia,Million cubic metres,Kosovo*,2024,0.000,,
ESTAT:NRG_TI_GAS(1.0),24/03/26 23:00:00,Annual,Liquefied natural gas,Total,Million cubic metres,Albania,1990,0.000,,
ESTAT:NRG_TI_GAS(1.0),24/03/26 23:00:00,Annual,Liquefied natural gas,Total,Million cubic metres,Albania,1991,0.000,,
ESTAT:NRG_TI_GAS(1.0),24/03/26 23:00:00,Annual,Liquefied natural gas,Total,Million cubic metres,Albania,1992,0.000,,
ESTAT:NRG_TI_GAS(1.0),24/03/26 23:00:00,Annual,Liquefied natural gas,Total,Million cubic metres,Albania,1993,0.000,,
ESTAT:NRG_TI_GAS(1.0),24/03/26 23:00:00,Annual,Liquefied natural gas,Total,Million cubic metres,Albania,1994,0.000,,
ESTAT:NRG_TI_GAS(1.0),24/03/26 23:00:00,Annual,Liquefied natural gas,Total,Million cubic metres,Albania,1995,0.000,,
ESTAT:NRG_TI_GAS(1.0),24/03/26 23:00:00,Annual,Liquefied natural gas,Total,Million cubic metres,Albania,1996,0.000,,
ESTAT:NRG_TI_GAS(1.0),24/03/26 23:00:00,Annual,Liquefied natural gas,Total,Million cubic metres,Albania,1997,0.000,,
ESTAT:NRG_TI_GAS(1.0),24/03/26 23:00:00,Annual,Liquefied natural gas,Total,Million cubic metres,Albania,1998,0.000,,
ESTAT:NRG_TI_GAS(1.0),24/03/26 23:00:00,Annual,Liquefied natural gas,Total,Million cubic metres,Albania,1999,0.000,,
ESTAT:NRG_TI_GAS(1.0),24/03/26 23:00:00,Annual,Liquefied natural gas,Total,Million cubic metres,Albania,2000,0.000,,
ESTAT:NRG_TI_GAS(1.0),24/03/26 23:00:00,Annual,Liquefied natural gas,Total,Million cubic metres,Albania,2001,0.000,,
ESTAT:NRG_TI_GAS(1.0),24/03/26 23:00:00,Annual,Liquefied natural gas,Total,Million cubic metres,Albania,2002,0.000,,
ESTAT:NRG_TI_GAS(1.0),24/03/26 23:00:00,Annual,Liquefied natural gas,Total,Million cubic metres,Albania,2003,0.000,,
ESTAT:NRG_TI_GAS(1.0),24/03/26 23:00:00,Annual,Liquefied natural gas,Total,Million cubic metres,Albania,2004,0.000,,
ESTAT:NRG_TI_GAS(1.0),24/03/26 23:00:00,Annual,Liquefied natural gas,Total,Million cubic metres,Albania,2005,0.000,,
ESTAT:NRG_TI_GAS(1.0),24/03/26 23:00:00,Annual,Liquefied natural gas,Total,Million cubic metres,Albania,2006,0.000,,
ESTAT:NRG_TI_GAS(1.0),24/03/26 23:00:00,Annual,Liquefied natural gas,Total,Million cubic metres,Albania,2007,0.000,,
ESTAT:NRG_TI_GAS(1.0),24/03/26 23:00:00,Annual,Liquefied natural gas,Total,Million cubic metres,Albania,2008,0.000,,
ESTAT:NRG_TI_GAS(1.0),24/03/26 23:00:00,Annual,Liquefied natural gas,Total,Million cubic metres,Albania,2009,0.000,,
ESTAT:NRG_TI_GAS(1.0),24/03/26 23:00:00,Annual,Liquefied natural gas,Total,Million cubic metres,Albania,2010,0.000,,
ESTAT:NRG_TI_GAS(1.0),24/03/26 23:00:00,Annual,Liquefied natural gas,Total,Million cubic metres,Albania,2011,0.000,,
ESTAT:NRG_TI_GAS(1.0),24/03/26 23:00:00,Annual,Liquefied natural gas,Total,Million cubic metres,Albania,2012,0.000,,
ESTAT:NRG_TI_GAS(1.0),24/03/26 23:00:00,Annual,Liquefied natural gas,Total,Million cubic metres,Albania,2013,0.000,,
ESTAT:NRG_TI_GAS(1.0),24/03/26 23:00:00,Annual,Liquefied natural gas,Total,Million cubic metres,Albania,2014,0.000,,
ESTAT:NRG_TI_GAS(1.0),24/03/26 23:00:00,Annual,Liquefied natural gas,Total,Million cubic metres,Albania,2015,0.000,,
ESTAT:NRG_TI_GAS(1.0),24/03/26 23:00:00,Annual,Liquefied natural gas,Total,Million cubic metres,Albania,2016,0.000,,
ESTAT:NRG_TI_GAS(1.0),24/03/26 23:00:00,Annual,Liquefied natural gas,Total,Million cubic metres,Albania,2017,0.000,,
ESTAT:NRG_TI_GAS(1.0),24/03/26 23:00:00,Annual,Liquefied natural gas,Total,Million cubic metres,Albania,2018,0.000,,
ESTAT:NRG_TI_GAS(1.0),24/03/26 23:00:00,Annual,Liquefied natural gas,Total,Million cubic metres,Albania,2019,0.000,,
ESTAT:NRG_TI_GAS(1.0),24/03/26 23:00:00,Annual,Liquefied natural gas,Total,Million cubic metres,Albania,2020,0.000,,
ESTAT:NRG_TI_GAS(1.0),24/03/26 23:00:00,Annual,Liquefied natural gas,Total,Million cubic metres,Albania,2021,0.000,,
ESTAT:NRG_TI_GAS(1.0),24/03/26 23:00:00,Annual,Liquefied natural gas,Total,Million cubic metres,Albania,2022,0.000,,
ESTAT:NRG_TI_GAS(1.0),24/03/26 23:00:00,Annual,Liquefied natural gas,Total,Million cubic metres,Albania,2023,0.000,,
ESTAT:NRG_TI_GAS(1.0),24/03/26 23:00:00,Annual,Liquefied natural gas,Total,Million cubic metres,Albania,2024,0.000,,
ESTAT:NRG_TI_GAS(1.0),24/03/26 23:00:00,Annual,Liquefied natural gas,Total,Million cubic metres,Austria,1990,0.000,,
ESTAT:NRG_TI_GAS(1.0),24/03/26 23:00:00,Annual,Liquefied natural gas,Total,Million cubic metres,Austria,1991,0.000,,
ESTAT:NRG_TI_GAS(1.0),24/03/26 23:00:00,Annual,Liquefied natural gas,Total,Million cubic metres,Austria,1992,0.000,,
ESTAT:NRG_TI_GAS(1.0),24/03/26 23:00:00,Annual,Liquefied natural gas,Total,Million cubic metres,Austria,1993,0.000,,
ESTAT:NRG_TI_GAS(1.0),24/03/26 23:00:00,Annual,Liquefied natural gas,Total,Million cubic metres,Austria,1994,0.000,,
ESTAT:NRG_TI_GAS(1.0),24/03/26 23:00:00,Annual,Liquefied natural gas,Total,Million cubic metres,Austria,1995,0.000,,
ESTAT:NRG_TI_GAS(1.0),24/03/26 23:00:00,Annual,Liquefied natural gas,Total,Million cubic metres,Austria,1996,0.000,,
ESTAT:NRG_TI_GAS(1.0),24/03/26 23:00:00,Annual,Liquefied natural gas,Total,Million cubic metres,Austria,1997,0.000,,
ESTAT:NRG_TI_GAS(1.0),24/03/26 23:00:00,Annual,Liquefied natural gas,Total,Million cubic metres,Austria,1998,0.000,,
ESTAT:NRG_TI_GAS(1.0),24/03/26 23:00:00,Annual,Liquefied natural gas,Total,Million cubic metres,Austria,1999,0.000,,
ESTAT:NRG_TI_GAS(1.0),24/03/26 23:00:00,Annual,Liquefied natural gas,Total,Million cubic metres,Austria,2000,0.000,,
ESTAT:NRG_TI_GAS(1.0),24/03/26 23:00:00,Annual,Liquefied natural gas,Total,Million cubic metres,Austria,2001,0.000,,
ESTAT:NRG_TI_GAS(1.0),24/03/26 23:00:00,Annual,Liquefied natural gas,Total,Million cubic metres,Austria,2002,0.000,,
ESTAT:NRG_TI_GAS(1.0),24/03/26 23:00:00,Annual,Liquefied natural gas,Total,Million cubic metres,Austria,2003,0.000,,
ESTAT:NRG_TI_GAS(1.0),24/03/26 23:00:00,Annual,Liquefied natural gas,Total,Million cubic metres,Austria,2004,0.000,,
ESTAT:NRG_TI_GAS(1.0),24/03/26 23:00:00,Annual,Liquefied natural gas,Total,Million cubic metres,Austria,2005,0.000,,
ESTAT:NRG_TI_GAS(1.0),24/03/26 23:00:00,Annual,Liquefied natural gas,Total,Million cubic metres,Austria,2006,0.000,,
ESTAT:NRG_TI_GAS(1.0),24/03/26 23:00:00,Annual,Liquefied natural gas,Total,Million cubic metres,Austria,2007,0.000,,
ESTAT:NRG_TI_GAS(1.0),24/03/26 23:00:00,Annual,Liquefied natural gas,Total,Million cubic metres,Austria,2008,0.000,,
ESTAT:NRG_TI_GAS(1.0),24/03/26 23:00:00,Annual,Liquefied natural gas,Total,Million cubic metres,Austria,2009,0.000,,
ESTAT:NRG_TI_GAS(1.0),24/03/26 23:00:00,Annual,Liquefied natural gas,Total,Million cubic metres,Austria,2010,0.000,,
ESTAT:NRG_TI_GAS(1.0),24/03/26 23:00:00,Annual,Liquefied natural gas,Total,Million cubic metres,Austria,2011,0.000,,
ESTAT:NRG_TI_GAS(1.0),24/03/26 23:00:00,Annual,Liquefied natural gas,Total,Million cubic metres,Austria,2012,0.000,,
ESTAT:NRG_TI_GAS(1.0),24/03/26 23:00:00,Annual,Liquefied natural gas,Total,Million cubic metres,Austria,2013,0.000,,
ESTAT:NRG_TI_GAS(1.0),24/03/26 23:00:00,Annual,Liquefied natural gas,Total,Million cubic metres,Austria,2014,0.000,,
ESTAT:NRG_TI_GAS(1.0),24/03/26 23:00:00,Annual,Liquefied natural gas,Total,Million cubic metres,Austria,2015,0.000,,
ESTAT:NRG_TI_GAS(1.0),24/03/26 23:00:00,Annual,Liquefied natural gas,Total,Million cubic metres,Austria,2016,0.000,,
ESTAT:NRG_TI_GAS(1.0),24/03/26 23:00:00,Annual,Liquefied natural gas,Total,Million cubic metres,Austria,2017,0.000,,
ESTAT:NRG_TI_GAS(1.0),24/03/26 23:00:00,Annual,Liquefied natural gas,Total,Million cubic metres,Austria,2018,0.000,,
ESTAT:NRG_TI_GAS(1.0),24/03/26 23:00:00,Annual,Liquefied natural gas,Total,Million cubic metres,Austria,2019,0.000,,
ESTAT:NRG_TI_GAS(1.0),24/03/26 23:00:00,Annual,Liquefied natural gas,Total,Million cubic metres,Austria,2020,0.000,,
ESTAT:NRG_TI_GAS(1.0),24/03/26 23:00:00,Annual,Liquefied natural gas,Total,Million cubic metres,Austria,2021,0.000,,
ESTAT:NRG_TI_GAS(1.0),24/03/26 23:00:00,Annual,Liquefied natural gas,Total,Million cubic metres,Austria,2022,0.000,,
ESTAT:NRG_TI_GAS(1.0),24/03/26 23:00:00,Annual,Liquefied natural gas,Total,Million cubic metres,Austria,2023,0.000,,
ESTAT:NRG_TI_GAS(1.0),24/03/26 23:00:00,Annual,Liquefied natural gas,Total,Million cubic metres,Austria,2024,0.000,,
ESTAT:NRG_TI_GAS(1.0),24/03/26 23:00:00,Annual,Liquefied natural gas,Total,Million cubic metres,Bosnia and Herzegovina,1990,,,
ESTAT:NRG_TI_GAS(1.0),24/03/26 23:00:00,Annual,Liquefied natural gas,Total,Million cubic metres,Bosnia and Herzegovina,1991,,,
ESTAT:NRG_TI_GAS(1.0),24/03/26 23:00:00,Annual,Liquefied natural gas,Total,Million cubic metres,Bosnia and Herzegovina,1992,,,
ESTAT:NRG_TI_GAS(1.0),24/03/26 23:00:00,Annual,Liquefied natural gas,Total,Million cubic metres,Bosnia and Herzegovina,1993,,,
ESTAT:NRG_TI_GAS(1.0),24/03/26 23:00:00,Annual,Liquefied natural gas,Total,Million cubic metres,Bosnia and Herzegovina,1994,,,
ESTAT:NRG_TI_GAS(1.0),24/03/26 23:00:00,Annual,Liquefied natural gas,Total,Million cubic metres,Bosnia and Herzegovina,1995,,,
ESTAT:NRG_TI_GAS(1.0),24/03/26 23:00:00,Annual,Liquefied natural gas,Total,Million cubic metres,Bosnia and Herzegovina,1996,,,
ESTAT:NRG_TI_GAS(1.0),24/03/26 23:00:00,Annual,Liquefied natural gas,Total,Million cubic metres,Bosnia and Herzegovina,1997,,,
ESTAT:NRG_TI_GAS(1.0),24/03/26 23:00:00,Annual,Liquefied natural gas,Total,Million cubic metres,Bosnia and Herzegovina,1998,,,
ESTAT:NRG_TI_GAS(1.0),24/03/26 23:00:00,Annual,Liquefied natural gas,Total,Million cubic metres,Bosnia and Herzegovina,1999,,,
ESTAT:NRG_TI_GAS(1.0),24/03/26 23:00:00,Annual,Liquefied natural gas,Total,Million cubic metres,Bosnia and Herzegovina,2000,,,
ESTAT:NRG_TI_GAS(1.0),24/03/26 23:00:00,Annual,Liquefied natural gas,Total,Million cubic metres,Bosnia and Herzegovina,2001,,,
ESTAT:NRG_TI_GAS(1.0),24/03/26 23:00:00,Annual,Liquefied natural gas,Total,Million cubic metres,Bosnia and Herzegovina,2002,,,
ESTAT:NRG_TI_GAS(1.0),24/03/26 23:00:00,Annual,Liquefied natural gas,Total,Million cubic metres,Bosnia and Herzegovina,2003,,,
ESTAT:NRG_TI_GAS(1.0),24/03/26 23:00:00,Annual,Liquefied natural gas,Total,Million cubic metres,Bosnia and Herzegovina,2004,,,
ESTAT:NRG_TI_GAS(1.0),24/03/26 23:00:00,Annual,Liquefied natural gas,Total,Million cubic metres,Bosnia and Herzegovina,2005,,,
ESTAT:NRG_TI_GAS(1.0),24/03/26 23:00:00,Annual,Liquefied natural gas,Total,Million cubic metres,Bosnia and Herzegovina,2006,,,
ESTAT:NRG_TI_GAS(1.0),24/03/26 23:00:00,Annual,Liquefied natural gas,Total,Million cubic metres,Bosnia and Herzegovina,2007,,,
ESTAT:NRG_TI_GAS(1.0),24/03/26 23:00:00,Annual,Liquefied natural gas,Total,Million cubic metres,Bosnia and Herzegovina,2008,,,
ESTAT:NRG_TI_GAS(1.0),24/03/26 23:00:00,Annual,Liquefied natural gas,Total,Million cubic metres,Bosnia and Herzegovina,2009,,,
ESTAT:NRG_TI_GAS(1.0),24/03/26 23:00:00,Annual,Liquefied natural gas,Total,Million cubic metres,Bosnia and Herzegovina,2010,,,
ESTAT:NRG_TI_GAS(1.0),24/03/26 23:00:00,Annual,Liquefied natural gas,Total,Million cubic metres,Bosnia and Herzegovina,2011,,,
ESTAT:NRG_TI_GAS(1.0),24/03/26 23:00:00,Annual,Liquefied natural gas,Total,Million cubic metres,Bosnia and Herzegovina,2012,,,
ESTAT:NRG_TI_GAS(1.0),24/03/26 23:00:00,Annual,Liquefied natural gas,Total,Million cubic metres,Bosnia and Herzegovina,2013,,,
ESTAT:NRG_TI_GAS(1.0),24/03/26 23:00:00,Annual,Liquefied natural gas,Total,Million cubic metres,Bosnia and Herzegovina,2014,0.000,,
ESTAT:NRG_TI_GAS(1.0),24/03/26 23:00:00,Annual,Liquefied natural gas,Total,Million cubic metres,Bosnia and Herzegovina,2015,0.000,,
ESTAT:NRG_TI_GAS(1.0),24/03/26 23:00:00,Annual,Liquefied natural gas,Total,Million cubic metres,Bosnia and Herzegovina,2016,0.000,,
ESTAT:NRG_TI_GAS(1.0),24/03/26 23:00:00,Annual,Liquefied natural gas,Total,Million cubic metres,Bosnia and Herzegovina,2017,0.000,,
ESTAT:NRG_TI_GAS(1.0),24/03/26 23:00:00,Annual,Liquefied natural gas,Total,Million cubic metres,Bosnia and Herzegovina,2018,0.000,,
ESTAT:NRG_TI_GAS(1.0),24/03/26 23:00:00,Annual,Liquefied natural gas,Total,Million cubic metres,Bosnia and Herzegovina,2019,0.000,,
ESTAT:NRG_TI_GAS(1.0),24/03/26 23:00:00,Annual,Liquefied natural gas,Total,Million cubic metres,Bosnia and Herzegovina,2020,0.000,,
ESTAT:NRG_TI_GAS(1.0),24/03/26 23:00:00,Annual,Liquefied natural gas,Total,Million cubic metres,Bosnia and Herzegovina,2021,0.000,,
ESTAT:NRG_TI_GAS(1.0),24/03/26 23:00:00,Annual,Liquefied natural gas,Total,Million cubic metres,Bosnia and Herzegovina,2022,0.000,,
ESTAT:NRG_TI_GAS(1.0),24/03/26 23:00:00,Annual,Liquefied natural gas,Total,Million cubic metres,Bosnia and Herzegovina,2023,0.000,,
ESTAT:NRG_TI_GAS(1.0),24/03/26 23:00:00,Annual,Liquefied natural gas,Total,Million cubic metres,Bosnia and Herzegovina,2024,0.000,,
ESTAT:NRG_TI_GAS(1.0),24/03/26 23:00:00,Annual,Liquefied natural gas,Total,Million cubic metres,Belgium,1990,4031.000,,
ESTAT:NRG_TI_GAS(1.0),24/03/26 23:00:00,Annual,Liquefied natural gas,Total,Million cubic metres,Belgium,1991,4255.000,,
ESTAT:NRG_TI_GAS(1.0),24/03/26 23:00:00,Annual,Liquefied natural gas,Total,Million cubic metres,Belgium,1992,4622.000,,
ESTAT:NRG_TI_GAS(1.0),24/03/26 23:00:00,Annual,Liquefied natural gas,Total,Million cubic metres,Belgium,1993,4417.000,,
ESTAT:NRG_TI_GAS(1.0),24/03/26 23:00:00,Annual,Liquefied natural gas,Total,Million cubic metres,Belgium,1994,4158.000,,
ESTAT:NRG_TI_GAS(1.0),24/03/26 23:00:00,Annual,Liquefied natural gas,Total,Million cubic metres,Belgium,1995,4642.000,,
ESTAT:NRG_TI_GAS(1.0),24/03/26 23:00:00,Annual,Liquefied natural gas,Total,Million cubic metres,Belgium,1996,4210.000,,
ESTAT:NRG_TI_GAS(1.0),24/03/26 23:00:00,Annual,Liquefied natural gas,Total,Million cubic metres,Belgium,1997,4545.000,,
ESTAT:NRG_TI_GAS(1.0),24/03/26 23:00:00,Annual,Liquefied natural gas,Total,Million cubic metres,Belgium,1998,4195.000,,
ESTAT:NRG_TI_GAS(1.0),24/03/26 23:00:00,Annual,Liquefied natural gas,Total,Million cubic metres,Belgium,1999,4102.000,,
ESTAT:NRG_TI_GAS(1.0),24/03/26 23:00:00,Annual,Liquefied natural gas,Total,Million cubic metres,Belgium,2000,4276.000,,
ESTAT:NRG_TI_GAS(1.0),24/03/26 23:00:00,Annual,Liquefied natural gas,Total,Million cubic metres,Belgium,2001,2360.000,,
ESTAT:NRG_TI_GAS(1.0),24/03/26 23:00:00,Annual,Liquefied natural gas,Total,Million cubic metres,Belgium,2002,3506.000,,
ESTAT:NRG_TI_GAS(1.0),24/03/26 23:00:00,Annual,Liquefied natural gas,Total,Million cubic metres,Belgium,2003,3115.000,,
ESTAT:NRG_TI_GAS(1.0),24/03/26 23:00:00,Annual,Liquefied natural gas,Total,Million cubic metres,Belgium,2004,2799.000,,
ESTAT:NRG_TI_GAS(1.0),24/03/26 23:00:00,Annual,Liquefied natural gas,Total,Million cubic metres,Belgium,2005,3160.000,,
ESTAT:NRG_TI_GAS(1.0),24/03/26 23:00:00,Annual,Liquefied natural gas,Total,Million cubic metres,Belgium,2006,4125.000,,
ESTAT:NRG_TI_GAS(1.0),24/03/26 23:00:00,Annual,Liquefied natural gas,Total,Million cubic metres,Belgium,2007,2663.000,,
ESTAT:NRG_TI_GAS(1.0),24/03/26 23:00:00,Annual,Liquefied natural gas,Total,Million cubic metres,Belgium,2008,3031.000,,
ESTAT:NRG_TI_GAS(1.0),24/03/26 23:00:00,Annual,Liquefied natural gas,Total,Million cubic metres,Belgium,2009,6502.000,,
ESTAT:NRG_TI_GAS(1.0),24/03/26 23:00:00,Annual,Liquefied natural gas,Total,Million cubic metres,Belgium,2010,6030.000,,
ESTAT:NRG_TI_GAS(1.0),24/03/26 23:00:00,Annual,Liquefied natural gas,Total,Million cubic metres,Belgium,2011,5400.000,,
ESTAT:NRG_TI_GAS(1.0),24/03/26 23:00:00,Annual,Liquefied natural gas,Total,Million cubic metres,Belgium,2012,2158.000,,
ESTAT:NRG_TI_GAS(1.0),24/03/26 23:00:00,Annual,Liquefied natural gas,Total,Million cubic metres,Belgium,2013,1549.000,,
ESTAT:NRG_TI_GAS(1.0),24/03/26 23:00:00,Annual,Liquefied natural gas,Total,Million cubic metres,Belgium,2014,1251.400,,
ESTAT:NRG_TI_GAS(1.0),24/03/26 23:00:00,Annual,Liquefied natural gas,Total,Million cubic metres,Belgium,2015,2491.300,,
ESTAT:NRG_TI_GAS(1.0),24/03/26 23:00:00,Annual,Liquefied natural gas,Total,Million cubic metres,Belgium,2016,1012.100,,
ESTAT:NRG_TI_GAS(1.0),24/03/26 23:00:00,Annual,Liquefied natural gas,Total,Million cubic metres,Belgium,2017,1127.700,,
ESTAT:NRG_TI_GAS(1.0),24/03/26 23:00:00,Annual,Liquefied natural gas,Total,Million cubic metres,Belgium,2018,2493.900,,
ESTAT:NRG_TI_GAS(1.0),24/03/26 23:00:00,Annual,Liquefied natural gas,Total,Million cubic metres,Belgium,2019,6733.600,,
ESTAT:NRG_TI_GAS(1.0),24/03/26 23:00:00,Annual,Liquefied natural gas,Total,Million cubic metres,Belgium,2020,4694.700,,
ESTAT:NRG_TI_GAS(1.0),24/03/26 23:00:00,Annual,Liquefied natural gas,Total,Million cubic metres,Belgium,2021,4206.800,,
ESTAT:NRG_TI_GAS(1.0),24/03/26 23:00:00,Annual,Liquefied natural gas,Total,Million cubic metres,Belgium,2022,11238.700,,
ESTAT:NRG_TI_GAS(1.0),24/03/26 23:00:00,Annual,Liquefied natural gas,Total,Million cubic metres,Belgium,2023,11202.800,,
ESTAT:NRG_TI_GAS(1.0),24/03/26 23:00:00,Annual,Liquefied natural gas,Total,Million cubic metres,Belgium,2024,7554.200,,
ESTAT:NRG_TI_GAS(1.0),24/03/26 23:00:00,Annual,Liquefied natural gas,Total,Million cubic metres,Bulgaria,1990,0.000,,
ESTAT:NRG_TI_GAS(1.0),24/03/26 23:00:00,Annual,Liquefied natural gas,Total,Million cubic metres,Bulgaria,1991,0.000,,
ESTAT:NRG_TI_GAS(1.0),24/03/26 23:00:00,Annual,Liquefied natural gas,Total,Million cubic metres,Bulgaria,1992,0.000,,
ESTAT:NRG_TI_GAS(1.0),24/03/26 23:00:00,Annual,Liquefied natural gas,Total,Million cubic metres,Bulgaria,1993,0.000,,
ESTAT:NRG_TI_GAS(1.0),24/03/26 23:00:00,Annual,Liquefied natural gas,Total,Million cubic metres,Bulgaria,1994,0.000,,
ESTAT:NRG_TI_GAS(1.0),24/03/26 23:00:00,Annual,Liquefied natural gas,Total,Million cubic metres,Bulgaria,1995,0.000,,
ESTAT:NRG_TI_GAS(1.0),24/03/26 23:00:00,Annual,Liquefied natural gas,Total,Million cubic metres,Bulgaria,1996,0.000,,
ESTAT:NRG_TI_GAS(1.0),24/03/26 23:00:00,Annual,Liquefied natural gas,Total,Million cubic metres,Bulgaria,1997,0.000,,
ESTAT:NRG_TI_GAS(1.0),24/03/26 23:00:00,Annual,Liquefied natural gas,Total,Million cubic metres,Bulgaria,1998,0.000,,
ESTAT:NRG_TI_GAS(1.0),24/03/26 23:00:00,Annual,Liquefied natural gas,Total,Million cubic metres,Bulgaria,1999,0.000,,
ESTAT:NRG_TI_GAS(1.0),24/03/26 23:00:00,Annual,Liquefied natural gas,Total,Million cubic metres,Bulgaria,2000,0.000,,
ESTAT:NRG_TI_GAS(1.0),24/03/26 23:00:00,Annual,Liquefied natural gas,Total,Million cubic metres,Bulgaria,2001,0.000,,
ESTAT:NRG_TI_GAS(1.0),24/03/26 23:00:00,Annual,Liquefied natural gas,Total,Million cubic metres,Bulgaria,2002,0.000,,
ESTAT:NRG_TI_GAS(1.0),24/03/26 23:00:00,Annual,Liquefied natural gas,Total,Million cubic metres,Bulgaria,2003,0.000,,
ESTAT:NRG_TI_GAS(1.0),24/03/26 23:00:00,Annual,Liquefied natural gas,Total,Million cubic metres,Bulgaria,2004,0.000,,
ESTAT:NRG_TI_GAS(1.0),24/03/26 23:00:00,Annual,Liquefied natural gas,Total,Million cubic metres,Bulgaria,2005,0.000,,
ESTAT:NRG_TI_GAS(1.0),24/03/26 23:00:00,Annual,Liquefied natural gas,Total,Million cubic metres,Bulgaria,2006,0.000,,
ESTAT:NRG_TI_GAS(1.0),24/03/26 23:00:00,Annual,Liquefied natural gas,Total,Million cubic metres,Bulgaria,2007,0.000,,
ESTAT:NRG_TI_GAS(1.0),24/03/26 23:00:00,Annual,Liquefied natural gas,Total,Million cubic metres,Bulgaria,2008,0.000,,
ESTAT:NRG_TI_GAS(1.0),24/03/26 23:00:00,Annual,Liquefied natural gas,Total,Million cubic metres,Bulgaria,2009,0.000,,
ESTAT:NRG_TI_GAS(1.0),24/03/26 23:00:00,Annual,Liquefied natural gas,Total,Million cubic metres,Bulgaria,2010,0.000,,
ESTAT:NRG_TI_GAS(1.0),24/03/26 23:00:00,Annual,Liquefied natural gas,Total,Million cubic metres,Bulgaria,2011,0.000,,
ESTAT:NRG_TI_GAS(1.0),24/03/26 23:00:00,Annual,Liquefied natural gas,Total,Million cubic metres,Bulgaria,2012,0.000,,
ESTAT:NRG_TI_GAS(1.0),24/03/26 23:00:00,Annual,Liquefied natural gas,Total,Million cubic metres,Bulgaria,2013,0.000,,
ESTAT:NRG_TI_GAS(1.0),24/03/26 23:00:00,Annual,Liquefied natural gas,Total,Million cubic metres,Bulgaria,2014,0.000,,
ESTAT:NRG_TI_GAS(1.0),24/03/26 23:00:00,Annual,Liquefied natural gas,Total,Million cubic metres,Bulgaria,2015,0.000,,
ESTAT:NRG_TI_GAS(1.0),24/03/26 23:00:00,Annual,Liquefied natural gas,Total,Million cubic metres,Bulgaria,2016,0.000,,
ESTAT:NRG_TI_GAS(1.0),24/03/26 23:00:00,Annual,Liquefied natural gas,Total,Million cubic metres,Bulgaria,2017,0.000,,
ESTAT:NRG_TI_GAS(1.0),24/03/26 23:00:00,Annual,Liquefied natural gas,Total,Million cubic metres,Bulgaria,2018,0.000,,
ESTAT:NRG_TI_GAS(1.0),24/03/26 23:00:00,Annual,Liquefied natural gas,Total,Million cubic metres,Bulgaria,2019,0.000,,
ESTAT:NRG_TI_GAS(1.0),24/03/26 23:00:00,Annual,Liquefied natural gas,Total,Million cubic metres,Bulgaria,2020,0.000,,
ESTAT:NRG_TI_GAS(1.0),24/03/26 23:00:00,Annual,Liquefied natural gas,Total,Million cubic metres,Bulgaria,2021,0.000,,
ESTAT:NRG_TI_GAS(1.0),24/03/26 23:00:00,Annual,Liquefied natural gas,Total,Million cubic metres,Bulgaria,2022,388.630,,
ESTAT:NRG_TI_GAS(1.0),24/03/26 23:00:00,Annual,Liquefied natural gas,Total,Million cubic metres,Bulgaria,2023,223.588,,
ESTAT:NRG_TI_GAS(1.0),24/03/26 23:00:00,Annual,Liquefied natural gas,Total,Million cubic metres,Bulgaria,2024,0.000,,
ESTAT:NRG_TI_GAS(1.0),24/03/26 23:00:00,Annual,Liquefied natural gas,Total,Million cubic metres,Cyprus,1990,0.000,,
ESTAT:NRG_TI_GAS(1.0),24/03/26 23:00:00,Annual,Liquefied natural gas,Total,Million cubic metres,Cyprus,1991,0.000,,
ESTAT:NRG_TI_GAS(1.0),24/03/26 23:00:00,Annual,Liquefied natural gas,Total,Million cubic metres,Cyprus,1992,0.000,,
ESTAT:NRG_TI_GAS(1.0),24/03/26 23:00:00,Annual,Liquefied natural gas,Total,Million cubic metres,Cyprus,1993,0.000,,
ESTAT:NRG_TI_GAS(1.0),24/03/26 23:00:00,Annual,Liquefied natural gas,Total,Million cubic metres,Cyprus,1994,0.000,,
ESTAT:NRG_TI_GAS(1.0),24/03/26 23:00:00,Annual,Liquefied natural gas,Total,Million cubic metres,Cyprus,1995,0.000,,
ESTAT:NRG_TI_GAS(1.0),24/03/26 23:00:00,Annual,Liquefied natural gas,Total,Million cubic metres,Cyprus,1996,0.000,,
ESTAT:NRG_TI_GAS(1.0),24/03/26 23:00:00,Annual,Liquefied natural gas,Total,Million cubic metres,Cyprus,1997,0.000,,
ESTAT:NRG_TI_GAS(1.0),24/03/26 23:00:00,Annual,Liquefied natural gas,Total,Million cubic metres,Cyprus,1998,0.000,,
ESTAT:NRG_TI_GAS(1.0),24/03/26 23:00:00,Annual,Liquefied natural gas,Total,Million cubic metres,Cyprus,1999,0.000,,
ESTAT:NRG_TI_GAS(1.0),24/03/26 23:00:00,Annual,Liquefied natural gas,Total,Million cubic metres,Cyprus,2000,0.000,,
ESTAT:NRG_TI_GAS(1.0),24/03/26 23:00:00,Annual,Liquefied natural gas,Total,Million cubic metres,Cyprus,2001,0.000,,
ESTAT:NRG_TI_GAS(1.0),24/03/26 23:00:00,Annual,Liquefied natural gas,Total,Million cubic metres,Cyprus,2002,0.000,,
ESTAT:NRG_TI_GAS(1.0),24/03/26 23:00:00,Annual,Liquefied natural gas,Total,Million cubic metres,Cyprus,2003,0.000,,
ESTAT:NRG_TI_GAS(1.0),24/03/26 23:00:00,Annual,Liquefied natural gas,Total,Million cubic metres,Cyprus,2004,0.000,,
ESTAT:NRG_TI_GAS(1.0),24/03/26 23:00:00,Annual,Liquefied natural gas,Total,Million cubic metres,Cyprus,2005,0.000,,
ESTAT:NRG_TI_GAS(1.0),24/03/26 23:00:00,Annual,Liquefied natural gas,Total,Million cubic metres,Cyprus,2006,0.000,,
ESTAT:NRG_TI_GAS(1.0),24/03/26 23:00:00,Annual,Liquefied natural gas,Total,Million cubic metres,Cyprus,2007,0.000,,
ESTAT:NRG_TI_GAS(1.0),24/03/26 23:00:00,Annual,Liquefied natural gas,Total,Million cubic metres,Cyprus,2008,0.000,,
ESTAT:NRG_TI_GAS(1.0),24/03/26 23:00:00,Annual,Liquefied natural gas,Total,Million cubic metres,Cyprus,2009,0.000,,
ESTAT:NRG_TI_GAS(1.0),24/03/26 23:00:00,Annual,Liquefied natural gas,Total,Million cubic metres,Cyprus,2010,0.000,,
ESTAT:NRG_TI_GAS(1.0),24/03/26 23:00:00,Annual,Liquefied natural gas,Total,Million cubic metres,Cyprus,2011,0.000,,
ESTAT:NRG_TI_GAS(1.0),24/03/26 23:00:00,Annual,Liquefied natural gas,Total,Million cubic metres,Cyprus,2012,0.000,,
ESTAT:NRG_TI_GAS(1.0),24/03/26 23:00:00,Annual,Liquefied natural gas,Total,Million cubic metres,Cyprus,2013,0.000,,
ESTAT:NRG_TI_GAS(1.0),24/03/26 23:00:00,Annual,Liquefied natural gas,Total,Million cubic metres,Cyprus,2014,0.000,,
ESTAT:NRG_TI_GAS(1.0),24/03/26 23:00:00,Annual,Liquefied natural gas,Total,Million cubic metres,Cyprus,2015,0.000,,
ESTAT:NRG_TI_GAS(1.0),24/03/26 23:00:00,Annual,Liquefied natural gas,Total,Million cubic metres,Cyprus,2016,0.000,,
ESTAT:NRG_TI_GAS(1.0),24/03/26 23:00:00,Annual,Liquefied natural gas,Total,Million cubic metres,Cyprus,2017,0.000,,
ESTAT:NRG_TI_GAS(1.0),24/03/26 23:00:00,Annual,Liquefied natural gas,Total,Million cubic metres,Cyprus,2018,0.000,,
ESTAT:NRG_TI_GAS(1.0),24/03/26 23:00:00,Annual,Liquefied natural gas,Total,Million cubic metres,Cyprus,2019,0.000,,
ESTAT:NRG_TI_GAS(1.0),24/03/26 23:00:00,Annual,Liquefied natural gas,Total,Million cubic metres,Cyprus,2020,0.000,,
ESTAT:NRG_TI_GAS(1.0),24/03/26 23:00:00,Annual,Liquefied natural gas,Total,Million cubic metres,Cyprus,2021,0.000,,
ESTAT:NRG_TI_GAS(1.0),24/03/26 23:00:00,Annual,Liquefied natural gas,Total,Million cubic metres,Cyprus,2022,0.000,,
ESTAT:NRG_TI_GAS(1.0),24/03/26 23:00:00,Annual,Liquefied natural gas,Total,Million cubic metres,Cyprus,2023,0.000,,
ESTAT:NRG_TI_GAS(1.0),24/03/26 23:00:00,Annual,Liquefied natural gas,Total,Million cubic metres,Cyprus,2024,0.000,,
ESTAT:NRG_TI_GAS(1.0),24/03/26 23:00:00,Annual,Liquefied natural gas,Total,Million cubic metres,Czechia,1990,0.000,,
ESTAT:NRG_TI_GAS(1.0),24/03/26 23:00:00,Annual,Liquefied natural gas,Total,Million cubic metres,Czechia,1991,0.000,,
ESTAT:NRG_TI_GAS(1.0),24/03/26 23:00:00,Annual,Liquefied natural gas,Total,Million cubic metres,Czechia,1992,0.000,,
ESTAT:NRG_TI_GAS(1.0),24/03/26 23:00:00,Annual,Liquefied natural gas,Total,Million cubic metres,Czechia,1993,0.000,,
ESTAT:NRG_TI_GAS(1.0),24/03/26 23:00:00,Annual,Liquefied natural gas,Total,Million cubic metres,Czechia,1994,0.000,,
ESTAT:NRG_TI_GAS(1.0),24/03/26 23:00:00,Annual,Liquefied natural gas,Total,Million cubic metres,Czechia,1995,0.000,,
ESTAT:NRG_TI_GAS(1.0),24/03/26 23:00:00,Annual,Liquefied natural gas,Total,Million cubic metres,Czechia,1996,0.000,,
ESTAT:NRG_TI_GAS(1.0),24/03/26 23:00:00,Annual,Liquefied natural gas,Total,Million cubic metres,Czechia,1997,0.000,,
ESTAT:NRG_TI_GAS(1.0),24/03/26 23:00:00,Annual,Liquefied natural gas,Total,Million cubic metres,Czechia,1998,0.000,,
ESTAT:NRG_TI_GAS(1.0),24/03/26 23:00:00,Annual,Liquefied natural gas,Total,Million cubic metres,Czechia,1999,0.000,,
ESTAT:NRG_TI_GAS(1.0),24/03/26 23:00:00,Annual,Liquefied natural gas,Total,Million cubic metres,Czechia,2000,0.000,,
ESTAT:NRG_TI_GAS(1.0),24/03/26 23:00:00,Annual,Liquefied natural gas,Total,Million cubic metres,Czechia,2001,0.000,,
ESTAT:NRG_TI_GAS(1.0),24/03/26 23:00:00,Annual,Liquefied natural gas,Total,Million cubic metres,Czechia,2002,0.000,,
ESTAT:NRG_TI_GAS(1.0),24/03/26 23:00:00,Annual,Liquefied natural gas,Total,Million cubic metres,Czechia,2003,0.000,,
ESTAT:NRG_TI_GAS(1.0),24/03/26 23:00:00,Annual,Liquefied natural gas,Total,Million cubic metres,Czechia,2004,0.000,,
ESTAT:NRG_TI_GAS(1.0),24/03/26 23:00:00,Annual,Liquefied natural gas,Total,Million cubic metres,Czechia,2005,0.000,,
ESTAT:NRG_TI_GAS(1.0),24/03/26 23:00:00,Annual,Liquefied natural gas,Total,Million cubic metres,Czechia,2006,0.000,,
ESTAT:NRG_TI_GAS(1.0),24/03/26 23:00:00,Annual,Liquefied natural gas,Total,Million cubic metres,Czechia,2007,0.000,,
ESTAT:NRG_TI_GAS(1.0),24/03/26 23:00:00,Annual,Liquefied natural gas,Total,Million cubic metres,Czechia,2008,0.000,,
ESTAT:NRG_TI_GAS(1.0),24/03/26 23:00:00,Annual,Liquefied natural gas,Total,Million cubic metres,Czechia,2009,0.000,,
ESTAT:NRG_TI_GAS(1.0),24/03/26 23:00:00,Annual,Liquefied natural gas,Total,Million cubic metres,Czechia,2010,0.000,,
ESTAT:NRG_TI_GAS(1.0),24/03/26 23:00:00,Annual,Liquefied natural gas,Total,Million cubic metres,Czechia,2011,0.000,,
ESTAT:NRG_TI_GAS(1.0),24/03/26 23:00:00,Annual,Liquefied natural gas,Total,Million cubic metres,Czechia,2012,0.000,,
ESTAT:NRG_TI_GAS(1.0),24/03/26 23:00:00,Annual,Liquefied natural gas,Total,Million cubic metres,Czechia,2013,0.000,,
ESTAT:NRG_TI_GAS(1.0),24/03/26 23:00:00,Annual,Liquefied natural gas,Total,Million cubic metres,Czechia,2014,0.000,,
ESTAT:NRG_TI_GAS(1.0),24/03/26 23:00:00,Annual,Liquefied natural gas,Total,Million cubic metres,Czechia,2015,0.000,,
ESTAT:NRG_TI_GAS(1.0),24/03/26 23:00:00,Annual,Liquefied natural gas,Total,Million cubic metres,Czechia,2016,0.000,,
ESTAT:NRG_TI_GAS(1.0),24/03/26 23:00:00,Annual,Liquefied natural gas,Total,Million cubic metres,Czechia,2017,0.000,,
ESTAT:NRG_TI_GAS(1.0),24/03/26 23:00:00,Annual,Liquefied natural gas,Total,Million cubic metres,Czechia,2018,0.000,,
ESTAT:NRG_TI_GAS(1.0),24/03/26 23:00:00,Annual,Liquefied natural gas,Total,Million cubic metres,Czechia,2019,0.000,,
ESTAT:NRG_TI_GAS(1.0),24/03/26 23:00:00,Annual,Liquefied natural gas,Total,Million cubic metres,Czechia,2020,0.000,,
ESTAT:NRG_TI_GAS(1.0),24/03/26 23:00:00,Annual,Liquefied natural gas,Total,Million cubic metres,Czechia,2021,0.000,,
ESTAT:NRG_TI_GAS(1.0),24/03/26 23:00:00,Annual,Liquefied natural gas,Total,Million cubic metres,Czechia,2022,0.000,,
ESTAT:NRG_TI_GAS(1.0),24/03/26 23:00:00,Annual,Liquefied natural gas,Total,Million cubic metres,Czechia,2023,0.000,,
ESTAT:NRG_TI_GAS(1.0),24/03/26 23:00:00,Annual,Liquefied natural gas,Total,Million cubic metres,Czechia,2024,0.000,,
ESTAT:NRG_TI_GAS(1.0),24/03/26 23:00:00,Annual,Liquefied natural gas,Total,Million cubic metres,Germany,1990,0.000,,
ESTAT:NRG_TI_GAS(1.0),24/03/26 23:00:00,Annual,Liquefied natural gas,Total,Million cubic metres,Germany,1991,0.000,,
ESTAT:NRG_TI_GAS(1.0),24/03/26 23:00:00,Annual,Liquefied natural gas,Total,Million cubic metres,Germany,1992,0.000,,
ESTAT:NRG_TI_GAS(1.0),24/03/26 23:00:00,Annual,Liquefied natural gas,Total,Million cubic metres,Germany,1993,0.000,,
ESTAT:NRG_TI_GAS(1.0),24/03/26 23:00:00,Annual,Liquefied natural gas,Total,Million cubic metres,Germany,1994,0.000,,
ESTAT:NRG_TI_GAS(1.0),24/03/26 23:00:00,Annual,Liquefied natural gas,Total,Million cubic metres,Germany,1995,0.000,,
ESTAT:NRG_TI_GAS(1.0),24/03/26 23:00:00,Annual,Liquefied natural gas,Total,Million cubic metres,Germany,1996,0.000,,
ESTAT:NRG_TI_GAS(1.0),24/03/26 23:00:00,Annual,Liquefied natural gas,Total,Million cubic metres,Germany,1997,0.000,,
ESTAT:NRG_TI_GAS(1.0),24/03/26 23:00:00,Annual,Liquefied natural gas,Total,Million cubic metres,Germany,1998,0.000,,
ESTAT:NRG_TI_GAS(1.0),24/03/26 23:00:00,Annual,Liquefied natural gas,Total,Million cubic metres,Germany,1999,0.000,,
ESTAT:NRG_TI_GAS(1.0),24/03/26 23:00:00,Annual,Liquefied natural gas,Total,Million cubic metres,Germany,2000,0.000,,
ESTAT:NRG_TI_GAS(1.0),24/03/26 23:00:00,Annual,Liquefied natural gas,Total,Million cubic metres,Germany,2001,0.000,,
ESTAT:NRG_TI_GAS(1.0),24/03/26 23:00:00,Annual,Liquefied natural gas,Total,Million cubic metres,Germany,2002,0.000,,
ESTAT:NRG_TI_GAS(1.0),24/03/26 23:00:00,Annual,Liquefied natural gas,Total,Million cubic metres,Germany,2003,0.000,,
ESTAT:NRG_TI_GAS(1.0),24/03/26 23:00:00,Annual,Liquefied natural gas,Total,Million cubic metres,Germany,2004,0.000,,
ESTAT:NRG_TI_GAS(1.0),24/03/26 23:00:00,Annual,Liquefied natural gas,Total,Million cubic metres,Germany,2005,0.000,,
ESTAT:NRG_TI_GAS(1.0),24/03/26 23:00:00,Annual,Liquefied natural gas,Total,Million cubic metres,Germany,2006,0.000,,
ESTAT:NRG_TI_GAS(1.0),24/03/26 23:00:00,Annual,Liquefied natural gas,Total,Million cubic metres,Germany,2007,0.000,,
ESTAT:NRG_TI_GAS(1.0),24/03/26 23:00:00,Annual,Liquefied natural gas,Total,Million cubic metres,Germany,2008,0.000,,
ESTAT:NRG_TI_GAS(1.0),24/03/26 23:00:00,Annual,Liquefied natural gas,Total,Million cubic metres,Germany,2009,0.000,,
ESTAT:NRG_TI_GAS(1.0),24/03/26 23:00:00,Annual,Liquefied natural gas,Total,Million cubic metres,Germany,2010,0.000,,
ESTAT:NRG_TI_GAS(1.0),24/03/26 23:00:00,Annual,Liquefied natural gas,Total,Million cubic metres,Germany,2011,0.000,,
ESTAT:NRG_TI_GAS(1.0),24/03/26 23:00:00,Annual,Liquefied natural gas,Total,Million cubic metres,Germany,2012,0.000,,
ESTAT:NRG_TI_GAS(1.0),24/03/26 23:00:00,Annual,Liquefied natural gas,Total,Million cubic metres,Germany,2013,0.000,,
ESTAT:NRG_TI_GAS(1.0),24/03/26 23:00:00,Annual,Liquefied natural gas,Total,Million cubic metres,Germany,2014,0.000,,
ESTAT:NRG_TI_GAS(1.0),24/03/26 23:00:00,Annual,Liquefied natural gas,Total,Million cubic metres,Germany,2015,0.000,,
ESTAT:NRG_TI_GAS(1.0),24/03/26 23:00:00,Annual,Liquefied natural gas,Total,Million cubic metres,Germany,2016,0.000,,
ESTAT:NRG_TI_GAS(1.0),24/03/26 23:00:00,Annual,Liquefied natural gas,Total,Million cubic metres,Germany,2017,0.000,,
ESTAT:NRG_TI_GAS(1.0),24/03/26 23:00:00,Annual,Liquefied natural gas,Total,Million cubic metres,Germany,2018,0.000,,
ESTAT:NRG_TI_GAS(1.0),24/03/26 23:00:00,Annual,Liquefied natural gas,Total,Million cubic metres,Germany,2019,0.000,,
ESTAT:NRG_TI_GAS(1.0),24/03/26 23:00:00,Annual,Liquefied natural gas,Total,Million cubic metres,Germany,2020,0.000,,
ESTAT:NRG_TI_GAS(1.0),24/03/26 23:00:00,Annual,Liquefied natural gas,Total,Million cubic metres,Germany,2021,0.000,,
ESTAT:NRG_TI_GAS(1.0),24/03/26 23:00:00,Annual,Liquefied natural gas,Total,Million cubic metres,Germany,2022,0.000,,
ESTAT:NRG_TI_GAS(1.0),24/03/26 23:00:00,Annual,Liquefied natural gas,Total,Million cubic metres,Germany,2023,6461.508,,
ESTAT:NRG_TI_GAS(1.0),24/03/26 23:00:00,Annual,Liquefied natural gas,Total,Million cubic metres,Germany,2024,5532.474,,
ESTAT:NRG_TI_GAS(1.0),24/03/26 23:00:00,Annual,Liquefied natural gas,Total,Million cubic metres,Denmark,1990,0.000,,
ESTAT:NRG_TI_GAS(1.0),24/03/26 23:00:00,Annual,Liquefied natural gas,Total,Million cubic metres,Denmark,1991,0.000,,
ESTAT:NRG_TI_GAS(1.0),24/03/26 23:00:00,Annual,Liquefied natural gas,Total,Million cubic metres,Denmark,1992,0.000,,
ESTAT:NRG_TI_GAS(1.0),24/03/26 23:00:00,Annual,Liquefied natural gas,Total,Million cubic metres,Denmark,1993,0.000,,
ESTAT:NRG_TI_GAS(1.0),24/03/26 23:00:00,Annual,Liquefied natural gas,Total,Million cubic metres,Denmark,1994,0.000,,
ESTAT:NRG_TI_GAS(1.0),24/03/26 23:00:00,Annual,Liquefied natural gas,Total,Million cubic metres,Denmark,1995,0.000,,
ESTAT:NRG_TI_GAS(1.0),24/03/26 23:00:00,Annual,Liquefied natural gas,Total,Million cubic metres,Denmark,1996,0.000,,
ESTAT:NRG_TI_GAS(1.0),24/03/26 23:00:00,Annual,Liquefied natural gas,Total,Million cubic metres,Denmark,1997,0.000,,
ESTAT:NRG_TI_GAS(1.0),24/03/26 23:00:00,Annual,Liquefied natural gas,Total,Million cubic metres,Denmark,1998,0.000,,
ESTAT:NRG_TI_GAS(1.0),24/03/26 23:00:00,Annual,Liquefied natural gas,Total,Million cubic metres,Denmark,1999,0.000,,
ESTAT:NRG_TI_GAS(1.0),24/03/26 23:00:00,Annual,Liquefied natural gas,Total,Million cubic metres,Denmark,2000,0.000,,
ESTAT:NRG_TI_GAS(1.0),24/03/26 23:00:00,Annual,Liquefied natural gas,Total,Million cubic metres,Denmark,2001,0.000,,
ESTAT:NRG_TI_GAS(1.0),24/03/26 23:00:00,Annual,Liquefied natural gas,Total,Million cubic metres,Denmark,2002,0.000,,
ESTAT:NRG_TI_GAS(1.0),24/03/26 23:00:00,Annual,Liquefied natural gas,Total,Million cubic metres,Denmark,2003,0.000,,
ESTAT:NRG_TI_GAS(1.0),24/03/26 23:00:00,Annual,Liquefied natural gas,Total,Million cubic metres,Denmark,2004,0.000,,
ESTAT:NRG_TI_GAS(1.0),24/03/26 23:00:00,Annual,Liquefied natural gas,Total,Million cubic metres,Denmark,2005,0.000,,
ESTAT:NRG_TI_GAS(1.0),24/03/26 23:00:00,Annual,Liquefied natural gas,Total,Million cubic metres,Denmark,2006,0.000,,
ESTAT:NRG_TI_GAS(1.0),24/03/26 23:00:00,Annual,Liquefied natural gas,Total,Million cubic metres,Denmark,2007,0.000,,
ESTAT:NRG_TI_GAS(1.0),24/03/26 23:00:00,Annual,Liquefied natural gas,Total,Million cubic metres,Denmark,2008,0.000,,
ESTAT:NRG_TI_GAS(1.0),24/03/26 23:00:00,Annual,Liquefied natural gas,Total,Million cubic metres,Denmark,2009,0.000,,
ESTAT:NRG_TI_GAS(1.0),24/03/26 23:00:00,Annual,Liquefied natural gas,Total,Million cubic metres,Denmark,2010,0.000,,
ESTAT:NRG_TI_GAS(1.0),24/03/26 23:00:00,Annual,Liquefied natural gas,Total,Million cubic metres,Denmark,2011,0.000,,
ESTAT:NRG_TI_GAS(1.0),24/03/26 23:00:00,Annual,Liquefied natural gas,Total,Million cubic metres,Denmark,2012,0.000,,
ESTAT:NRG_TI_GAS(1.0),24/03/26 23:00:00,Annual,Liquefied natural gas,Total,Million cubic metres,Denmark,2013,0.000,,
ESTAT:NRG_TI_GAS(1.0),24/03/26 23:00:00,Annual,Liquefied natural gas,Total,Million cubic metres,Denmark,2014,0.000,,
ESTAT:NRG_TI_GAS(1.0),24/03/26 23:00:00,Annual,Liquefied natural gas,Total,Million cubic metres,Denmark,2015,3.120,,
ESTAT:NRG_TI_GAS(1.0),24/03/26 23:00:00,Annual,Liquefied natural gas,Total,Million cubic metres,Denmark,2016,2.016,,
ESTAT:NRG_TI_GAS(1.0),24/03/26 23:00:00,Annual,Liquefied natural gas,Total,Million cubic metres,Denmark,2017,3.003,,
ESTAT:NRG_TI_GAS(1.0),24/03/26 23:00:00,Annual,Liquefied natural gas,Total,Million cubic metres,Denmark,2018,2.005,,
ESTAT:NRG_TI_GAS(1.0),24/03/26 23:00:00,Annual,Liquefied natural gas,Total,Million cubic metres,Denmark,2019,3.329,,
ESTAT:NRG_TI_GAS(1.0),24/03/26 23:00:00,Annual,Liquefied natural gas,Total,Million cubic metres,Denmark,2020,3.140,,
ESTAT:NRG_TI_GAS(1.0),24/03/26 23:00:00,Annual,Liquefied natural gas,Total,Million cubic metres,Denmark,2021,3.411,,
ESTAT:NRG_TI_GAS(1.0),24/03/26 23:00:00,Annual,Liquefied natural gas,Total,Million cubic metres,Denmark,2022,0.070,,
ESTAT:NRG_TI_GAS(1.0),24/03/26 23:00:00,Annual,Liquefied natural gas,Total,Million cubic metres,Denmark,2023,0.520,,
ESTAT:NRG_TI_GAS(1.0),24/03/26 23:00:00,Annual,Liquefied natural gas,Total,Million cubic metres,Denmark,2024,0.508,,
ESTAT:NRG_TI_GAS(1.0),24/03/26 23:00:00,Annual,Liquefied natural gas,Total,Million cubic metres,Euro area – 20 countries (2023-2025),1990,17029.000,,
ESTAT:NRG_TI_GAS(1.0),24/03/26 23:00:00,Annual,Liquefied natural gas,Total,Million cubic metres,Euro area – 20 countries (2023-2025),1991,18094.000,,
ESTAT:NRG_TI_GAS(1.0),24/03/26 23:00:00,Annual,Liquefied natural gas,Total,Million cubic metres,Euro area – 20 countries (2023-2025),1992,19578.000,,
ESTAT:NRG_TI_GAS(1.0),24/03/26 23:00:00,Annual,Liquefied natural gas,Total,Million cubic metres,Euro area – 20 countries (2023-2025),1993,18877.000,,
ESTAT:NRG_TI_GAS(1.0),24/03/26 23:00:00,Annual,Liquefied natural gas,Total,Million cubic metres,Euro area – 20 countries (2023-2025),1994,18365.000,,
ESTAT:NRG_TI_GAS(1.0),24/03/26 23:00:00,Annual,Liquefied natural gas,Total,Million cubic metres,Euro area – 20 countries (2023-2025),1995,19006.000,,
ESTAT:NRG_TI_GAS(1.0),24/03/26 23:00:00,Annual,Liquefied natural gas,Total,Million cubic metres,Euro area – 20 countries (2023-2025),1996,19252.000,,
ESTAT:NRG_TI_GAS(1.0),24/03/26 23:00:00,Annual,Liquefied natural gas,Total,Million cubic metres,Euro area – 20 countries (2023-2025),1997,23799.000,,
ESTAT:NRG_TI_GAS(1.0),24/03/26 23:00:00,Annual,Liquefied natural gas,Total,Million cubic metres,Euro area – 20 countries (2023-2025),1998,21944.000,,
ESTAT:NRG_TI_GAS(1.0),24/03/26 23:00:00,Annual,Liquefied natural gas,Total,Million cubic metres,Euro area – 20 countries (2023-2025),1999,24491.000,,
ESTAT:NRG_TI_GAS(1.0),24/03/26 23:00:00,Annual,Liquefied natural gas,Total,Million cubic metres,Euro area – 20 countries (2023-2025),2000,28294.000,,
ESTAT:NRG_TI_GAS(1.0),24/03/26 23:00:00,Annual,Liquefied natural gas,Total,Million cubic metres,Euro area – 20 countries (2023-2025),2001,27548.000,,
ESTAT:NRG_TI_GAS(1.0),24/03/26 23:00:00,Annual,Liquefied natural gas,Total,Million cubic metres,Euro area – 20 countries (2023-2025),2002,34054.000,,
ESTAT:NRG_TI_GAS(1.0),24/03/26 23:00:00,Annual,Liquefied natural gas,Total,Million cubic metres,Euro area – 20 countries (2023-2025),2003,35678.000,,
ESTAT:NRG_TI_GAS(1.0),24/03/26 23:00:00,Annual,Liquefied natural gas,Total,Million cubic metres,Euro area – 20 countries (2023-2025),2004,34359.000,,
ESTAT:NRG_TI_GAS(1.0),24/03/26 23:00:00,Annual,Liquefied natural gas,Total,Million cubic metres,Euro area – 20 countries (2023-2025),2005,42799.000,,
ESTAT:NRG_TI_GAS(1.0),24/03/26 23:00:00,Annual,Liquefied natural gas,Total,Million cubic metres,Euro area – 20 countries (2023-2025),2006,48264.000,,
ESTAT:NRG_TI_GAS(1.0),24/03/26 23:00:00,Annual,Liquefied natural gas,Total,Million cubic metres,Euro area – 20 countries (2023-2025),2007,45105.000,,
ESTAT:NRG_TI_GAS(1.0),24/03/26 23:00:00,Annual,Liquefied natural gas,Total,Million cubic metres,Euro area – 20 countries (2023-2025),2008,48159.000,,
ESTAT:NRG_TI_GAS(1.0),24/03/26 23:00:00,Annual,Liquefied natural gas,Total,Million cubic metres,Euro area – 20 countries (2023-2025),2009,50959.000,,
ESTAT:NRG_TI_GAS(1.0),24/03/26 23:00:00,Annual,Liquefied natural gas,Total,Million cubic metres,Euro area – 20 countries (2023-2025),2010,60075.000,,
ESTAT:NRG_TI_GAS(1.0),24/03/26 23:00:00,Annual,Liquefied natural gas,Total,Million cubic metres,Euro area – 20 countries (2023-2025),2011,55636.496,,
ESTAT:NRG_TI_GAS(1.0),24/03/26 23:00:00,Annual,Liquefied natural gas,Total,Million cubic metres,Euro area – 20 countries (2023-2025),2012,44324.824,,
ESTAT:NRG_TI_GAS(1.0),24/03/26 23:00:00,Annual,Liquefied natural gas,Total,Million cubic metres,Euro area – 20 countries (2023-2025),2013,33573.893,,
ESTAT:NRG_TI_GAS(1.0),24/03/26 23:00:00,Annual,Liquefied natural gas,Total,Million cubic metres,Euro area – 20 countries (2023-2025),2014,31120.680,,
ESTAT:NRG_TI_GAS(1.0),24/03/26 23:00:00,Annual,Liquefied natural gas,Total,Million cubic metres,Euro area – 20 countries (2023-2025),2015,30910.270,,
ESTAT:NRG_TI_GAS(1.0),24/03/26 23:00:00,Annual,Liquefied natural gas,Total,Million cubic metres,Euro area – 20 countries (2023-2025),2016,32039.582,,
ESTAT:NRG_TI_GAS(1.0),24/03/26 23:00:00,Annual,Liquefied natural gas,Total,Million cubic metres,Euro area – 20 countries (2023-2025),2017,42158.773,,
ESTAT:NRG_TI_GAS(1.0),24/03/26 23:00:00,Annual,Liquefied natural gas,Total,Million cubic metres,Euro area – 20 countries (2023-2025),2018,46070.604,,
ESTAT:NRG_TI_GAS(1.0),24/03/26 23:00:00,Annual,Liquefied natural gas,Total,Million cubic metres,Euro area – 20 countries (2023-2025),2019,82110.088,,
ESTAT:NRG_TI_GAS(1.0),24/03/26 23:00:00,Annual,Liquefied natural gas,Total,Million cubic metres,Euro area – 20 countries (2023-2025),2020,73714.666,,
ESTAT:NRG_TI_GAS(1.0),24/03/26 23:00:00,Annual,Liquefied natural gas,Total,Million cubic metres,Euro area – 20 countries (2023-2025),2021,70758.189,,
ESTAT:NRG_TI_GAS(1.0),24/03/26 23:00:00,Annual,Liquefied natural gas,Total,Million cubic metres,Euro area – 20 countries (2023-2025),2022,121242.340,,
ESTAT:NRG_TI_GAS(1.0),24/03/26 23:00:00,Annual,Liquefied natural gas,Total,Million cubic metres,Euro area – 20 countries (2023-2025),2023,126201.027,,
ESTAT:NRG_TI_GAS(1.0),24/03/26 23:00:00,Annual,Liquefied natural gas,Total,Million cubic metres,Euro area – 20 countries (2023-2025),2024,103708.435,,
ESTAT:NRG_TI_GAS(1.0),24/03/26 23:00:00,Annual,Liquefied natural gas,Total,Million cubic metres,Euro area – 21 countries (from 2026),1990,17029,,
ESTAT:NRG_TI_GAS(1.0),24/03/26 23:00:00,Annual,Liquefied natural gas,Total,Million cubic metres,Euro area – 21 countries (from 2026),1991,18094,,
ESTAT:NRG_TI_GAS(1.0),24/03/26 23:00:00,Annual,Liquefied natural gas,Total,Million cubic metres,Euro area – 21 countries (from 2026),1992,19578,,
ESTAT:NRG_TI_GAS(1.0),24/03/26 23:00:00,Annual,Liquefied natural gas,Total,Million cubic metres,Euro area – 21 countries (from 2026),1993,18877,,
ESTAT:NRG_TI_GAS(1.0),24/03/26 23:00:00,Annual,Liquefied natural gas,Total,Million cubic metres,Euro area – 21 countries (from 2026),1994,18365,,
ESTAT:NRG_TI_GAS(1.0),24/03/26 23:00:00,Annual,Liquefied natural gas,Total,Million cubic metres,Euro area – 21 countries (from 2026),1995,19006,,
ESTAT:NRG_TI_GAS(1.0),24/03/26 23:00:00,Annual,Liquefied natural gas,Total,Million cubic metres,Euro area – 21 countries (from 2026),1996,19252,,
ESTAT:NRG_TI_GAS(1.0),24/03/26 23:00:00,Annual,Liquefied natural gas,Total,Million cubic metres,Euro area – 21 countries (from 2026),1997,23799,,
ESTAT:NRG_TI_GAS(1.0),24/03/26 23:00:00,Annual,Liquefied natural gas,Total,Million cubic metres,Euro area – 21 countries (from 2026),1998,21944,,
ESTAT:NRG_TI_GAS(1.0),24/03/26 23:00:00,Annual,Liquefied natural gas,Total,Million cubic metres,Euro area – 21 countries (from 2026),1999,24491,,
ESTAT:NRG_TI_GAS(1.0),24/03/26 23:00:00,Annual,Liquefied natural gas,Total,Million cubic metres,Euro area – 21 countries (from 2026),2000,28294,,
ESTAT:NRG_TI_GAS(1.0),24/03/26 23:00:00,Annual,Liquefied natural gas,Total,Million cubic metres,Euro area – 21 countries (from 2026),2001,27548,,
ESTAT:NRG_TI_GAS(1.0),24/03/26 23:00:00,Annual,Liquefied natural gas,Total,Million cubic metres,Euro area – 21 countries (from 2026),2002,34054,,
ESTAT:NRG_TI_GAS(1.0),24/03/26 23:00:00,Annual,Liquefied natural gas,Total,Million cubic metres,Euro area – 21 countries (from 2026),2003,35678,,
ESTAT:NRG_TI_GAS(1.0),24/03/26 23:00:00,Annual,Liquefied natural gas,Total,Million cubic metres,Euro area – 21 countries (from 2026),2004,34359,,
ESTAT:NRG_TI_GAS(1.0),24/03/26 23:00:00,Annual,Liquefied natural gas,Total,Million cubic metres,Euro area – 21 countries (from 2026),2005,42799,,
ESTAT:NRG_TI_GAS(1.0),24/03/26 23:00:00,Annual,Liquefied natural gas,Total,Million cubic metres,Euro area – 21 countries (from 2026),2006,48264,,
ESTAT:NRG_TI_GAS(1.0),24/03/26 23:00:00,Annual,Liquefied natural gas,Total,Million cubic metres,Euro area – 21 countries (from 2026),2007,45105,,
ESTAT:NRG_TI_GAS(1.0),24/03/26 23:00:00,Annual,Liquefied natural gas,Total,Million cubic metres,Euro area – 21 countries (from 2026),2008,48159,,
ESTAT:NRG_TI_GAS(1.0),24/03/26 23:00:00,Annual,Liquefied natural gas,Total,Million cubic metres,Euro area – 21 countries (from 2026),2009,50959,,
ESTAT:NRG_TI_GAS(1.0),24/03/26 23:00:00,Annual,Liquefied natural gas,Total,Million cubic metres,Euro area – 21 countries (from 2026),2010,60075,,
ESTAT:NRG_TI_GAS(1.0),24/03/26 23:00:00,Annual,Liquefied natural gas,Total,Million cubic metres,Euro area – 21 countries (from 2026),2011,55636.496,,
ESTAT:NRG_TI_GAS(1.0),24/03/26 23:00:00,Annual,Liquefied natural gas,Total,Million cubic metres,Euro area – 21 countries (from 2026),2012,44324.824,,
ESTAT:NRG_TI_GAS(1.0),24/03/26 23:00:00,Annual,Liquefied natural gas,Total,Million cubic metres,Euro area – 21 countries (from 2026),2013,33573.893,,
ESTAT:NRG_TI_GAS(1.0),24/03/26 23:00:00,Annual,Liquefied natural gas,Total,Million cubic metres,Euro area – 21 countries (from 2026),2014,31120.68,,
ESTAT:NRG_TI_GAS(1.0),24/03/26 23:00:00,Annual,Liquefied natural gas,Total,Million cubic metres,Euro area – 21 countries (from 2026),2015,30910.27,,
ESTAT:NRG_TI_GAS(1.0),24/03/26 23:00:00,Annual,Liquefied natural gas,Total,Million cubic metres,Euro area – 21 countries (from 2026),2016,32039.582,,
ESTAT:NRG_TI_GAS(1.0),24/03/26 23:00:00,Annual,Liquefied natural gas,Total,Million cubic metres,Euro area – 21 countries (from 2026),2017,42158.773,,
ESTAT:NRG_TI_GAS(1.0),24/03/26 23:00:00,Annual,Liquefied natural gas,Total,Million cubic metres,Euro area – 21 countries (from 2026),2018,46070.604,,
ESTAT:NRG_TI_GAS(1.0),24/03/26 23:00:00,Annual,Liquefied natural gas,Total,Million cubic metres,Euro area – 21 countries (from 2026),2019,82110.088,,
ESTAT:NRG_TI_GAS(1.0),24/03/26 23:00:00,Annual,Liquefied natural gas,Total,Million cubic metres,Euro area – 21 countries (from 2026),2020,73714.666,,
ESTAT:NRG_TI_GAS(1.0),24/03/26 23:00:00,Annual,Liquefied natural gas,Total,Million cubic metres,Euro area – 21 countries (from 2026),2021,70758.189,,
ESTAT:NRG_TI_GAS(1.0),24/03/26 23:00:00,Annual,Liquefied natural gas,Total,Million cubic metres,Euro area – 21 countries (from 2026),2022,121630.97,,
ESTAT:NRG_TI_GAS(1.0),24/03/26 23:00:00,Annual,Liquefied natural gas,Total,Million cubic metres,Euro area – 21 countries (from 2026),2023,126424.615,,
ESTAT:NRG_TI_GAS(1.0),24/03/26 23:00:00,Annual,Liquefied natural gas,Total,Million cubic metres,Euro area – 21 countries (from 2026),2024,103708.435,,
ESTAT:NRG_TI_GAS(1.0),24/03/26 23:00:00,Annual,Liquefied natural gas,Total,Million cubic metres,Estonia,1990,0.000,,
ESTAT:NRG_TI_GAS(1.0),24/03/26 23:00:00,Annual,Liquefied natural gas,Total,Million cubic metres,Estonia,1991,0.000,,
ESTAT:NRG_TI_GAS(1.0),24/03/26 23:00:00,Annual,Liquefied natural gas,Total,Million cubic metres,Estonia,1992,0.000,,
ESTAT:NRG_TI_GAS(1.0),24/03/26 23:00:00,Annual,Liquefied natural gas,Total,Million cubic metres,Estonia,1993,0.000,,
ESTAT:NRG_TI_GAS(1.0),24/03/26 23:00:00,Annual,Liquefied natural gas,Total,Million cubic metres,Estonia,1994,0.000,,
ESTAT:NRG_TI_GAS(1.0),24/03/26 23:00:00,Annual,Liquefied natural gas,Total,Million cubic metres,Estonia,1995,0.000,,
ESTAT:NRG_TI_GAS(1.0),24/03/26 23:00:00,Annual,Liquefied natural gas,Total,Million cubic metres,Estonia,1996,0.000,,
ESTAT:NRG_TI_GAS(1.0),24/03/26 23:00:00,Annual,Liquefied natural gas,Total,Million cubic metres,Estonia,1997,0.000,,
ESTAT:NRG_TI_GAS(1.0),24/03/26 23:00:00,Annual,Liquefied natural gas,Total,Million cubic metres,Estonia,1998,0.000,,
ESTAT:NRG_TI_GAS(1.0),24/03/26 23:00:00,Annual,Liquefied natural gas,Total,Million cubic metres,Estonia,1999,0.000,,
ESTAT:NRG_TI_GAS(1.0),24/03/26 23:00:00,Annual,Liquefied natural gas,Total,Million cubic metres,Estonia,2000,0.000,,
ESTAT:NRG_TI_GAS(1.0),24/03/26 23:00:00,Annual,Liquefied natural gas,Total,Million cubic metres,Estonia,2001,0.000,,
ESTAT:NRG_TI_GAS(1.0),24/03/26 23:00:00,Annual,Liquefied natural gas,Total,Million cubic metres,Estonia,2002,0.000,,
ESTAT:NRG_TI_GAS(1.0),24/03/26 23:00:00,Annual,Liquefied natural gas,Total,Million cubic metres,Estonia,2003,0.000,,
ESTAT:NRG_TI_GAS(1.0),24/03/26 23:00:00,Annual,Liquefied natural gas,Total,Million cubic metres,Estonia,2004,0.000,,
ESTAT:NRG_TI_GAS(1.0),24/03/26 23:00:00,Annual,Liquefied natural gas,Total,Million cubic metres,Estonia,2005,0.000,,
ESTAT:NRG_TI_GAS(1.0),24/03/26 23:00:00,Annual,Liquefied natural gas,Total,Million cubic metres,Estonia,2006,0.000,,
ESTAT:NRG_TI_GAS(1.0),24/03/26 23:00:00,Annual,Liquefied natural gas,Total,Million cubic metres,Estonia,2007,0.000,,
ESTAT:NRG_TI_GAS(1.0),24/03/26 23:00:00,Annual,Liquefied natural gas,Total,Million cubic metres,Estonia,2008,0.000,,
ESTAT:NRG_TI_GAS(1.0),24/03/26 23:00:00,Annual,Liquefied natural gas,Total,Million cubic metres,Estonia,2009,0.000,,
ESTAT:NRG_TI_GAS(1.0),24/03/26 23:00:00,Annual,Liquefied natural gas,Total,Million cubic metres,Estonia,2010,0.000,,
ESTAT:NRG_TI_GAS(1.0),24/03/26 23:00:00,Annual,Liquefied natural gas,Total,Million cubic metres,Estonia,2011,0.000,,
ESTAT:NRG_TI_GAS(1.0),24/03/26 23:00:00,Annual,Liquefied natural gas,Total,Million cubic metres,Estonia,2012,0.000,,
ESTAT:NRG_TI_GAS(1.0),24/03/26 23:00:00,Annual,Liquefied natural gas,Total,Million cubic metres,Estonia,2013,0.000,,
ESTAT:NRG_TI_GAS(1.0),24/03/26 23:00:00,Annual,Liquefied natural gas,Total,Million cubic metres,Estonia,2014,0.000,,
ESTAT:NRG_TI_GAS(1.0),24/03/26 23:00:00,Annual,Liquefied natural gas,Total,Million cubic metres,Estonia,2015,0.000,,
ESTAT:NRG_TI_GAS(1.0),24/03/26 23:00:00,Annual,Liquefied natural gas,Total,Million cubic metres,Estonia,2016,0.000,,
ESTAT:NRG_TI_GAS(1.0),24/03/26 23:00:00,Annual,Liquefied natural gas,Total,Million cubic metres,Estonia,2017,18.000,,
ESTAT:NRG_TI_GAS(1.0),24/03/26 23:00:00,Annual,Liquefied natural gas,Total,Million cubic metres,Estonia,2018,20.000,,
ESTAT:NRG_TI_GAS(1.0),24/03/26 23:00:00,Annual,Liquefied natural gas,Total,Million cubic metres,Estonia,2019,24.700,,
ESTAT:NRG_TI_GAS(1.0),24/03/26 23:00:00,Annual,Liquefied natural gas,Total,Million cubic metres,Estonia,2020,26.000,,
ESTAT:NRG_TI_GAS(1.0),24/03/26 23:00:00,Annual,Liquefied natural gas,Total,Million cubic metres,Estonia,2021,28.750,,
ESTAT:NRG_TI_GAS(1.0),24/03/26 23:00:00,Annual,Liquefied natural gas,Total,Million cubic metres,Estonia,2022,66.550,,
ESTAT:NRG_TI_GAS(1.0),24/03/26 23:00:00,Annual,Liquefied natural gas,Total,Million cubic metres,Estonia,2023,0.000,,
ESTAT:NRG_TI_GAS(1.0),24/03/26 23:00:00,Annual,Liquefied natural gas,Total,Million cubic metres,Estonia,2024,0.000,,
ESTAT:NRG_TI_GAS(1.0),24/03/26 23:00:00,Annual,Liquefied natural gas,Total,Million cubic metres,Greece,1990,0.000,,
ESTAT:NRG_TI_GAS(1.0),24/03/26 23:00:00,Annual,Liquefied natural gas,Total,Million cubic metres,Greece,1991,0.000,,
ESTAT:NRG_TI_GAS(1.0),24/03/26 23:00:00,Annual,Liquefied natural gas,Total,Million cubic metres,Greece,1992,0.000,,
ESTAT:NRG_TI_GAS(1.0),24/03/26 23:00:00,Annual,Liquefied natural gas,Total,Million cubic metres,Greece,1993,0.000,,
ESTAT:NRG_TI_GAS(1.0),24/03/26 23:00:00,Annual,Liquefied natural gas,Total,Million cubic metres,Greece,1994,0.000,,
ESTAT:NRG_TI_GAS(1.0),24/03/26 23:00:00,Annual,Liquefied natural gas,Total,Million cubic metres,Greece,1995,0.000,,
ESTAT:NRG_TI_GAS(1.0),24/03/26 23:00:00,Annual,Liquefied natural gas,Total,Million cubic metres,Greece,1996,0.000,,
ESTAT:NRG_TI_GAS(1.0),24/03/26 23:00:00,Annual,Liquefied natural gas,Total,Million cubic metres,Greece,1997,0.000,,
ESTAT:NRG_TI_GAS(1.0),24/03/26 23:00:00,Annual,Liquefied natural gas,Total,Million cubic metres,Greece,1998,0.000,,
ESTAT:NRG_TI_GAS(1.0),24/03/26 23:00:00,Annual,Liquefied natural gas,Total,Million cubic metres,Greece,1999,0.000,,
ESTAT:NRG_TI_GAS(1.0),24/03/26 23:00:00,Annual,Liquefied natural gas,Total,Million cubic metres,Greece,2000,507.000,,
ESTAT:NRG_TI_GAS(1.0),24/03/26 23:00:00,Annual,Liquefied natural gas,Total,Million cubic metres,Greece,2001,523.000,,
ESTAT:NRG_TI_GAS(1.0),24/03/26 23:00:00,Annual,Liquefied natural gas,Total,Million cubic metres,Greece,2002,508.000,,
ESTAT:NRG_TI_GAS(1.0),24/03/26 23:00:00,Annual,Liquefied natural gas,Total,Million cubic metres,Greece,2003,555.000,,
ESTAT:NRG_TI_GAS(1.0),24/03/26 23:00:00,Annual,Liquefied natural gas,Total,Million cubic metres,Greece,2004,452.000,,
ESTAT:NRG_TI_GAS(1.0),24/03/26 23:00:00,Annual,Liquefied natural gas,Total,Million cubic metres,Greece,2005,436.000,,
ESTAT:NRG_TI_GAS(1.0),24/03/26 23:00:00,Annual,Liquefied natural gas,Total,Million cubic metres,Greece,2006,602.000,,
ESTAT:NRG_TI_GAS(1.0),24/03/26 23:00:00,Annual,Liquefied natural gas,Total,Million cubic metres,Greece,2007,905.000,,
ESTAT:NRG_TI_GAS(1.0),24/03/26 23:00:00,Annual,Liquefied natural gas,Total,Million cubic metres,Greece,2008,985.000,,
ESTAT:NRG_TI_GAS(1.0),24/03/26 23:00:00,Annual,Liquefied natural gas,Total,Million cubic metres,Greece,2009,825.000,,
ESTAT:NRG_TI_GAS(1.0),24/03/26 23:00:00,Annual,Liquefied natural gas,Total,Million cubic metres,Greece,2010,1142.000,,
ESTAT:NRG_TI_GAS(1.0),24/03/26 23:00:00,Annual,Liquefied natural gas,Total,Million cubic metres,Greece,2011,1195.000,,
ESTAT:NRG_TI_GAS(1.0),24/03/26 23:00:00,Annual,Liquefied natural gas,Total,Million cubic metres,Greece,2012,1312.000,,
ESTAT:NRG_TI_GAS(1.0),24/03/26 23:00:00,Annual,Liquefied natural gas,Total,Million cubic metres,Greece,2013,610.000,,
ESTAT:NRG_TI_GAS(1.0),24/03/26 23:00:00,Annual,Liquefied natural gas,Total,Million cubic metres,Greece,2014,589.000,,
ESTAT:NRG_TI_GAS(1.0),24/03/26 23:00:00,Annual,Liquefied natural gas,Total,Million cubic metres,Greece,2015,601.000,,
ESTAT:NRG_TI_GAS(1.0),24/03/26 23:00:00,Annual,Liquefied natural gas,Total,Million cubic metres,Greece,2016,791.000,,
ESTAT:NRG_TI_GAS(1.0),24/03/26 23:00:00,Annual,Liquefied natural gas,Total,Million cubic metres,Greece,2017,1471.715,,
ESTAT:NRG_TI_GAS(1.0),24/03/26 23:00:00,Annual,Liquefied natural gas,Total,Million cubic metres,Greece,2018,1025.490,,
ESTAT:NRG_TI_GAS(1.0),24/03/26 23:00:00,Annual,Liquefied natural gas,Total,Million cubic metres,Greece,2019,2802.375,,
ESTAT:NRG_TI_GAS(1.0),24/03/26 23:00:00,Annual,Liquefied natural gas,Total,Million cubic metres,Greece,2020,3031.648,,
ESTAT:NRG_TI_GAS(1.0),24/03/26 23:00:00,Annual,Liquefied natural gas,Total,Million cubic metres,Greece,2021,2231.240,,
ESTAT:NRG_TI_GAS(1.0),24/03/26 23:00:00,Annual,Liquefied natural gas,Total,Million cubic metres,Greece,2022,3556.464,,
ESTAT:NRG_TI_GAS(1.0),24/03/26 23:00:00,Annual,Liquefied natural gas,Total,Million cubic metres,Greece,2023,2607.103,,
ESTAT:NRG_TI_GAS(1.0),24/03/26 23:00:00,Annual,Liquefied natural gas,Total,Million cubic metres,Greece,2024,2077.642,,
ESTAT:NRG_TI_GAS(1.0),24/03/26 23:00:00,Annual,Liquefied natural gas,Total,Million cubic metres,Spain,1990,4262.000,,
ESTAT:NRG_TI_GAS(1.0),24/03/26 23:00:00,Annual,Liquefied natural gas,Total,Million cubic metres,Spain,1991,5079.000,,
ESTAT:NRG_TI_GAS(1.0),24/03/26 23:00:00,Annual,Liquefied natural gas,Total,Million cubic metres,Spain,1992,5590.000,,
ESTAT:NRG_TI_GAS(1.0),24/03/26 23:00:00,Annual,Liquefied natural gas,Total,Million cubic metres,Spain,1993,5688.000,,
ESTAT:NRG_TI_GAS(1.0),24/03/26 23:00:00,Annual,Liquefied natural gas,Total,Million cubic metres,Spain,1994,6433.000,,
ESTAT:NRG_TI_GAS(1.0),24/03/26 23:00:00,Annual,Liquefied natural gas,Total,Million cubic metres,Spain,1995,7261.000,,
ESTAT:NRG_TI_GAS(1.0),24/03/26 23:00:00,Annual,Liquefied natural gas,Total,Million cubic metres,Spain,1996,7545.000,,
ESTAT:NRG_TI_GAS(1.0),24/03/26 23:00:00,Annual,Liquefied natural gas,Total,Million cubic metres,Spain,1997,7876.000,,
ESTAT:NRG_TI_GAS(1.0),24/03/26 23:00:00,Annual,Liquefied natural gas,Total,Million cubic metres,Spain,1998,6169.000,,
ESTAT:NRG_TI_GAS(1.0),24/03/26 23:00:00,Annual,Liquefied natural gas,Total,Million cubic metres,Spain,1999,7422.000,,
ESTAT:NRG_TI_GAS(1.0),24/03/26 23:00:00,Annual,Liquefied natural gas,Total,Million cubic metres,Spain,2000,9032.000,,
ESTAT:NRG_TI_GAS(1.0),24/03/26 23:00:00,Annual,Liquefied natural gas,Total,Million cubic metres,Spain,2001,10316.000,,
ESTAT:NRG_TI_GAS(1.0),24/03/26 23:00:00,Annual,Liquefied natural gas,Total,Million cubic metres,Spain,2002,12832.000,,
ESTAT:NRG_TI_GAS(1.0),24/03/26 23:00:00,Annual,Liquefied natural gas,Total,Million cubic metres,Spain,2003,15496.000,,
ESTAT:NRG_TI_GAS(1.0),24/03/26 23:00:00,Annual,Liquefied natural gas,Total,Million cubic metres,Spain,2004,18281.000,,
ESTAT:NRG_TI_GAS(1.0),24/03/26 23:00:00,Annual,Liquefied natural gas,Total,Million cubic metres,Spain,2005,23010.000,,
ESTAT:NRG_TI_GAS(1.0),24/03/26 23:00:00,Annual,Liquefied natural gas,Total,Million cubic metres,Spain,2006,25366.000,,
ESTAT:NRG_TI_GAS(1.0),24/03/26 23:00:00,Annual,Liquefied natural gas,Total,Million cubic metres,Spain,2007,25007.000,,
ESTAT:NRG_TI_GAS(1.0),24/03/26 23:00:00,Annual,Liquefied natural gas,Total,Million cubic metres,Spain,2008,29634.000,,
ESTAT:NRG_TI_GAS(1.0),24/03/26 23:00:00,Annual,Liquefied natural gas,Total,Million cubic metres,Spain,2009,27229.000,,
ESTAT:NRG_TI_GAS(1.0),24/03/26 23:00:00,Annual,Liquefied natural gas,Total,Million cubic metres,Spain,2010,27822.000,,
ESTAT:NRG_TI_GAS(1.0),24/03/26 23:00:00,Annual,Liquefied natural gas,Total,Million cubic metres,Spain,2011,23595.000,,
ESTAT:NRG_TI_GAS(1.0),24/03/26 23:00:00,Annual,Liquefied natural gas,Total,Million cubic metres,Spain,2012,21141.000,,
ESTAT:NRG_TI_GAS(1.0),24/03/26 23:00:00,Annual,Liquefied natural gas,Total,Million cubic metres,Spain,2013,15472.000,,
ESTAT:NRG_TI_GAS(1.0),24/03/26 23:00:00,Annual,Liquefied natural gas,Total,Million cubic metres,Spain,2014,16019.000,,
ESTAT:NRG_TI_GAS(1.0),24/03/26 23:00:00,Annual,Liquefied natural gas,Total,Million cubic metres,Spain,2015,13513.000,,
ESTAT:NRG_TI_GAS(1.0),24/03/26 23:00:00,Annual,Liquefied natural gas,Total,Million cubic metres,Spain,2016,13627.000,,
ESTAT:NRG_TI_GAS(1.0),24/03/26 23:00:00,Annual,Liquefied natural gas,Total,Million cubic metres,Spain,2017,16361.000,,
ESTAT:NRG_TI_GAS(1.0),24/03/26 23:00:00,Annual,Liquefied natural gas,Total,Million cubic metres,Spain,2018,14856.000,,
ESTAT:NRG_TI_GAS(1.0),24/03/26 23:00:00,Annual,Liquefied natural gas,Total,Million cubic metres,Spain,2019,21424.000,,
ESTAT:NRG_TI_GAS(1.0),24/03/26 23:00:00,Annual,Liquefied natural gas,Total,Million cubic metres,Spain,2020,20364.000,,
ESTAT:NRG_TI_GAS(1.0),24/03/26 23:00:00,Annual,Liquefied natural gas,Total,Million cubic metres,Spain,2021,20152.552,,
ESTAT:NRG_TI_GAS(1.0),24/03/26 23:00:00,Annual,Liquefied natural gas,Total,Million cubic metres,Spain,2022,28380.705,,
ESTAT:NRG_TI_GAS(1.0),24/03/26 23:00:00,Annual,Liquefied natural gas,Total,Million cubic metres,Spain,2023,24644.979,,
ESTAT:NRG_TI_GAS(1.0),24/03/26 23:00:00,Annual,Liquefied natural gas,Total,Million cubic metres,Spain,2024,18224.498,,
ESTAT:NRG_TI_GAS(1.0),24/03/26 23:00:00,Annual,Liquefied natural gas,Total,Million cubic metres,European Union - 27 countries (from 2020),1990,17029.000,,
ESTAT:NRG_TI_GAS(1.0),24/03/26 23:00:00,Annual,Liquefied natural gas,Total,Million cubic metres,European Union - 27 countries (from 2020),1991,18094.000,,
ESTAT:NRG_TI_GAS(1.0),24/03/26 23:00:00,Annual,Liquefied natural gas,Total,Million cubic metres,European Union - 27 countries (from 2020),1992,19578.000,,
ESTAT:NRG_TI_GAS(1.0),24/03/26 23:00:00,Annual,Liquefied natural gas,Total,Million cubic metres,European Union - 27 countries (from 2020),1993,18877.000,,
ESTAT:NRG_TI_GAS(1.0),24/03/26 23:00:00,Annual,Liquefied natural gas,Total,Million cubic metres,European Union - 27 countries (from 2020),1994,18365.000,,
ESTAT:NRG_TI_GAS(1.0),24/03/26 23:00:00,Annual,Liquefied natural gas,Total,Million cubic metres,European Union - 27 countries (from 2020),1995,19006.000,,
ESTAT:NRG_TI_GAS(1.0),24/03/26 23:00:00,Annual,Liquefied natural gas,Total,Million cubic metres,European Union - 27 countries (from 2020),1996,19252.000,,
ESTAT:NRG_TI_GAS(1.0),24/03/26 23:00:00,Annual,Liquefied natural gas,Total,Million cubic metres,European Union - 27 countries (from 2020),1997,23799.000,,
ESTAT:NRG_TI_GAS(1.0),24/03/26 23:00:00,Annual,Liquefied natural gas,Total,Million cubic metres,European Union - 27 countries (from 2020),1998,21944.000,,
ESTAT:NRG_TI_GAS(1.0),24/03/26 23:00:00,Annual,Liquefied natural gas,Total,Million cubic metres,European Union - 27 countries (from 2020),1999,24491.000,,
ESTAT:NRG_TI_GAS(1.0),24/03/26 23:00:00,Annual,Liquefied natural gas,Total,Million cubic metres,European Union - 27 countries (from 2020),2000,28294.000,,
ESTAT:NRG_TI_GAS(1.0),24/03/26 23:00:00,Annual,Liquefied natural gas,Total,Million cubic metres,European Union - 27 countries (from 2020),2001,27548.000,,
ESTAT:NRG_TI_GAS(1.0),24/03/26 23:00:00,Annual,Liquefied natural gas,Total,Million cubic metres,European Union - 27 countries (from 2020),2002,34054.000,,
ESTAT:NRG_TI_GAS(1.0),24/03/26 23:00:00,Annual,Liquefied natural gas,Total,Million cubic metres,European Union - 27 countries (from 2020),2003,35678.000,,
ESTAT:NRG_TI_GAS(1.0),24/03/26 23:00:00,Annual,Liquefied natural gas,Total,Million cubic metres,European Union - 27 countries (from 2020),2004,34359.000,,
ESTAT:NRG_TI_GAS(1.0),24/03/26 23:00:00,Annual,Liquefied natural gas,Total,Million cubic metres,European Union - 27 countries (from 2020),2005,42799.000,,
ESTAT:NRG_TI_GAS(1.0),24/03/26 23:00:00,Annual,Liquefied natural gas,Total,Million cubic metres,European Union - 27 countries (from 2020),2006,48264.000,,
ESTAT:NRG_TI_GAS(1.0),24/03/26 23:00:00,Annual,Liquefied natural gas,Total,Million cubic metres,European Union - 27 countries (from 2020),2007,45105.000,,
ESTAT:NRG_TI_GAS(1.0),24/03/26 23:00:00,Annual,Liquefied natural gas,Total,Million cubic metres,European Union - 27 countries (from 2020),2008,48159.000,,
ESTAT:NRG_TI_GAS(1.0),24/03/26 23:00:00,Annual,Liquefied natural gas,Total,Million cubic metres,European Union - 27 countries (from 2020),2009,50959.000,,
ESTAT:NRG_TI_GAS(1.0),24/03/26 23:00:00,Annual,Liquefied natural gas,Total,Million cubic metres,European Union - 27 countries (from 2020),2010,60078.000,,
ESTAT:NRG_TI_GAS(1.0),24/03/26 23:00:00,Annual,Liquefied natural gas,Total,Million cubic metres,European Union - 27 countries (from 2020),2011,55645.496,,
ESTAT:NRG_TI_GAS(1.0),24/03/26 23:00:00,Annual,Liquefied natural gas,Total,Million cubic metres,European Union - 27 countries (from 2020),2012,44329.824,,
ESTAT:NRG_TI_GAS(1.0),24/03/26 23:00:00,Annual,Liquefied natural gas,Total,Million cubic metres,European Union - 27 countries (from 2020),2013,33580.893,,
ESTAT:NRG_TI_GAS(1.0),24/03/26 23:00:00,Annual,Liquefied natural gas,Total,Million cubic metres,European Union - 27 countries (from 2020),2014,31140.680,,
ESTAT:NRG_TI_GAS(1.0),24/03/26 23:00:00,Annual,Liquefied natural gas,Total,Million cubic metres,European Union - 27 countries (from 2020),2015,31073.390,,
ESTAT:NRG_TI_GAS(1.0),24/03/26 23:00:00,Annual,Liquefied natural gas,Total,Million cubic metres,European Union - 27 countries (from 2020),2016,33176.598,,
ESTAT:NRG_TI_GAS(1.0),24/03/26 23:00:00,Annual,Liquefied natural gas,Total,Million cubic metres,European Union - 27 countries (from 2020),2017,44228.337,,
ESTAT:NRG_TI_GAS(1.0),24/03/26 23:00:00,Annual,Liquefied natural gas,Total,Million cubic metres,European Union - 27 countries (from 2020),2018,49157.394,,
ESTAT:NRG_TI_GAS(1.0),24/03/26 23:00:00,Annual,Liquefied natural gas,Total,Million cubic metres,European Union - 27 countries (from 2020),2019,85894.175,,
ESTAT:NRG_TI_GAS(1.0),24/03/26 23:00:00,Annual,Liquefied natural gas,Total,Million cubic metres,European Union - 27 countries (from 2020),2020,78241.846,,
ESTAT:NRG_TI_GAS(1.0),24/03/26 23:00:00,Annual,Liquefied natural gas,Total,Million cubic metres,European Union - 27 countries (from 2020),2021,75232.744,,
ESTAT:NRG_TI_GAS(1.0),24/03/26 23:00:00,Annual,Liquefied natural gas,Total,Million cubic metres,European Union - 27 countries (from 2020),2022,127999.461,,
ESTAT:NRG_TI_GAS(1.0),24/03/26 23:00:00,Annual,Liquefied natural gas,Total,Million cubic metres,European Union - 27 countries (from 2020),2023,133473.282,,
ESTAT:NRG_TI_GAS(1.0),24/03/26 23:00:00,Annual,Liquefied natural gas,Total,Million cubic metres,European Union - 27 countries (from 2020),2024,110551.778,,
ESTAT:NRG_TI_GAS(1.0),24/03/26 23:00:00,Annual,Liquefied natural gas,Total,Million cubic metres,Finland,1990,0.000,,
ESTAT:NRG_TI_GAS(1.0),24/03/26 23:00:00,Annual,Liquefied natural gas,Total,Million cubic metres,Finland,1991,0.000,,
ESTAT:NRG_TI_GAS(1.0),24/03/26 23:00:00,Annual,Liquefied natural gas,Total,Million cubic metres,Finland,1992,0.000,,
ESTAT:NRG_TI_GAS(1.0),24/03/26 23:00:00,Annual,Liquefied natural gas,Total,Million cubic metres,Finland,1993,0.000,,
ESTAT:NRG_TI_GAS(1.0),24/03/26 23:00:00,Annual,Liquefied natural gas,Total,Million cubic metres,Finland,1994,0.000,,
ESTAT:NRG_TI_GAS(1.0),24/03/26 23:00:00,Annual,Liquefied natural gas,Total,Million cubic metres,Finland,1995,0.000,,
ESTAT:NRG_TI_GAS(1.0),24/03/26 23:00:00,Annual,Liquefied natural gas,Total,Million cubic metres,Finland,1996,0.000,,
ESTAT:NRG_TI_GAS(1.0),24/03/26 23:00:00,Annual,Liquefied natural gas,Total,Million cubic metres,Finland,1997,0.000,,
ESTAT:NRG_TI_GAS(1.0),24/03/26 23:00:00,Annual,Liquefied natural gas,Total,Million cubic metres,Finland,1998,0.000,,
ESTAT:NRG_TI_GAS(1.0),24/03/26 23:00:00,Annual,Liquefied natural gas,Total,Million cubic metres,Finland,1999,0.000,,
ESTAT:NRG_TI_GAS(1.0),24/03/26 23:00:00,Annual,Liquefied natural gas,Total,Million cubic metres,Finland,2000,0.000,,
ESTAT:NRG_TI_GAS(1.0),24/03/26 23:00:00,Annual,Liquefied natural gas,Total,Million cubic metres,Finland,2001,0.000,,
ESTAT:NRG_TI_GAS(1.0),24/03/26 23:00:00,Annual,Liquefied natural gas,Total,Million cubic metres,Finland,2002,0.000,,
ESTAT:NRG_TI_GAS(1.0),24/03/26 23:00:00,Annual,Liquefied natural gas,Total,Million cubic metres,Finland,2003,0.000,,
ESTAT:NRG_TI_GAS(1.0),24/03/26 23:00:00,Annual,Liquefied natural gas,Total,Million cubic metres,Finland,2004,0.000,,
ESTAT:NRG_TI_GAS(1.0),24/03/26 23:00:00,Annual,Liquefied natural gas,Total,Million cubic metres,Finland,2005,0.000,,
ESTAT:NRG_TI_GAS(1.0),24/03/26 23:00:00,Annual,Liquefied natural gas,Total,Million cubic metres,Finland,2006,0.000,,
ESTAT:NRG_TI_GAS(1.0),24/03/26 23:00:00,Annual,Liquefied natural gas,Total,Million cubic metres,Finland,2007,0.000,,
ESTAT:NRG_TI_GAS(1.0),24/03/26 23:00:00,Annual,Liquefied natural gas,Total,Million cubic metres,Finland,2008,0.000,,
ESTAT:NRG_TI_GAS(1.0),24/03/26 23:00:00,Annual,Liquefied natural gas,Total,Million cubic metres,Finland,2009,0.000,,
ESTAT:NRG_TI_GAS(1.0),24/03/26 23:00:00,Annual,Liquefied natural gas,Total,Million cubic metres,Finland,2010,0.000,,
ESTAT:NRG_TI_GAS(1.0),24/03/26 23:00:00,Annual,Liquefied natural gas,Total,Million cubic metres,Finland,2011,0.000,,
ESTAT:NRG_TI_GAS(1.0),24/03/26 23:00:00,Annual,Liquefied natural gas,Total,Million cubic metres,Finland,2012,0.000,,
ESTAT:NRG_TI_GAS(1.0),24/03/26 23:00:00,Annual,Liquefied natural gas,Total,Million cubic metres,Finland,2013,0.000,,
ESTAT:NRG_TI_GAS(1.0),24/03/26 23:00:00,Annual,Liquefied natural gas,Total,Million cubic metres,Finland,2014,0.000,,
ESTAT:NRG_TI_GAS(1.0),24/03/26 23:00:00,Annual,Liquefied natural gas,Total,Million cubic metres,Finland,2015,0.000,,
ESTAT:NRG_TI_GAS(1.0),24/03/26 23:00:00,Annual,Liquefied natural gas,Total,Million cubic metres,Finland,2016,0.000,,
ESTAT:NRG_TI_GAS(1.0),24/03/26 23:00:00,Annual,Liquefied natural gas,Total,Million cubic metres,Finland,2017,0.000,,
ESTAT:NRG_TI_GAS(1.0),24/03/26 23:00:00,Annual,Liquefied natural gas,Total,Million cubic metres,Finland,2018,64.000,,
ESTAT:NRG_TI_GAS(1.0),24/03/26 23:00:00,Annual,Liquefied natural gas,Total,Million cubic metres,Finland,2019,181.000,,
ESTAT:NRG_TI_GAS(1.0),24/03/26 23:00:00,Annual,Liquefied natural gas,Total,Million cubic metres,Finland,2020,192.000,,
ESTAT:NRG_TI_GAS(1.0),24/03/26 23:00:00,Annual,Liquefied natural gas,Total,Million cubic metres,Finland,2021,220.079,,
ESTAT:NRG_TI_GAS(1.0),24/03/26 23:00:00,Annual,Liquefied natural gas,Total,Million cubic metres,Finland,2022,302.000,,
ESTAT:NRG_TI_GAS(1.0),24/03/26 23:00:00,Annual,Liquefied natural gas,Total,Million cubic metres,Finland,2023,1776.000,,
ESTAT:NRG_TI_GAS(1.0),24/03/26 23:00:00,Annual,Liquefied natural gas,Total,Million cubic metres,Finland,2024,2177.000,,
ESTAT:NRG_TI_GAS(1.0),24/03/26 23:00:00,Annual,Liquefied natural gas,Total,Million cubic metres,France,1990,8712.000,,
ESTAT:NRG_TI_GAS(1.0),24/03/26 23:00:00,Annual,Liquefied natural gas,Total,Million cubic metres,France,1991,8620.000,,
ESTAT:NRG_TI_GAS(1.0),24/03/26 23:00:00,Annual,Liquefied natural gas,Total,Million cubic metres,France,1992,8796.000,,
ESTAT:NRG_TI_GAS(1.0),24/03/26 23:00:00,Annual,Liquefied natural gas,Total,Million cubic metres,France,1993,8515.000,,
ESTAT:NRG_TI_GAS(1.0),24/03/26 23:00:00,Annual,Liquefied natural gas,Total,Million cubic metres,France,1994,7573.000,,
ESTAT:NRG_TI_GAS(1.0),24/03/26 23:00:00,Annual,Liquefied natural gas,Total,Million cubic metres,France,1995,7103.000,,
ESTAT:NRG_TI_GAS(1.0),24/03/26 23:00:00,Annual,Liquefied natural gas,Total,Million cubic metres,France,1996,7497.000,,
ESTAT:NRG_TI_GAS(1.0),24/03/26 23:00:00,Annual,Liquefied natural gas,Total,Million cubic metres,France,1997,9440.000,,
ESTAT:NRG_TI_GAS(1.0),24/03/26 23:00:00,Annual,Liquefied natural gas,Total,Million cubic metres,France,1998,9514.000,,
ESTAT:NRG_TI_GAS(1.0),24/03/26 23:00:00,Annual,Liquefied natural gas,Total,Million cubic metres,France,1999,9844.000,,
ESTAT:NRG_TI_GAS(1.0),24/03/26 23:00:00,Annual,Liquefied natural gas,Total,Million cubic metres,France,2000,9442.000,,
ESTAT:NRG_TI_GAS(1.0),24/03/26 23:00:00,Annual,Liquefied natural gas,Total,Million cubic metres,France,2001,9342.000,,
ESTAT:NRG_TI_GAS(1.0),24/03/26 23:00:00,Annual,Liquefied natural gas,Total,Million cubic metres,France,2002,13255.000,,
ESTAT:NRG_TI_GAS(1.0),24/03/26 23:00:00,Annual,Liquefied natural gas,Total,Million cubic metres,France,2003,12501.000,,
ESTAT:NRG_TI_GAS(1.0),24/03/26 23:00:00,Annual,Liquefied natural gas,Total,Million cubic metres,France,2004,9365.000,,
ESTAT:NRG_TI_GAS(1.0),24/03/26 23:00:00,Annual,Liquefied natural gas,Total,Million cubic metres,France,2005,11987.000,,
ESTAT:NRG_TI_GAS(1.0),24/03/26 23:00:00,Annual,Liquefied natural gas,Total,Million cubic metres,France,2006,12902.000,,
ESTAT:NRG_TI_GAS(1.0),24/03/26 23:00:00,Annual,Liquefied natural gas,Total,Million cubic metres,France,2007,11250.000,,
ESTAT:NRG_TI_GAS(1.0),24/03/26 23:00:00,Annual,Liquefied natural gas,Total,Million cubic metres,France,2008,10227.000,,
ESTAT:NRG_TI_GAS(1.0),24/03/26 23:00:00,Annual,Liquefied natural gas,Total,Million cubic metres,France,2009,10827.000,,
ESTAT:NRG_TI_GAS(1.0),24/03/26 23:00:00,Annual,Liquefied natural gas,Total,Million cubic metres,France,2010,13304.000,,
ESTAT:NRG_TI_GAS(1.0),24/03/26 23:00:00,Annual,Liquefied natural gas,Total,Million cubic metres,France,2011,13677.496,,
ESTAT:NRG_TI_GAS(1.0),24/03/26 23:00:00,Annual,Liquefied natural gas,Total,Million cubic metres,France,2012,9210.824,,
ESTAT:NRG_TI_GAS(1.0),24/03/26 23:00:00,Annual,Liquefied natural gas,Total,Million cubic metres,France,2013,7441.893,,
ESTAT:NRG_TI_GAS(1.0),24/03/26 23:00:00,Annual,Liquefied natural gas,Total,Million cubic metres,France,2014,6053.280,,
ESTAT:NRG_TI_GAS(1.0),24/03/26 23:00:00,Annual,Liquefied natural gas,Total,Million cubic metres,France,2015,5533.815,,
ESTAT:NRG_TI_GAS(1.0),24/03/26 23:00:00,Annual,Liquefied natural gas,Total,Million cubic metres,France,2016,6849.714,,
ESTAT:NRG_TI_GAS(1.0),24/03/26 23:00:00,Annual,Liquefied natural gas,Total,Million cubic metres,France,2017,9191.742,,
ESTAT:NRG_TI_GAS(1.0),24/03/26 23:00:00,Annual,Liquefied natural gas,Total,Million cubic metres,France,2018,10395.591,,
ESTAT:NRG_TI_GAS(1.0),24/03/26 23:00:00,Annual,Liquefied natural gas,Total,Million cubic metres,France,2019,20225.895,,
ESTAT:NRG_TI_GAS(1.0),24/03/26 23:00:00,Annual,Liquefied natural gas,Total,Million cubic metres,France,2020,16906.973,,
ESTAT:NRG_TI_GAS(1.0),24/03/26 23:00:00,Annual,Liquefied natural gas,Total,Million cubic metres,France,2021,15873.784,,
ESTAT:NRG_TI_GAS(1.0),24/03/26 23:00:00,Annual,Liquefied natural gas,Total,Million cubic metres,France,2022,32196.549,,
ESTAT:NRG_TI_GAS(1.0),24/03/26 23:00:00,Annual,Liquefied natural gas,Total,Million cubic metres,France,2023,27151.436,,
ESTAT:NRG_TI_GAS(1.0),24/03/26 23:00:00,Annual,Liquefied natural gas,Total,Million cubic metres,France,2024,23526.036,,
ESTAT:NRG_TI_GAS(1.0),24/03/26 23:00:00,Annual,Liquefied natural gas,Total,Million cubic metres,Georgia,1990,,,
ESTAT:NRG_TI_GAS(1.0),24/03/26 23:00:00,Annual,Liquefied natural gas,Total,Million cubic metres,Georgia,1991,,,
ESTAT:NRG_TI_GAS(1.0),24/03/26 23:00:00,Annual,Liquefied natural gas,Total,Million cubic metres,Georgia,1992,,,
ESTAT:NRG_TI_GAS(1.0),24/03/26 23:00:00,Annual,Liquefied natural gas,Total,Million cubic metres,Georgia,1993,,,
ESTAT:NRG_TI_GAS(1.0),24/03/26 23:00:00,Annual,Liquefied natural gas,Total,Million cubic metres,Georgia,1994,,,
ESTAT:NRG_TI_GAS(1.0),24/03/26 23:00:00,Annual,Liquefied natural gas,Total,Million cubic metres,Georgia,1995,,,
ESTAT:NRG_TI_GAS(1.0),24/03/26 23:00:00,Annual,Liquefied natural gas,Total,Million cubic metres,Georgia,1996,,,
ESTAT:NRG_TI_GAS(1.0),24/03/26 23:00:00,Annual,Liquefied natural gas,Total,Million cubic metres,Georgia,1997,,,
ESTAT:NRG_TI_GAS(1.0),24/03/26 23:00:00,Annual,Liquefied natural gas,Total,Million cubic metres,Georgia,1998,,,
ESTAT:NRG_TI_GAS(1.0),24/03/26 23:00:00,Annual,Liquefied natural gas,Total,Million cubic metres,Georgia,1999,,,
ESTAT:NRG_TI_GAS(1.0),24/03/26 23:00:00,Annual,Liquefied natural gas,Total,Million cubic metres,Georgia,2000,,,
ESTAT:NRG_TI_GAS(1.0),24/03/26 23:00:00,Annual,Liquefied natural gas,Total,Million cubic metres,Georgia,2001,,,
ESTAT:NRG_TI_GAS(1.0),24/03/26 23:00:00,Annual,Liquefied natural gas,Total,Million cubic metres,Georgia,2002,,,
ESTAT:NRG_TI_GAS(1.0),24/03/26 23:00:00,Annual,Liquefied natural gas,Total,Million cubic metres,Georgia,2003,,,
ESTAT:NRG_TI_GAS(1.0),24/03/26 23:00:00,Annual,Liquefied natural gas,Total,Million cubic metres,Georgia,2004,,,
ESTAT:NRG_TI_GAS(1.0),24/03/26 23:00:00,Annual,Liquefied natural gas,Total,Million cubic metres,Georgia,2005,,,
ESTAT:NRG_TI_GAS(1.0),24/03/26 23:00:00,Annual,Liquefied natural gas,Total,Million cubic metres,Georgia,2006,,,
ESTAT:NRG_TI_GAS(1.0),24/03/26 23:00:00,Annual,Liquefied natural gas,Total,Million cubic metres,Georgia,2007,,,
ESTAT:NRG_TI_GAS(1.0),24/03/26 23:00:00,Annual,Liquefied natural gas,Total,Million cubic metres,Georgia,2008,,,
ESTAT:NRG_TI_GAS(1.0),24/03/26 23:00:00,Annual,Liquefied natural gas,Total,Million cubic metres,Georgia,2009,,,
ESTAT:NRG_TI_GAS(1.0),24/03/26 23:00:00,Annual,Liquefied natural gas,Total,Million cubic metres,Georgia,2010,,,
ESTAT:NRG_TI_GAS(1.0),24/03/26 23:00:00,Annual,Liquefied natural gas,Total,Million cubic metres,Georgia,2011,,,
ESTAT:NRG_TI_GAS(1.0),24/03/26 23:00:00,Annual,Liquefied natural gas,Total,Million cubic metres,Georgia,2012,,,
ESTAT:NRG_TI_GAS(1.0),24/03/26 23:00:00,Annual,Liquefied natural gas,Total,Million cubic metres,Georgia,2013,0.000,,
ESTAT:NRG_TI_GAS(1.0),24/03/26 23:00:00,Annual,Liquefied natural gas,Total,Million cubic metres,Georgia,2014,0.000,,
ESTAT:NRG_TI_GAS(1.0),24/03/26 23:00:00,Annual,Liquefied natural gas,Total,Million cubic metres,Georgia,2015,0.000,,
ESTAT:NRG_TI_GAS(1.0),24/03/26 23:00:00,Annual,Liquefied natural gas,Total,Million cubic metres,Georgia,2016,0.000,,
ESTAT:NRG_TI_GAS(1.0),24/03/26 23:00:00,Annual,Liquefied natural gas,Total,Million cubic metres,Georgia,2017,0.000,,
ESTAT:NRG_TI_GAS(1.0),24/03/26 23:00:00,Annual,Liquefied natural gas,Total,Million cubic metres,Georgia,2018,0.000,,
ESTAT:NRG_TI_GAS(1.0),24/03/26 23:00:00,Annual,Liquefied natural gas,Total,Million cubic metres,Georgia,2019,0.000,,
ESTAT:NRG_TI_GAS(1.0),24/03/26 23:00:00,Annual,Liquefied natural gas,Total,Million cubic metres,Georgia,2020,0.000,,
ESTAT:NRG_TI_GAS(1.0),24/03/26 23:00:00,Annual,Liquefied natural gas,Total,Million cubic metres,Georgia,2021,0.000,,
ESTAT:NRG_TI_GAS(1.0),24/03/26 23:00:00,Annual,Liquefied natural gas,Total,Million cubic metres,Georgia,2022,0.000,,
ESTAT:NRG_TI_GAS(1.0),24/03/26 23:00:00,Annual,Liquefied natural gas,Total,Million cubic metres,Georgia,2023,0.000,,
ESTAT:NRG_TI_GAS(1.0),24/03/26 23:00:00,Annual,Liquefied natural gas,Total,Million cubic metres,Georgia,2024,0.000,,
ESTAT:NRG_TI_GAS(1.0),24/03/26 23:00:00,Annual,Liquefied natural gas,Total,Million cubic metres,Croatia,1990,0.000,,
ESTAT:NRG_TI_GAS(1.0),24/03/26 23:00:00,Annual,Liquefied natural gas,Total,Million cubic metres,Croatia,1991,0.000,,
ESTAT:NRG_TI_GAS(1.0),24/03/26 23:00:00,Annual,Liquefied natural gas,Total,Million cubic metres,Croatia,1992,0.000,,
ESTAT:NRG_TI_GAS(1.0),24/03/26 23:00:00,Annual,Liquefied natural gas,Total,Million cubic metres,Croatia,1993,0.000,,
ESTAT:NRG_TI_GAS(1.0),24/03/26 23:00:00,Annual,Liquefied natural gas,Total,Million cubic metres,Croatia,1994,0.000,,
ESTAT:NRG_TI_GAS(1.0),24/03/26 23:00:00,Annual,Liquefied natural gas,Total,Million cubic metres,Croatia,1995,0.000,,
ESTAT:NRG_TI_GAS(1.0),24/03/26 23:00:00,Annual,Liquefied natural gas,Total,Million cubic metres,Croatia,1996,0.000,,
ESTAT:NRG_TI_GAS(1.0),24/03/26 23:00:00,Annual,Liquefied natural gas,Total,Million cubic metres,Croatia,1997,0.000,,
ESTAT:NRG_TI_GAS(1.0),24/03/26 23:00:00,Annual,Liquefied natural gas,Total,Million cubic metres,Croatia,1998,0.000,,
ESTAT:NRG_TI_GAS(1.0),24/03/26 23:00:00,Annual,Liquefied natural gas,Total,Million cubic metres,Croatia,1999,0.000,,
ESTAT:NRG_TI_GAS(1.0),24/03/26 23:00:00,Annual,Liquefied natural gas,Total,Million cubic metres,Croatia,2000,0.000,,
ESTAT:NRG_TI_GAS(1.0),24/03/26 23:00:00,Annual,Liquefied natural gas,Total,Million cubic metres,Croatia,2001,0.000,,
ESTAT:NRG_TI_GAS(1.0),24/03/26 23:00:00,Annual,Liquefied natural gas,Total,Million cubic metres,Croatia,2002,0.000,,
ESTAT:NRG_TI_GAS(1.0),24/03/26 23:00:00,Annual,Liquefied natural gas,Total,Million cubic metres,Croatia,2003,0.000,,
ESTAT:NRG_TI_GAS(1.0),24/03/26 23:00:00,Annual,Liquefied natural gas,Total,Million cubic metres,Croatia,2004,0.000,,
ESTAT:NRG_TI_GAS(1.0),24/03/26 23:00:00,Annual,Liquefied natural gas,Total,Million cubic metres,Croatia,2005,0.000,,
ESTAT:NRG_TI_GAS(1.0),24/03/26 23:00:00,Annual,Liquefied natural gas,Total,Million cubic metres,Croatia,2006,0.000,,
ESTAT:NRG_TI_GAS(1.0),24/03/26 23:00:00,Annual,Liquefied natural gas,Total,Million cubic metres,Croatia,2007,0.000,,
ESTAT:NRG_TI_GAS(1.0),24/03/26 23:00:00,Annual,Liquefied natural gas,Total,Million cubic metres,Croatia,2008,0.000,,
ESTAT:NRG_TI_GAS(1.0),24/03/26 23:00:00,Annual,Liquefied natural gas,Total,Million cubic metres,Croatia,2009,0.000,,
ESTAT:NRG_TI_GAS(1.0),24/03/26 23:00:00,Annual,Liquefied natural gas,Total,Million cubic metres,Croatia,2010,0.000,,
ESTAT:NRG_TI_GAS(1.0),24/03/26 23:00:00,Annual,Liquefied natural gas,Total,Million cubic metres,Croatia,2011,0.000,,
ESTAT:NRG_TI_GAS(1.0),24/03/26 23:00:00,Annual,Liquefied natural gas,Total,Million cubic metres,Croatia,2012,0.000,,
ESTAT:NRG_TI_GAS(1.0),24/03/26 23:00:00,Annual,Liquefied natural gas,Total,Million cubic metres,Croatia,2013,0.000,,
ESTAT:NRG_TI_GAS(1.0),24/03/26 23:00:00,Annual,Liquefied natural gas,Total,Million cubic metres,Croatia,2014,0.000,,
ESTAT:NRG_TI_GAS(1.0),24/03/26 23:00:00,Annual,Liquefied natural gas,Total,Million cubic metres,Croatia,2015,0.000,,
ESTAT:NRG_TI_GAS(1.0),24/03/26 23:00:00,Annual,Liquefied natural gas,Total,Million cubic metres,Croatia,2016,0.000,,
ESTAT:NRG_TI_GAS(1.0),24/03/26 23:00:00,Annual,Liquefied natural gas,Total,Million cubic metres,Croatia,2017,0.000,,
ESTAT:NRG_TI_GAS(1.0),24/03/26 23:00:00,Annual,Liquefied natural gas,Total,Million cubic metres,Croatia,2018,0.000,,
ESTAT:NRG_TI_GAS(1.0),24/03/26 23:00:00,Annual,Liquefied natural gas,Total,Million cubic metres,Croatia,2019,0.000,,
ESTAT:NRG_TI_GAS(1.0),24/03/26 23:00:00,Annual,Liquefied natural gas,Total,Million cubic metres,Croatia,2020,0.000,,
ESTAT:NRG_TI_GAS(1.0),24/03/26 23:00:00,Annual,Liquefied natural gas,Total,Million cubic metres,Croatia,2021,1650.020,,
ESTAT:NRG_TI_GAS(1.0),24/03/26 23:00:00,Annual,Liquefied natural gas,Total,Million cubic metres,Croatia,2022,2528.068,,
ESTAT:NRG_TI_GAS(1.0),24/03/26 23:00:00,Annual,Liquefied natural gas,Total,Million cubic metres,Croatia,2023,2568.925,,
ESTAT:NRG_TI_GAS(1.0),24/03/26 23:00:00,Annual,Liquefied natural gas,Total,Million cubic metres,Croatia,2024,2468.100,,
ESTAT:NRG_TI_GAS(1.0),24/03/26 23:00:00,Annual,Liquefied natural gas,Total,Million cubic metres,Hungary,1990,0.000,,
ESTAT:NRG_TI_GAS(1.0),24/03/26 23:00:00,Annual,Liquefied natural gas,Total,Million cubic metres,Hungary,1991,0.000,,
ESTAT:NRG_TI_GAS(1.0),24/03/26 23:00:00,Annual,Liquefied natural gas,Total,Million cubic metres,Hungary,1992,0.000,,
ESTAT:NRG_TI_GAS(1.0),24/03/26 23:00:00,Annual,Liquefied natural gas,Total,Million cubic metres,Hungary,1993,0.000,,
ESTAT:NRG_TI_GAS(1.0),24/03/26 23:00:00,Annual,Liquefied natural gas,Total,Million cubic metres,Hungary,1994,0.000,,
ESTAT:NRG_TI_GAS(1.0),24/03/26 23:00:00,Annual,Liquefied natural gas,Total,Million cubic metres,Hungary,1995,0.000,,
ESTAT:NRG_TI_GAS(1.0),24/03/26 23:00:00,Annual,Liquefied natural gas,Total,Million cubic metres,Hungary,1996,0.000,,
ESTAT:NRG_TI_GAS(1.0),24/03/26 23:00:00,Annual,Liquefied natural gas,Total,Million cubic metres,Hungary,1997,0.000,,
ESTAT:NRG_TI_GAS(1.0),24/03/26 23:00:00,Annual,Liquefied natural gas,Total,Million cubic metres,Hungary,1998,0.000,,
ESTAT:NRG_TI_GAS(1.0),24/03/26 23:00:00,Annual,Liquefied natural gas,Total,Million cubic metres,Hungary,1999,0.000,,
ESTAT:NRG_TI_GAS(1.0),24/03/26 23:00:00,Annual,Liquefied natural gas,Total,Million cubic metres,Hungary,2000,0.000,,
ESTAT:NRG_TI_GAS(1.0),24/03/26 23:00:00,Annual,Liquefied natural gas,Total,Million cubic metres,Hungary,2001,0.000,,
ESTAT:NRG_TI_GAS(1.0),24/03/26 23:00:00,Annual,Liquefied natural gas,Total,Million cubic metres,Hungary,2002,0.000,,
ESTAT:NRG_TI_GAS(1.0),24/03/26 23:00:00,Annual,Liquefied natural gas,Total,Million cubic metres,Hungary,2003,0.000,,
ESTAT:NRG_TI_GAS(1.0),24/03/26 23:00:00,Annual,Liquefied natural gas,Total,Million cubic metres,Hungary,2004,0.000,,
ESTAT:NRG_TI_GAS(1.0),24/03/26 23:00:00,Annual,Liquefied natural gas,Total,Million cubic metres,Hungary,2005,0.000,,
ESTAT:NRG_TI_GAS(1.0),24/03/26 23:00:00,Annual,Liquefied natural gas,Total,Million cubic metres,Hungary,2006,0.000,,
ESTAT:NRG_TI_GAS(1.0),24/03/26 23:00:00,Annual,Liquefied natural gas,Total,Million cubic metres,Hungary,2007,0.000,,
ESTAT:NRG_TI_GAS(1.0),24/03/26 23:00:00,Annual,Liquefied natural gas,Total,Million cubic metres,Hungary,2008,0.000,,
ESTAT:NRG_TI_GAS(1.0),24/03/26 23:00:00,Annual,Liquefied natural gas,Total,Million cubic metres,Hungary,2009,0.000,,
ESTAT:NRG_TI_GAS(1.0),24/03/26 23:00:00,Annual,Liquefied natural gas,Total,Million cubic metres,Hungary,2010,0.000,,
ESTAT:NRG_TI_GAS(1.0),24/03/26 23:00:00,Annual,Liquefied natural gas,Total,Million cubic metres,Hungary,2011,0.000,,
ESTAT:NRG_TI_GAS(1.0),24/03/26 23:00:00,Annual,Liquefied natural gas,Total,Million cubic metres,Hungary,2012,0.000,,
ESTAT:NRG_TI_GAS(1.0),24/03/26 23:00:00,Annual,Liquefied natural gas,Total,Million cubic metres,Hungary,2013,0.000,,
ESTAT:NRG_TI_GAS(1.0),24/03/26 23:00:00,Annual,Liquefied natural gas,Total,Million cubic metres,Hungary,2014,0.000,,
ESTAT:NRG_TI_GAS(1.0),24/03/26 23:00:00,Annual,Liquefied natural gas,Total,Million cubic metres,Hungary,2015,0.000,,
ESTAT:NRG_TI_GAS(1.0),24/03/26 23:00:00,Annual,Liquefied natural gas,Total,Million cubic metres,Hungary,2016,0.000,,
ESTAT:NRG_TI_GAS(1.0),24/03/26 23:00:00,Annual,Liquefied natural gas,Total,Million cubic metres,Hungary,2017,0.000,,
ESTAT:NRG_TI_GAS(1.0),24/03/26 23:00:00,Annual,Liquefied natural gas,Total,Million cubic metres,Hungary,2018,0.000,,
ESTAT:NRG_TI_GAS(1.0),24/03/26 23:00:00,Annual,Liquefied natural gas,Total,Million cubic metres,Hungary,2019,0.000,,
ESTAT:NRG_TI_GAS(1.0),24/03/26 23:00:00,Annual,Liquefied natural gas,Total,Million cubic metres,Hungary,2020,0.000,,
ESTAT:NRG_TI_GAS(1.0),24/03/26 23:00:00,Annual,Liquefied natural gas,Total,Million cubic metres,Hungary,2021,0.000,,
ESTAT:NRG_TI_GAS(1.0),24/03/26 23:00:00,Annual,Liquefied natural gas,Total,Million cubic metres,Hungary,2022,0.000,,
ESTAT:NRG_TI_GAS(1.0),24/03/26 23:00:00,Annual,Liquefied natural gas,Total,Million cubic metres,Hungary,2023,0.000,,
ESTAT:NRG_TI_GAS(1.0),24/03/26 23:00:00,Annual,Liquefied natural gas,Total,Million cubic metres,Hungary,2024,0.000,,
ESTAT:NRG_TI_GAS(1.0),24/03/26 23:00:00,Annual,Liquefied natural gas,Total,Million cubic metres,Ireland,1990,0.000,,
ESTAT:NRG_TI_GAS(1.0),24/03/26 23:00:00,Annual,Liquefied natural gas,Total,Million cubic metres,Ireland,1991,0.000,,
ESTAT:NRG_TI_GAS(1.0),24/03/26 23:00:00,Annual,Liquefied natural gas,Total,Million cubic metres,Ireland,1992,0.000,,
ESTAT:NRG_TI_GAS(1.0),24/03/26 23:00:00,Annual,Liquefied natural gas,Total,Million cubic metres,Ireland,1993,0.000,,
ESTAT:NRG_TI_GAS(1.0),24/03/26 23:00:00,Annual,Liquefied natural gas,Total,Million cubic metres,Ireland,1994,0.000,,
ESTAT:NRG_TI_GAS(1.0),24/03/26 23:00:00,Annual,Liquefied natural gas,Total,Million cubic metres,Ireland,1995,0.000,,
ESTAT:NRG_TI_GAS(1.0),24/03/26 23:00:00,Annual,Liquefied natural gas,Total,Million cubic metres,Ireland,1996,0.000,,
ESTAT:NRG_TI_GAS(1.0),24/03/26 23:00:00,Annual,Liquefied natural gas,Total,Million cubic metres,Ireland,1997,0.000,,
ESTAT:NRG_TI_GAS(1.0),24/03/26 23:00:00,Annual,Liquefied natural gas,Total,Million cubic metres,Ireland,1998,0.000,,
ESTAT:NRG_TI_GAS(1.0),24/03/26 23:00:00,Annual,Liquefied natural gas,Total,Million cubic metres,Ireland,1999,0.000,,
ESTAT:NRG_TI_GAS(1.0),24/03/26 23:00:00,Annual,Liquefied natural gas,Total,Million cubic metres,Ireland,2000,0.000,,
ESTAT:NRG_TI_GAS(1.0),24/03/26 23:00:00,Annual,Liquefied natural gas,Total,Million cubic metres,Ireland,2001,0.000,,
ESTAT:NRG_TI_GAS(1.0),24/03/26 23:00:00,Annual,Liquefied natural gas,Total,Million cubic metres,Ireland,2002,0.000,,
ESTAT:NRG_TI_GAS(1.0),24/03/26 23:00:00,Annual,Liquefied natural gas,Total,Million cubic metres,Ireland,2003,0.000,,
ESTAT:NRG_TI_GAS(1.0),24/03/26 23:00:00,Annual,Liquefied natural gas,Total,Million cubic metres,Ireland,2004,0.000,,
ESTAT:NRG_TI_GAS(1.0),24/03/26 23:00:00,Annual,Liquefied natural gas,Total,Million cubic metres,Ireland,2005,0.000,,
ESTAT:NRG_TI_GAS(1.0),24/03/26 23:00:00,Annual,Liquefied natural gas,Total,Million cubic metres,Ireland,2006,0.000,,
ESTAT:NRG_TI_GAS(1.0),24/03/26 23:00:00,Annual,Liquefied natural gas,Total,Million cubic metres,Ireland,2007,0.000,,
ESTAT:NRG_TI_GAS(1.0),24/03/26 23:00:00,Annual,Liquefied natural gas,Total,Million cubic metres,Ireland,2008,0.000,,
ESTAT:NRG_TI_GAS(1.0),24/03/26 23:00:00,Annual,Liquefied natural gas,Total,Million cubic metres,Ireland,2009,0.000,,
ESTAT:NRG_TI_GAS(1.0),24/03/26 23:00:00,Annual,Liquefied natural gas,Total,Million cubic metres,Ireland,2010,0.000,,
ESTAT:NRG_TI_GAS(1.0),24/03/26 23:00:00,Annual,Liquefied natural gas,Total,Million cubic metres,Ireland,2011,0.000,,
ESTAT:NRG_TI_GAS(1.0),24/03/26 23:00:00,Annual,Liquefied natural gas,Total,Million cubic metres,Ireland,2012,0.000,,
ESTAT:NRG_TI_GAS(1.0),24/03/26 23:00:00,Annual,Liquefied natural gas,Total,Million cubic metres,Ireland,2013,0.000,,
ESTAT:NRG_TI_GAS(1.0),24/03/26 23:00:00,Annual,Liquefied natural gas,Total,Million cubic metres,Ireland,2014,0.000,,
ESTAT:NRG_TI_GAS(1.0),24/03/26 23:00:00,Annual,Liquefied natural gas,Total,Million cubic metres,Ireland,2015,0.000,,
ESTAT:NRG_TI_GAS(1.0),24/03/26 23:00:00,Annual,Liquefied natural gas,Total,Million cubic metres,Ireland,2016,0.000,,
ESTAT:NRG_TI_GAS(1.0),24/03/26 23:00:00,Annual,Liquefied natural gas,Total,Million cubic metres,Ireland,2017,0.000,,
ESTAT:NRG_TI_GAS(1.0),24/03/26 23:00:00,Annual,Liquefied natural gas,Total,Million cubic metres,Ireland,2018,0.000,,
ESTAT:NRG_TI_GAS(1.0),24/03/26 23:00:00,Annual,Liquefied natural gas,Total,Million cubic metres,Ireland,2019,0.000,,
ESTAT:NRG_TI_GAS(1.0),24/03/26 23:00:00,Annual,Liquefied natural gas,Total,Million cubic metres,Ireland,2020,0.000,,
ESTAT:NRG_TI_GAS(1.0),24/03/26 23:00:00,Annual,Liquefied natural gas,Total,Million cubic metres,Ireland,2021,0.000,,
ESTAT:NRG_TI_GAS(1.0),24/03/26 23:00:00,Annual,Liquefied natural gas,Total,Million cubic metres,Ireland,2022,0.000,,
ESTAT:NRG_TI_GAS(1.0),24/03/26 23:00:00,Annual,Liquefied natural gas,Total,Million cubic metres,Ireland,2023,0.000,,
ESTAT:NRG_TI_GAS(1.0),24/03/26 23:00:00,Annual,Liquefied natural gas,Total,Million cubic metres,Ireland,2024,0.000,,
ESTAT:NRG_TI_GAS(1.0),24/03/26 23:00:00,Annual,Liquefied natural gas,Total,Million cubic metres,Iceland,1990,0.000,,
ESTAT:NRG_TI_GAS(1.0),24/03/26 23:00:00,Annual,Liquefied natural gas,Total,Million cubic metres,Iceland,1991,0.000,,
ESTAT:NRG_TI_GAS(1.0),24/03/26 23:00:00,Annual,Liquefied natural gas,Total,Million cubic metres,Iceland,1992,0.000,,
ESTAT:NRG_TI_GAS(1.0),24/03/26 23:00:00,Annual,Liquefied natural gas,Total,Million cubic metres,Iceland,1993,0.000,,
ESTAT:NRG_TI_GAS(1.0),24/03/26 23:00:00,Annual,Liquefied natural gas,Total,Million cubic metres,Iceland,1994,0.000,,
ESTAT:NRG_TI_GAS(1.0),24/03/26 23:00:00,Annual,Liquefied natural gas,Total,Million cubic metres,Iceland,1995,0.000,,
ESTAT:NRG_TI_GAS(1.0),24/03/26 23:00:00,Annual,Liquefied natural gas,Total,Million cubic metres,Iceland,1996,0.000,,
ESTAT:NRG_TI_GAS(1.0),24/03/26 23:00:00,Annual,Liquefied natural gas,Total,Million cubic metres,Iceland,1997,0.000,,
ESTAT:NRG_TI_GAS(1.0),24/03/26 23:00:00,Annual,Liquefied natural gas,Total,Million cubic metres,Iceland,1998,0.000,,
ESTAT:NRG_TI_GAS(1.0),24/03/26 23:00:00,Annual,Liquefied natural gas,Total,Million cubic metres,Iceland,1999,0.000,,
ESTAT:NRG_TI_GAS(1.0),24/03/26 23:00:00,Annual,Liquefied natural gas,Total,Million cubic metres,Iceland,2000,0.000,,
ESTAT:NRG_TI_GAS(1.0),24/03/26 23:00:00,Annual,Liquefied natural gas,Total,Million cubic metres,Iceland,2001,0.000,,
ESTAT:NRG_TI_GAS(1.0),24/03/26 23:00:00,Annual,Liquefied natural gas,Total,Million cubic metres,Iceland,2002,0.000,,
ESTAT:NRG_TI_GAS(1.0),24/03/26 23:00:00,Annual,Liquefied natural gas,Total,Million cubic metres,Iceland,2003,0.000,,
ESTAT:NRG_TI_GAS(1.0),24/03/26 23:00:00,Annual,Liquefied natural gas,Total,Million cubic metres,Iceland,2004,0.000,,
ESTAT:NRG_TI_GAS(1.0),24/03/26 23:00:00,Annual,Liquefied natural gas,Total,Million cubic metres,Iceland,2005,0.000,,
ESTAT:NRG_TI_GAS(1.0),24/03/26 23:00:00,Annual,Liquefied natural gas,Total,Million cubic metres,Iceland,2006,0.000,,
ESTAT:NRG_TI_GAS(1.0),24/03/26 23:00:00,Annual,Liquefied natural gas,Total,Million cubic metres,Iceland,2007,0.000,,
ESTAT:NRG_TI_GAS(1.0),24/03/26 23:00:00,Annual,Liquefied natural gas,Total,Million cubic metres,Iceland,2008,0.000,,
ESTAT:NRG_TI_GAS(1.0),24/03/26 23:00:00,Annual,Liquefied natural gas,Total,Million cubic metres,Iceland,2009,0.000,,
ESTAT:NRG_TI_GAS(1.0),24/03/26 23:00:00,Annual,Liquefied natural gas,Total,Million cubic metres,Iceland,2010,0.000,,
ESTAT:NRG_TI_GAS(1.0),24/03/26 23:00:00,Annual,Liquefied natural gas,Total,Million cubic metres,Iceland,2011,0.000,,
ESTAT:NRG_TI_GAS(1.0),24/03/26 23:00:00,Annual,Liquefied natural gas,Total,Million cubic metres,Iceland,2012,0.000,,
ESTAT:NRG_TI_GAS(1.0),24/03/26 23:00:00,Annual,Liquefied natural gas,Total,Million cubic metres,Iceland,2013,0.000,,
ESTAT:NRG_TI_GAS(1.0),24/03/26 23:00:00,Annual,Liquefied natural gas,Total,Million cubic metres,Iceland,2014,0.000,,
ESTAT:NRG_TI_GAS(1.0),24/03/26 23:00:00,Annual,Liquefied natural gas,Total,Million cubic metres,Iceland,2015,0.000,,
ESTAT:NRG_TI_GAS(1.0),24/03/26 23:00:00,Annual,Liquefied natural gas,Total,Million cubic metres,Iceland,2016,0.000,,
ESTAT:NRG_TI_GAS(1.0),24/03/26 23:00:00,Annual,Liquefied natural gas,Total,Million cubic metres,Iceland,2017,0.000,,
ESTAT:NRG_TI_GAS(1.0),24/03/26 23:00:00,Annual,Liquefied natural gas,Total,Million cubic metres,Iceland,2018,0.000,,
ESTAT:NRG_TI_GAS(1.0),24/03/26 23:00:00,Annual,Liquefied natural gas,Total,Million cubic metres,Iceland,2019,0.000,,
ESTAT:NRG_TI_GAS(1.0),24/03/26 23:00:00,Annual,Liquefied natural gas,Total,Million cubic metres,Iceland,2020,0.000,,
ESTAT:NRG_TI_GAS(1.0),24/03/26 23:00:00,Annual,Liquefied natural gas,Total,Million cubic metres,Iceland,2021,0.000,,
ESTAT:NRG_TI_GAS(1.0),24/03/26 23:00:00,Annual,Liquefied natural gas,Total,Million cubic metres,Iceland,2022,,,
ESTAT:NRG_TI_GAS(1.0),24/03/26 23:00:00,Annual,Liquefied natural gas,Total,Million cubic metres,Iceland,2023,0.000,,
ESTAT:NRG_TI_GAS(1.0),24/03/26 23:00:00,Annual,Liquefied natural gas,Total,Million cubic metres,Iceland,2024,,,
ESTAT:NRG_TI_GAS(1.0),24/03/26 23:00:00,Annual,Liquefied natural gas,Total,Million cubic metres,Italy,1990,24.000,,
ESTAT:NRG_TI_GAS(1.0),24/03/26 23:00:00,Annual,Liquefied natural gas,Total,Million cubic metres,Italy,1991,140.000,,
ESTAT:NRG_TI_GAS(1.0),24/03/26 23:00:00,Annual,Liquefied natural gas,Total,Million cubic metres,Italy,1992,570.000,,
ESTAT:NRG_TI_GAS(1.0),24/03/26 23:00:00,Annual,Liquefied natural gas,Total,Million cubic metres,Italy,1993,257.000,,
ESTAT:NRG_TI_GAS(1.0),24/03/26 23:00:00,Annual,Liquefied natural gas,Total,Million cubic metres,Italy,1994,201.000,,
ESTAT:NRG_TI_GAS(1.0),24/03/26 23:00:00,Annual,Liquefied natural gas,Total,Million cubic metres,Italy,1995,0.000,,
ESTAT:NRG_TI_GAS(1.0),24/03/26 23:00:00,Annual,Liquefied natural gas,Total,Million cubic metres,Italy,1996,0.000,,
ESTAT:NRG_TI_GAS(1.0),24/03/26 23:00:00,Annual,Liquefied natural gas,Total,Million cubic metres,Italy,1997,1938.000,,
ESTAT:NRG_TI_GAS(1.0),24/03/26 23:00:00,Annual,Liquefied natural gas,Total,Million cubic metres,Italy,1998,2066.000,,
ESTAT:NRG_TI_GAS(1.0),24/03/26 23:00:00,Annual,Liquefied natural gas,Total,Million cubic metres,Italy,1999,3123.000,,
ESTAT:NRG_TI_GAS(1.0),24/03/26 23:00:00,Annual,Liquefied natural gas,Total,Million cubic metres,Italy,2000,4734.000,,
ESTAT:NRG_TI_GAS(1.0),24/03/26 23:00:00,Annual,Liquefied natural gas,Total,Million cubic metres,Italy,2001,4724.000,,
ESTAT:NRG_TI_GAS(1.0),24/03/26 23:00:00,Annual,Liquefied natural gas,Total,Million cubic metres,Italy,2002,3539.000,,
ESTAT:NRG_TI_GAS(1.0),24/03/26 23:00:00,Annual,Liquefied natural gas,Total,Million cubic metres,Italy,2003,3466.000,,
ESTAT:NRG_TI_GAS(1.0),24/03/26 23:00:00,Annual,Liquefied natural gas,Total,Million cubic metres,Italy,2004,2078.000,,
ESTAT:NRG_TI_GAS(1.0),24/03/26 23:00:00,Annual,Liquefied natural gas,Total,Million cubic metres,Italy,2005,2503.000,,
ESTAT:NRG_TI_GAS(1.0),24/03/26 23:00:00,Annual,Liquefied natural gas,Total,Million cubic metres,Italy,2006,3189.000,,
ESTAT:NRG_TI_GAS(1.0),24/03/26 23:00:00,Annual,Liquefied natural gas,Total,Million cubic metres,Italy,2007,2431.000,,
ESTAT:NRG_TI_GAS(1.0),24/03/26 23:00:00,Annual,Liquefied natural gas,Total,Million cubic metres,Italy,2008,1555.000,,
ESTAT:NRG_TI_GAS(1.0),24/03/26 23:00:00,Annual,Liquefied natural gas,Total,Million cubic metres,Italy,2009,2890.000,,
ESTAT:NRG_TI_GAS(1.0),24/03/26 23:00:00,Annual,Liquefied natural gas,Total,Million cubic metres,Italy,2010,8943.000,,
ESTAT:NRG_TI_GAS(1.0),24/03/26 23:00:00,Annual,Liquefied natural gas,Total,Million cubic metres,Italy,2011,8901.000,,
ESTAT:NRG_TI_GAS(1.0),24/03/26 23:00:00,Annual,Liquefied natural gas,Total,Million cubic metres,Italy,2012,7269.000,,
ESTAT:NRG_TI_GAS(1.0),24/03/26 23:00:00,Annual,Liquefied natural gas,Total,Million cubic metres,Italy,2013,5620.000,,
ESTAT:NRG_TI_GAS(1.0),24/03/26 23:00:00,Annual,Liquefied natural gas,Total,Million cubic metres,Italy,2014,4574.000,,
ESTAT:NRG_TI_GAS(1.0),24/03/26 23:00:00,Annual,Liquefied natural gas,Total,Million cubic metres,Italy,2015,5819.000,,
ESTAT:NRG_TI_GAS(1.0),24/03/26 23:00:00,Annual,Liquefied natural gas,Total,Million cubic metres,Italy,2016,6221.000,,
ESTAT:NRG_TI_GAS(1.0),24/03/26 23:00:00,Annual,Liquefied natural gas,Total,Million cubic metres,Italy,2017,7853.357,,
ESTAT:NRG_TI_GAS(1.0),24/03/26 23:00:00,Annual,Liquefied natural gas,Total,Million cubic metres,Italy,2018,8741.521,,
ESTAT:NRG_TI_GAS(1.0),24/03/26 23:00:00,Annual,Liquefied natural gas,Total,Million cubic metres,Italy,2019,13797.661,,
ESTAT:NRG_TI_GAS(1.0),24/03/26 23:00:00,Annual,Liquefied natural gas,Total,Million cubic metres,Italy,2020,12342.922,,
ESTAT:NRG_TI_GAS(1.0),24/03/26 23:00:00,Annual,Liquefied natural gas,Total,Million cubic metres,Italy,2021,9914.123,,
ESTAT:NRG_TI_GAS(1.0),24/03/26 23:00:00,Annual,Liquefied natural gas,Total,Million cubic metres,Italy,2022,14416.414,,
ESTAT:NRG_TI_GAS(1.0),24/03/26 23:00:00,Annual,Liquefied natural gas,Total,Million cubic metres,Italy,2023,16560.007,,
ESTAT:NRG_TI_GAS(1.0),24/03/26 23:00:00,Annual,Liquefied natural gas,Total,Million cubic metres,Italy,2024,14746.069,,
ESTAT:NRG_TI_GAS(1.0),24/03/26 23:00:00,Annual,Liquefied natural gas,Total,Million cubic metres,Liechtenstein,1990,,,
ESTAT:NRG_TI_GAS(1.0),24/03/26 23:00:00,Annual,Liquefied natural gas,Total,Million cubic metres,Liechtenstein,1991,,,
ESTAT:NRG_TI_GAS(1.0),24/03/26 23:00:00,Annual,Liquefied natural gas,Total,Million cubic metres,Liechtenstein,1992,,,
ESTAT:NRG_TI_GAS(1.0),24/03/26 23:00:00,Annual,Liquefied natural gas,Total,Million cubic metres,Liechtenstein,1993,,,
ESTAT:NRG_TI_GAS(1.0),24/03/26 23:00:00,Annual,Liquefied natural gas,Total,Million cubic metres,Liechtenstein,1994,,,
ESTAT:NRG_TI_GAS(1.0),24/03/26 23:00:00,Annual,Liquefied natural gas,Total,Million cubic metres,Liechtenstein,1995,,,
ESTAT:NRG_TI_GAS(1.0),24/03/26 23:00:00,Annual,Liquefied natural gas,Total,Million cubic metres,Liechtenstein,1996,,,
ESTAT:NRG_TI_GAS(1.0),24/03/26 23:00:00,Annual,Liquefied natural gas,Total,Million cubic metres,Liechtenstein,1997,,,
ESTAT:NRG_TI_GAS(1.0),24/03/26 23:00:00,Annual,Liquefied natural gas,Total,Million cubic metres,Liechtenstein,1998,,,
ESTAT:NRG_TI_GAS(1.0),24/03/26 23:00:00,Annual,Liquefied natural gas,Total,Million cubic metres,Liechtenstein,1999,,,
ESTAT:NRG_TI_GAS(1.0),24/03/26 23:00:00,Annual,Liquefied natural gas,Total,Million cubic metres,Liechtenstein,2000,,,
ESTAT:NRG_TI_GAS(1.0),24/03/26 23:00:00,Annual,Liquefied natural gas,Total,Million cubic metres,Liechtenstein,2001,,,
ESTAT:NRG_TI_GAS(1.0),24/03/26 23:00:00,Annual,Liquefied natural gas,Total,Million cubic metres,Liechtenstein,2002,,,
ESTAT:NRG_TI_GAS(1.0),24/03/26 23:00:00,Annual,Liquefied natural gas,Total,Million cubic metres,Liechtenstein,2003,,,
ESTAT:NRG_TI_GAS(1.0),24/03/26 23:00:00,Annual,Liquefied natural gas,Total,Million cubic metres,Liechtenstein,2004,,,
ESTAT:NRG_TI_GAS(1.0),24/03/26 23:00:00,Annual,Liquefied natural gas,Total,Million cubic metres,Liechtenstein,2005,,,
ESTAT:NRG_TI_GAS(1.0),24/03/26 23:00:00,Annual,Liquefied natural gas,Total,Million cubic metres,Liechtenstein,2006,,,
ESTAT:NRG_TI_GAS(1.0),24/03/26 23:00:00,Annual,Liquefied natural gas,Total,Million cubic metres,Liechtenstein,2007,,,
ESTAT:NRG_TI_GAS(1.0),24/03/26 23:00:00,Annual,Liquefied natural gas,Total,Million cubic metres,Liechtenstein,2008,,,
ESTAT:NRG_TI_GAS(1.0),24/03/26 23:00:00,Annual,Liquefied natural gas,Total,Million cubic metres,Liechtenstein,2009,,,
ESTAT:NRG_TI_GAS(1.0),24/03/26 23:00:00,Annual,Liquefied natural gas,Total,Million cubic metres,Liechtenstein,2010,,,
ESTAT:NRG_TI_GAS(1.0),24/03/26 23:00:00,Annual,Liquefied natural gas,Total,Million cubic metres,Liechtenstein,2011,,,
ESTAT:NRG_TI_GAS(1.0),24/03/26 23:00:00,Annual,Liquefied natural gas,Total,Million cubic metres,Liechtenstein,2012,,,
ESTAT:NRG_TI_GAS(1.0),24/03/26 23:00:00,Annual,Liquefied natural gas,Total,Million cubic metres,Liechtenstein,2013,,,
ESTAT:NRG_TI_GAS(1.0),24/03/26 23:00:00,Annual,Liquefied natural gas,Total,Million cubic metres,Liechtenstein,2014,,,
ESTAT:NRG_TI_GAS(1.0),24/03/26 23:00:00,Annual,Liquefied natural gas,Total,Million cubic metres,Liechtenstein,2015,,,
ESTAT:NRG_TI_GAS(1.0),24/03/26 23:00:00,Annual,Liquefied natural gas,Total,Million cubic metres,Liechtenstein,2016,,,
ESTAT:NRG_TI_GAS(1.0),24/03/26 23:00:00,Annual,Liquefied natural gas,Total,Million cubic metres,Liechtenstein,2017,,,
ESTAT:NRG_TI_GAS(1.0),24/03/26 23:00:00,Annual,Liquefied natural gas,Total,Million cubic metres,Liechtenstein,2018,,,
ESTAT:NRG_TI_GAS(1.0),24/03/26 23:00:00,Annual,Liquefied natural gas,Total,Million cubic metres,Liechtenstein,2019,0.000,,
ESTAT:NRG_TI_GAS(1.0),24/03/26 23:00:00,Annual,Liquefied natural gas,Total,Million cubic metres,Liechtenstein,2020,0.000,,
ESTAT:NRG_TI_GAS(1.0),24/03/26 23:00:00,Annual,Liquefied natural gas,Total,Million cubic metres,Liechtenstein,2021,0.000,,
ESTAT:NRG_TI_GAS(1.0),24/03/26 23:00:00,Annual,Liquefied natural gas,Total,Million cubic metres,Liechtenstein,2022,8.052,,
ESTAT:NRG_TI_GAS(1.0),24/03/26 23:00:00,Annual,Liquefied natural gas,Total,Million cubic metres,Liechtenstein,2023,7.639,,
ESTAT:NRG_TI_GAS(1.0),24/03/26 23:00:00,Annual,Liquefied natural gas,Total,Million cubic metres,Liechtenstein,2024,7.250,,
ESTAT:NRG_TI_GAS(1.0),24/03/26 23:00:00,Annual,Liquefied natural gas,Total,Million cubic metres,Lithuania,1990,0.000,,
ESTAT:NRG_TI_GAS(1.0),24/03/26 23:00:00,Annual,Liquefied natural gas,Total,Million cubic metres,Lithuania,1991,0.000,,
ESTAT:NRG_TI_GAS(1.0),24/03/26 23:00:00,Annual,Liquefied natural gas,Total,Million cubic metres,Lithuania,1992,0.000,,
ESTAT:NRG_TI_GAS(1.0),24/03/26 23:00:00,Annual,Liquefied natural gas,Total,Million cubic metres,Lithuania,1993,0.000,,
ESTAT:NRG_TI_GAS(1.0),24/03/26 23:00:00,Annual,Liquefied natural gas,Total,Million cubic metres,Lithuania,1994,0.000,,
ESTAT:NRG_TI_GAS(1.0),24/03/26 23:00:00,Annual,Liquefied natural gas,Total,Million cubic metres,Lithuania,1995,0.000,,
ESTAT:NRG_TI_GAS(1.0),24/03/26 23:00:00,Annual,Liquefied natural gas,Total,Million cubic metres,Lithuania,1996,0.000,,
ESTAT:NRG_TI_GAS(1.0),24/03/26 23:00:00,Annual,Liquefied natural gas,Total,Million cubic metres,Lithuania,1997,0.000,,
ESTAT:NRG_TI_GAS(1.0),24/03/26 23:00:00,Annual,Liquefied natural gas,Total,Million cubic metres,Lithuania,1998,0.000,,
ESTAT:NRG_TI_GAS(1.0),24/03/26 23:00:00,Annual,Liquefied natural gas,Total,Million cubic metres,Lithuania,1999,0.000,,
ESTAT:NRG_TI_GAS(1.0),24/03/26 23:00:00,Annual,Liquefied natural gas,Total,Million cubic metres,Lithuania,2000,0.000,,
ESTAT:NRG_TI_GAS(1.0),24/03/26 23:00:00,Annual,Liquefied natural gas,Total,Million cubic metres,Lithuania,2001,0.000,,
ESTAT:NRG_TI_GAS(1.0),24/03/26 23:00:00,Annual,Liquefied natural gas,Total,Million cubic metres,Lithuania,2002,0.000,,
ESTAT:NRG_TI_GAS(1.0),24/03/26 23:00:00,Annual,Liquefied natural gas,Total,Million cubic metres,Lithuania,2003,0.000,,
ESTAT:NRG_TI_GAS(1.0),24/03/26 23:00:00,Annual,Liquefied natural gas,Total,Million cubic metres,Lithuania,2004,0.000,,
ESTAT:NRG_TI_GAS(1.0),24/03/26 23:00:00,Annual,Liquefied natural gas,Total,Million cubic metres,Lithuania,2005,0.000,,
ESTAT:NRG_TI_GAS(1.0),24/03/26 23:00:00,Annual,Liquefied natural gas,Total,Million cubic metres,Lithuania,2006,0.000,,
ESTAT:NRG_TI_GAS(1.0),24/03/26 23:00:00,Annual,Liquefied natural gas,Total,Million cubic metres,Lithuania,2007,0.000,,
ESTAT:NRG_TI_GAS(1.0),24/03/26 23:00:00,Annual,Liquefied natural gas,Total,Million cubic metres,Lithuania,2008,0.000,,
ESTAT:NRG_TI_GAS(1.0),24/03/26 23:00:00,Annual,Liquefied natural gas,Total,Million cubic metres,Lithuania,2009,0.000,,
ESTAT:NRG_TI_GAS(1.0),24/03/26 23:00:00,Annual,Liquefied natural gas,Total,Million cubic metres,Lithuania,2010,0.000,,
ESTAT:NRG_TI_GAS(1.0),24/03/26 23:00:00,Annual,Liquefied natural gas,Total,Million cubic metres,Lithuania,2011,0.000,,
ESTAT:NRG_TI_GAS(1.0),24/03/26 23:00:00,Annual,Liquefied natural gas,Total,Million cubic metres,Lithuania,2012,0.000,,
ESTAT:NRG_TI_GAS(1.0),24/03/26 23:00:00,Annual,Liquefied natural gas,Total,Million cubic metres,Lithuania,2013,0.000,,
ESTAT:NRG_TI_GAS(1.0),24/03/26 23:00:00,Annual,Liquefied natural gas,Total,Million cubic metres,Lithuania,2014,141.000,,
ESTAT:NRG_TI_GAS(1.0),24/03/26 23:00:00,Annual,Liquefied natural gas,Total,Million cubic metres,Lithuania,2015,450.000,,
ESTAT:NRG_TI_GAS(1.0),24/03/26 23:00:00,Annual,Liquefied natural gas,Total,Million cubic metres,Lithuania,2016,1389.000,,
ESTAT:NRG_TI_GAS(1.0),24/03/26 23:00:00,Annual,Liquefied natural gas,Total,Million cubic metres,Lithuania,2017,1158.000,,
ESTAT:NRG_TI_GAS(1.0),24/03/26 23:00:00,Annual,Liquefied natural gas,Total,Million cubic metres,Lithuania,2018,992.000,,
ESTAT:NRG_TI_GAS(1.0),24/03/26 23:00:00,Annual,Liquefied natural gas,Total,Million cubic metres,Lithuania,2019,1558.000,,
ESTAT:NRG_TI_GAS(1.0),24/03/26 23:00:00,Annual,Liquefied natural gas,Total,Million cubic metres,Lithuania,2020,1666.100,,
ESTAT:NRG_TI_GAS(1.0),24/03/26 23:00:00,Annual,Liquefied natural gas,Total,Million cubic metres,Lithuania,2021,1535.200,,
ESTAT:NRG_TI_GAS(1.0),24/03/26 23:00:00,Annual,Liquefied natural gas,Total,Million cubic metres,Lithuania,2022,3264.800,,
ESTAT:NRG_TI_GAS(1.0),24/03/26 23:00:00,Annual,Liquefied natural gas,Total,Million cubic metres,Lithuania,2023,3177.100,,
ESTAT:NRG_TI_GAS(1.0),24/03/26 23:00:00,Annual,Liquefied natural gas,Total,Million cubic metres,Lithuania,2024,2239.400,,
ESTAT:NRG_TI_GAS(1.0),24/03/26 23:00:00,Annual,Liquefied natural gas,Total,Million cubic metres,Luxembourg,1990,0.000,,
ESTAT:NRG_TI_GAS(1.0),24/03/26 23:00:00,Annual,Liquefied natural gas,Total,Million cubic metres,Luxembourg,1991,0.000,,
ESTAT:NRG_TI_GAS(1.0),24/03/26 23:00:00,Annual,Liquefied natural gas,Total,Million cubic metres,Luxembourg,1992,0.000,,
ESTAT:NRG_TI_GAS(1.0),24/03/26 23:00:00,Annual,Liquefied natural gas,Total,Million cubic metres,Luxembourg,1993,0.000,,
ESTAT:NRG_TI_GAS(1.0),24/03/26 23:00:00,Annual,Liquefied natural gas,Total,Million cubic metres,Luxembourg,1994,0.000,,
ESTAT:NRG_TI_GAS(1.0),24/03/26 23:00:00,Annual,Liquefied natural gas,Total,Million cubic metres,Luxembourg,1995,0.000,,
ESTAT:NRG_TI_GAS(1.0),24/03/26 23:00:00,Annual,Liquefied natural gas,Total,Million cubic metres,Luxembourg,1996,0.000,,
ESTAT:NRG_TI_GAS(1.0),24/03/26 23:00:00,Annual,Liquefied natural gas,Total,Million cubic metres,Luxembourg,1997,0.000,,
ESTAT:NRG_TI_GAS(1.0),24/03/26 23:00:00,Annual,Liquefied natural gas,Total,Million cubic metres,Luxembourg,1998,0.000,,
ESTAT:NRG_TI_GAS(1.0),24/03/26 23:00:00,Annual,Liquefied natural gas,Total,Million cubic metres,Luxembourg,1999,0.000,,
ESTAT:NRG_TI_GAS(1.0),24/03/26 23:00:00,Annual,Liquefied natural gas,Total,Million cubic metres,Luxembourg,2000,0.000,,
ESTAT:NRG_TI_GAS(1.0),24/03/26 23:00:00,Annual,Liquefied natural gas,Total,Million cubic metres,Luxembourg,2001,0.000,,
ESTAT:NRG_TI_GAS(1.0),24/03/26 23:00:00,Annual,Liquefied natural gas,Total,Million cubic metres,Luxembourg,2002,0.000,,
ESTAT:NRG_TI_GAS(1.0),24/03/26 23:00:00,Annual,Liquefied natural gas,Total,Million cubic metres,Luxembourg,2003,0.000,,
ESTAT:NRG_TI_GAS(1.0),24/03/26 23:00:00,Annual,Liquefied natural gas,Total,Million cubic metres,Luxembourg,2004,0.000,,
ESTAT:NRG_TI_GAS(1.0),24/03/26 23:00:00,Annual,Liquefied natural gas,Total,Million cubic metres,Luxembourg,2005,0.000,,
ESTAT:NRG_TI_GAS(1.0),24/03/26 23:00:00,Annual,Liquefied natural gas,Total,Million cubic metres,Luxembourg,2006,0.000,,
ESTAT:NRG_TI_GAS(1.0),24/03/26 23:00:00,Annual,Liquefied natural gas,Total,Million cubic metres,Luxembourg,2007,0.000,,
ESTAT:NRG_TI_GAS(1.0),24/03/26 23:00:00,Annual,Liquefied natural gas,Total,Million cubic metres,Luxembourg,2008,0.000,,
ESTAT:NRG_TI_GAS(1.0),24/03/26 23:00:00,Annual,Liquefied natural gas,Total,Million cubic metres,Luxembourg,2009,0.000,,
ESTAT:NRG_TI_GAS(1.0),24/03/26 23:00:00,Annual,Liquefied natural gas,Total,Million cubic metres,Luxembourg,2010,0.000,,
ESTAT:NRG_TI_GAS(1.0),24/03/26 23:00:00,Annual,Liquefied natural gas,Total,Million cubic metres,Luxembourg,2011,0.000,,
ESTAT:NRG_TI_GAS(1.0),24/03/26 23:00:00,Annual,Liquefied natural gas,Total,Million cubic metres,Luxembourg,2012,0.000,,
ESTAT:NRG_TI_GAS(1.0),24/03/26 23:00:00,Annual,Liquefied natural gas,Total,Million cubic metres,Luxembourg,2013,0.000,,
ESTAT:NRG_TI_GAS(1.0),24/03/26 23:00:00,Annual,Liquefied natural gas,Total,Million cubic metres,Luxembourg,2014,0.000,,
ESTAT:NRG_TI_GAS(1.0),24/03/26 23:00:00,Annual,Liquefied natural gas,Total,Million cubic metres,Luxembourg,2015,0.000,,
ESTAT:NRG_TI_GAS(1.0),24/03/26 23:00:00,Annual,Liquefied natural gas,Total,Million cubic metres,Luxembourg,2016,0.000,,
ESTAT:NRG_TI_GAS(1.0),24/03/26 23:00:00,Annual,Liquefied natural gas,Total,Million cubic metres,Luxembourg,2017,0.000,,
ESTAT:NRG_TI_GAS(1.0),24/03/26 23:00:00,Annual,Liquefied natural gas,Total,Million cubic metres,Luxembourg,2018,0.000,,
ESTAT:NRG_TI_GAS(1.0),24/03/26 23:00:00,Annual,Liquefied natural gas,Total,Million cubic metres,Luxembourg,2019,0.000,,
ESTAT:NRG_TI_GAS(1.0),24/03/26 23:00:00,Annual,Liquefied natural gas,Total,Million cubic metres,Luxembourg,2020,0.000,,
ESTAT:NRG_TI_GAS(1.0),24/03/26 23:00:00,Annual,Liquefied natural gas,Total,Million cubic metres,Luxembourg,2021,0.000,,
ESTAT:NRG_TI_GAS(1.0),24/03/26 23:00:00,Annual,Liquefied natural gas,Total,Million cubic metres,Luxembourg,2022,0.000,,
ESTAT:NRG_TI_GAS(1.0),24/03/26 23:00:00,Annual,Liquefied natural gas,Total,Million cubic metres,Luxembourg,2023,0.000,,
ESTAT:NRG_TI_GAS(1.0),24/03/26 23:00:00,Annual,Liquefied natural gas,Total,Million cubic metres,Luxembourg,2024,0.000,,
ESTAT:NRG_TI_GAS(1.0),24/03/26 23:00:00,Annual,Liquefied natural gas,Total,Million cubic metres,Latvia,1990,0.000,,
ESTAT:NRG_TI_GAS(1.0),24/03/26 23:00:00,Annual,Liquefied natural gas,Total,Million cubic metres,Latvia,1991,0.000,,
ESTAT:NRG_TI_GAS(1.0),24/03/26 23:00:00,Annual,Liquefied natural gas,Total,Million cubic metres,Latvia,1992,0.000,,
ESTAT:NRG_TI_GAS(1.0),24/03/26 23:00:00,Annual,Liquefied natural gas,Total,Million cubic metres,Latvia,1993,0.000,,
ESTAT:NRG_TI_GAS(1.0),24/03/26 23:00:00,Annual,Liquefied natural gas,Total,Million cubic metres,Latvia,1994,0.000,,
ESTAT:NRG_TI_GAS(1.0),24/03/26 23:00:00,Annual,Liquefied natural gas,Total,Million cubic metres,Latvia,1995,0.000,,
ESTAT:NRG_TI_GAS(1.0),24/03/26 23:00:00,Annual,Liquefied natural gas,Total,Million cubic metres,Latvia,1996,0.000,,
ESTAT:NRG_TI_GAS(1.0),24/03/26 23:00:00,Annual,Liquefied natural gas,Total,Million cubic metres,Latvia,1997,0.000,,
ESTAT:NRG_TI_GAS(1.0),24/03/26 23:00:00,Annual,Liquefied natural gas,Total,Million cubic metres,Latvia,1998,0.000,,
ESTAT:NRG_TI_GAS(1.0),24/03/26 23:00:00,Annual,Liquefied natural gas,Total,Million cubic metres,Latvia,1999,0.000,,
ESTAT:NRG_TI_GAS(1.0),24/03/26 23:00:00,Annual,Liquefied natural gas,Total,Million cubic metres,Latvia,2000,0.000,,
ESTAT:NRG_TI_GAS(1.0),24/03/26 23:00:00,Annual,Liquefied natural gas,Total,Million cubic metres,Latvia,2001,0.000,,
ESTAT:NRG_TI_GAS(1.0),24/03/26 23:00:00,Annual,Liquefied natural gas,Total,Million cubic metres,Latvia,2002,0.000,,
ESTAT:NRG_TI_GAS(1.0),24/03/26 23:00:00,Annual,Liquefied natural gas,Total,Million cubic metres,Latvia,2003,0.000,,
ESTAT:NRG_TI_GAS(1.0),24/03/26 23:00:00,Annual,Liquefied natural gas,Total,Million cubic metres,Latvia,2004,0.000,,
ESTAT:NRG_TI_GAS(1.0),24/03/26 23:00:00,Annual,Liquefied natural gas,Total,Million cubic metres,Latvia,2005,0.000,,
ESTAT:NRG_TI_GAS(1.0),24/03/26 23:00:00,Annual,Liquefied natural gas,Total,Million cubic metres,Latvia,2006,0.000,,
ESTAT:NRG_TI_GAS(1.0),24/03/26 23:00:00,Annual,Liquefied natural gas,Total,Million cubic metres,Latvia,2007,0.000,,
ESTAT:NRG_TI_GAS(1.0),24/03/26 23:00:00,Annual,Liquefied natural gas,Total,Million cubic metres,Latvia,2008,0.000,,
ESTAT:NRG_TI_GAS(1.0),24/03/26 23:00:00,Annual,Liquefied natural gas,Total,Million cubic metres,Latvia,2009,0.000,,
ESTAT:NRG_TI_GAS(1.0),24/03/26 23:00:00,Annual,Liquefied natural gas,Total,Million cubic metres,Latvia,2010,0.000,,
ESTAT:NRG_TI_GAS(1.0),24/03/26 23:00:00,Annual,Liquefied natural gas,Total,Million cubic metres,Latvia,2011,0.000,,
ESTAT:NRG_TI_GAS(1.0),24/03/26 23:00:00,Annual,Liquefied natural gas,Total,Million cubic metres,Latvia,2012,0.000,,
ESTAT:NRG_TI_GAS(1.0),24/03/26 23:00:00,Annual,Liquefied natural gas,Total,Million cubic metres,Latvia,2013,0.000,,
ESTAT:NRG_TI_GAS(1.0),24/03/26 23:00:00,Annual,Liquefied natural gas,Total,Million cubic metres,Latvia,2014,0.000,,
ESTAT:NRG_TI_GAS(1.0),24/03/26 23:00:00,Annual,Liquefied natural gas,Total,Million cubic metres,Latvia,2015,0.000,,
ESTAT:NRG_TI_GAS(1.0),24/03/26 23:00:00,Annual,Liquefied natural gas,Total,Million cubic metres,Latvia,2016,0.000,,
ESTAT:NRG_TI_GAS(1.0),24/03/26 23:00:00,Annual,Liquefied natural gas,Total,Million cubic metres,Latvia,2017,0.000,,
ESTAT:NRG_TI_GAS(1.0),24/03/26 23:00:00,Annual,Liquefied natural gas,Total,Million cubic metres,Latvia,2018,0.237,,
ESTAT:NRG_TI_GAS(1.0),24/03/26 23:00:00,Annual,Liquefied natural gas,Total,Million cubic metres,Latvia,2019,2.822,,
ESTAT:NRG_TI_GAS(1.0),24/03/26 23:00:00,Annual,Liquefied natural gas,Total,Million cubic metres,Latvia,2020,6.734,,
ESTAT:NRG_TI_GAS(1.0),24/03/26 23:00:00,Annual,Liquefied natural gas,Total,Million cubic metres,Latvia,2021,5.850,,
ESTAT:NRG_TI_GAS(1.0),24/03/26 23:00:00,Annual,Liquefied natural gas,Total,Million cubic metres,Latvia,2022,10.060,,
ESTAT:NRG_TI_GAS(1.0),24/03/26 23:00:00,Annual,Liquefied natural gas,Total,Million cubic metres,Latvia,2023,53.909,,
ESTAT:NRG_TI_GAS(1.0),24/03/26 23:00:00,Annual,Liquefied natural gas,Total,Million cubic metres,Latvia,2024,3.740,,
ESTAT:NRG_TI_GAS(1.0),24/03/26 23:00:00,Annual,Liquefied natural gas,Total,Million cubic metres,Moldova,1990,,,
ESTAT:NRG_TI_GAS(1.0),24/03/26 23:00:00,Annual,Liquefied natural gas,Total,Million cubic metres,Moldova,1991,,,
ESTAT:NRG_TI_GAS(1.0),24/03/26 23:00:00,Annual,Liquefied natural gas,Total,Million cubic metres,Moldova,1992,,,
ESTAT:NRG_TI_GAS(1.0),24/03/26 23:00:00,Annual,Liquefied natural gas,Total,Million cubic metres,Moldova,1993,,,
ESTAT:NRG_TI_GAS(1.0),24/03/26 23:00:00,Annual,Liquefied natural gas,Total,Million cubic metres,Moldova,1994,,,
ESTAT:NRG_TI_GAS(1.0),24/03/26 23:00:00,Annual,Liquefied natural gas,Total,Million cubic metres,Moldova,1995,,,
ESTAT:NRG_TI_GAS(1.0),24/03/26 23:00:00,Annual,Liquefied natural gas,Total,Million cubic metres,Moldova,1996,,,
ESTAT:NRG_TI_GAS(1.0),24/03/26 23:00:00,Annual,Liquefied natural gas,Total,Million cubic metres,Moldova,1997,,,
ESTAT:NRG_TI_GAS(1.0),24/03/26 23:00:00,Annual,Liquefied natural gas,Total,Million cubic metres,Moldova,1998,,,
ESTAT:NRG_TI_GAS(1.0),24/03/26 23:00:00,Annual,Liquefied natural gas,Total,Million cubic metres,Moldova,1999,,,
ESTAT:NRG_TI_GAS(1.0),24/03/26 23:00:00,Annual,Liquefied natural gas,Total,Million cubic metres,Moldova,2000,,,
ESTAT:NRG_TI_GAS(1.0),24/03/26 23:00:00,Annual,Liquefied natural gas,Total,Million cubic metres,Moldova,2001,,,
ESTAT:NRG_TI_GAS(1.0),24/03/26 23:00:00,Annual,Liquefied natural gas,Total,Million cubic metres,Moldova,2002,,,
ESTAT:NRG_TI_GAS(1.0),24/03/26 23:00:00,Annual,Liquefied natural gas,Total,Million cubic metres,Moldova,2003,,,
ESTAT:NRG_TI_GAS(1.0),24/03/26 23:00:00,Annual,Liquefied natural gas,Total,Million cubic metres,Moldova,2004,,,
ESTAT:NRG_TI_GAS(1.0),24/03/26 23:00:00,Annual,Liquefied natural gas,Total,Million cubic metres,Moldova,2005,,,
ESTAT:NRG_TI_GAS(1.0),24/03/26 23:00:00,Annual,Liquefied natural gas,Total,Million cubic metres,Moldova,2006,,,
ESTAT:NRG_TI_GAS(1.0),24/03/26 23:00:00,Annual,Liquefied natural gas,Total,Million cubic metres,Moldova,2007,,,
ESTAT:NRG_TI_GAS(1.0),24/03/26 23:00:00,Annual,Liquefied natural gas,Total,Million cubic metres,Moldova,2008,,,
ESTAT:NRG_TI_GAS(1.0),24/03/26 23:00:00,Annual,Liquefied natural gas,Total,Million cubic metres,Moldova,2009,,,
ESTAT:NRG_TI_GAS(1.0),24/03/26 23:00:00,Annual,Liquefied natural gas,Total,Million cubic metres,Moldova,2010,0.000,,
ESTAT:NRG_TI_GAS(1.0),24/03/26 23:00:00,Annual,Liquefied natural gas,Total,Million cubic metres,Moldova,2011,0.000,,
ESTAT:NRG_TI_GAS(1.0),24/03/26 23:00:00,Annual,Liquefied natural gas,Total,Million cubic metres,Moldova,2012,0.000,,
ESTAT:NRG_TI_GAS(1.0),24/03/26 23:00:00,Annual,Liquefied natural gas,Total,Million cubic metres,Moldova,2013,0.000,,
ESTAT:NRG_TI_GAS(1.0),24/03/26 23:00:00,Annual,Liquefied natural gas,Total,Million cubic metres,Moldova,2014,0.000,,
ESTAT:NRG_TI_GAS(1.0),24/03/26 23:00:00,Annual,Liquefied natural gas,Total,Million cubic metres,Moldova,2015,0.000,,
ESTAT:NRG_TI_GAS(1.0),24/03/26 23:00:00,Annual,Liquefied natural gas,Total,Million cubic metres,Moldova,2016,0.000,,
ESTAT:NRG_TI_GAS(1.0),24/03/26 23:00:00,Annual,Liquefied natural gas,Total,Million cubic metres,Moldova,2017,0.000,,
ESTAT:NRG_TI_GAS(1.0),24/03/26 23:00:00,Annual,Liquefied natural gas,Total,Million cubic metres,Moldova,2018,0.000,,
ESTAT:NRG_TI_GAS(1.0),24/03/26 23:00:00,Annual,Liquefied natural gas,Total,Million cubic metres,Moldova,2019,0.000,,
ESTAT:NRG_TI_GAS(1.0),24/03/26 23:00:00,Annual,Liquefied natural gas,Total,Million cubic metres,Moldova,2020,0.000,,
ESTAT:NRG_TI_GAS(1.0),24/03/26 23:00:00,Annual,Liquefied natural gas,Total,Million cubic metres,Moldova,2021,0.000,,
ESTAT:NRG_TI_GAS(1.0),24/03/26 23:00:00,Annual,Liquefied natural gas,Total,Million cubic metres,Moldova,2022,0.000,,
ESTAT:NRG_TI_GAS(1.0),24/03/26 23:00:00,Annual,Liquefied natural gas,Total,Million cubic metres,Moldova,2023,0.000,,
ESTAT:NRG_TI_GAS(1.0),24/03/26 23:00:00,Annual,Liquefied natural gas,Total,Million cubic metres,Moldova,2024,0.000,,
ESTAT:NRG_TI_GAS(1.0),24/03/26 23:00:00,Annual,Liquefied natural gas,Total,Million cubic metres,Montenegro,1990,,,
ESTAT:NRG_TI_GAS(1.0),24/03/26 23:00:00,Annual,Liquefied natural gas,Total,Million cubic metres,Montenegro,1991,,,
ESTAT:NRG_TI_GAS(1.0),24/03/26 23:00:00,Annual,Liquefied natural gas,Total,Million cubic metres,Montenegro,1992,,,
ESTAT:NRG_TI_GAS(1.0),24/03/26 23:00:00,Annual,Liquefied natural gas,Total,Million cubic metres,Montenegro,1993,,,
ESTAT:NRG_TI_GAS(1.0),24/03/26 23:00:00,Annual,Liquefied natural gas,Total,Million cubic metres,Montenegro,1994,,,
ESTAT:NRG_TI_GAS(1.0),24/03/26 23:00:00,Annual,Liquefied natural gas,Total,Million cubic metres,Montenegro,1995,,,
ESTAT:NRG_TI_GAS(1.0),24/03/26 23:00:00,Annual,Liquefied natural gas,Total,Million cubic metres,Montenegro,1996,,,
ESTAT:NRG_TI_GAS(1.0),24/03/26 23:00:00,Annual,Liquefied natural gas,Total,Million cubic metres,Montenegro,1997,,,
ESTAT:NRG_TI_GAS(1.0),24/03/26 23:00:00,Annual,Liquefied natural gas,Total,Million cubic metres,Montenegro,1998,,,
ESTAT:NRG_TI_GAS(1.0),24/03/26 23:00:00,Annual,Liquefied natural gas,Total,Million cubic metres,Montenegro,1999,,,
ESTAT:NRG_TI_GAS(1.0),24/03/26 23:00:00,Annual,Liquefied natural gas,Total,Million cubic metres,Montenegro,2000,,,
ESTAT:NRG_TI_GAS(1.0),24/03/26 23:00:00,Annual,Liquefied natural gas,Total,Million cubic metres,Montenegro,2001,,,
ESTAT:NRG_TI_GAS(1.0),24/03/26 23:00:00,Annual,Liquefied natural gas,Total,Million cubic metres,Montenegro,2002,,,
ESTAT:NRG_TI_GAS(1.0),24/03/26 23:00:00,Annual,Liquefied natural gas,Total,Million cubic metres,Montenegro,2003,,,
ESTAT:NRG_TI_GAS(1.0),24/03/26 23:00:00,Annual,Liquefied natural gas,Total,Million cubic metres,Montenegro,2004,,,
ESTAT:NRG_TI_GAS(1.0),24/03/26 23:00:00,Annual,Liquefied natural gas,Total,Million cubic metres,Montenegro,2005,0.000,,
ESTAT:NRG_TI_GAS(1.0),24/03/26 23:00:00,Annual,Liquefied natural gas,Total,Million cubic metres,Montenegro,2006,0.000,,
ESTAT:NRG_TI_GAS(1.0),24/03/26 23:00:00,Annual,Liquefied natural gas,Total,Million cubic metres,Montenegro,2007,0.000,,
ESTAT:NRG_TI_GAS(1.0),24/03/26 23:00:00,Annual,Liquefied natural gas,Total,Million cubic metres,Montenegro,2008,0.000,,
ESTAT:NRG_TI_GAS(1.0),24/03/26 23:00:00,Annual,Liquefied natural gas,Total,Million cubic metres,Montenegro,2009,0.000,,
ESTAT:NRG_TI_GAS(1.0),24/03/26 23:00:00,Annual,Liquefied natural gas,Total,Million cubic metres,Montenegro,2010,0.000,,
ESTAT:NRG_TI_GAS(1.0),24/03/26 23:00:00,Annual,Liquefied natural gas,Total,Million cubic metres,Montenegro,2011,0.000,,
ESTAT:NRG_TI_GAS(1.0),24/03/26 23:00:00,Annual,Liquefied natural gas,Total,Million cubic metres,Montenegro,2012,0.000,,
ESTAT:NRG_TI_GAS(1.0),24/03/26 23:00:00,Annual,Liquefied natural gas,Total,Million cubic metres,Montenegro,2013,0.000,,
ESTAT:NRG_TI_GAS(1.0),24/03/26 23:00:00,Annual,Liquefied natural gas,Total,Million cubic metres,Montenegro,2014,0.000,,
ESTAT:NRG_TI_GAS(1.0),24/03/26 23:00:00,Annual,Liquefied natural gas,Total,Million cubic metres,Montenegro,2015,0.000,,
ESTAT:NRG_TI_GAS(1.0),24/03/26 23:00:00,Annual,Liquefied natural gas,Total,Million cubic metres,Montenegro,2016,0.000,,
ESTAT:NRG_TI_GAS(1.0),24/03/26 23:00:00,Annual,Liquefied natural gas,Total,Million cubic metres,Montenegro,2017,0.000,,
ESTAT:NRG_TI_GAS(1.0),24/03/26 23:00:00,Annual,Liquefied natural gas,Total,Million cubic metres,Montenegro,2018,0.000,,
ESTAT:NRG_TI_GAS(1.0),24/03/26 23:00:00,Annual,Liquefied natural gas,Total,Million cubic metres,Montenegro,2019,0.000,,
ESTAT:NRG_TI_GAS(1.0),24/03/26 23:00:00,Annual,Liquefied natural gas,Total,Million cubic metres,Montenegro,2020,0.000,,
ESTAT:NRG_TI_GAS(1.0),24/03/26 23:00:00,Annual,Liquefied natural gas,Total,Million cubic metres,Montenegro,2021,0.000,,
ESTAT:NRG_TI_GAS(1.0),24/03/26 23:00:00,Annual,Liquefied natural gas,Total,Million cubic metres,Montenegro,2022,0.000,,
ESTAT:NRG_TI_GAS(1.0),24/03/26 23:00:00,Annual,Liquefied natural gas,Total,Million cubic metres,Montenegro,2023,0.000,,
ESTAT:NRG_TI_GAS(1.0),24/03/26 23:00:00,Annual,Liquefied natural gas,Total,Million cubic metres,Montenegro,2024,0.000,,
ESTAT:NRG_TI_GAS(1.0),24/03/26 23:00:00,Annual,Liquefied natural gas,Total,Million cubic metres,North Macedonia,1990,0.000,,
ESTAT:NRG_TI_GAS(1.0),24/03/26 23:00:00,Annual,Liquefied natural gas,Total,Million cubic metres,North Macedonia,1991,0.000,,
ESTAT:NRG_TI_GAS(1.0),24/03/26 23:00:00,Annual,Liquefied natural gas,Total,Million cubic metres,North Macedonia,1992,0.000,,
ESTAT:NRG_TI_GAS(1.0),24/03/26 23:00:00,Annual,Liquefied natural gas,Total,Million cubic metres,North Macedonia,1993,0.000,,
ESTAT:NRG_TI_GAS(1.0),24/03/26 23:00:00,Annual,Liquefied natural gas,Total,Million cubic metres,North Macedonia,1994,0.000,,
ESTAT:NRG_TI_GAS(1.0),24/03/26 23:00:00,Annual,Liquefied natural gas,Total,Million cubic metres,North Macedonia,1995,0.000,,
ESTAT:NRG_TI_GAS(1.0),24/03/26 23:00:00,Annual,Liquefied natural gas,Total,Million cubic metres,North Macedonia,1996,0.000,,
ESTAT:NRG_TI_GAS(1.0),24/03/26 23:00:00,Annual,Liquefied natural gas,Total,Million cubic metres,North Macedonia,1997,0.000,,
ESTAT:NRG_TI_GAS(1.0),24/03/26 23:00:00,Annual,Liquefied natural gas,Total,Million cubic metres,North Macedonia,1998,0.000,,
ESTAT:NRG_TI_GAS(1.0),24/03/26 23:00:00,Annual,Liquefied natural gas,Total,Million cubic metres,North Macedonia,1999,0.000,,
ESTAT:NRG_TI_GAS(1.0),24/03/26 23:00:00,Annual,Liquefied natural gas,Total,Million cubic metres,North Macedonia,2000,0.000,,
ESTAT:NRG_TI_GAS(1.0),24/03/26 23:00:00,Annual,Liquefied natural gas,Total,Million cubic metres,North Macedonia,2001,0.000,,
ESTAT:NRG_TI_GAS(1.0),24/03/26 23:00:00,Annual,Liquefied natural gas,Total,Million cubic metres,North Macedonia,2002,0.000,,
ESTAT:NRG_TI_GAS(1.0),24/03/26 23:00:00,Annual,Liquefied natural gas,Total,Million cubic metres,North Macedonia,2003,0.000,,
ESTAT:NRG_TI_GAS(1.0),24/03/26 23:00:00,Annual,Liquefied natural gas,Total,Million cubic metres,North Macedonia,2004,0.000,,
ESTAT:NRG_TI_GAS(1.0),24/03/26 23:00:00,Annual,Liquefied natural gas,Total,Million cubic metres,North Macedonia,2005,0.000,,
ESTAT:NRG_TI_GAS(1.0),24/03/26 23:00:00,Annual,Liquefied natural gas,Total,Million cubic metres,North Macedonia,2006,0.000,,
ESTAT:NRG_TI_GAS(1.0),24/03/26 23:00:00,Annual,Liquefied natural gas,Total,Million cubic metres,North Macedonia,2007,0.000,,
ESTAT:NRG_TI_GAS(1.0),24/03/26 23:00:00,Annual,Liquefied natural gas,Total,Million cubic metres,North Macedonia,2008,0.000,,
ESTAT:NRG_TI_GAS(1.0),24/03/26 23:00:00,Annual,Liquefied natural gas,Total,Million cubic metres,North Macedonia,2009,0.000,,
ESTAT:NRG_TI_GAS(1.0),24/03/26 23:00:00,Annual,Liquefied natural gas,Total,Million cubic metres,North Macedonia,2010,0.000,,
ESTAT:NRG_TI_GAS(1.0),24/03/26 23:00:00,Annual,Liquefied natural gas,Total,Million cubic metres,North Macedonia,2011,0.000,,
ESTAT:NRG_TI_GAS(1.0),24/03/26 23:00:00,Annual,Liquefied natural gas,Total,Million cubic metres,North Macedonia,2012,0.000,,
ESTAT:NRG_TI_GAS(1.0),24/03/26 23:00:00,Annual,Liquefied natural gas,Total,Million cubic metres,North Macedonia,2013,0.000,,
ESTAT:NRG_TI_GAS(1.0),24/03/26 23:00:00,Annual,Liquefied natural gas,Total,Million cubic metres,North Macedonia,2014,0.000,,
ESTAT:NRG_TI_GAS(1.0),24/03/26 23:00:00,Annual,Liquefied natural gas,Total,Million cubic metres,North Macedonia,2015,0.000,,
ESTAT:NRG_TI_GAS(1.0),24/03/26 23:00:00,Annual,Liquefied natural gas,Total,Million cubic metres,North Macedonia,2016,0.000,,
ESTAT:NRG_TI_GAS(1.0),24/03/26 23:00:00,Annual,Liquefied natural gas,Total,Million cubic metres,North Macedonia,2017,0.000,,
ESTAT:NRG_TI_GAS(1.0),24/03/26 23:00:00,Annual,Liquefied natural gas,Total,Million cubic metres,North Macedonia,2018,0.000,,
ESTAT:NRG_TI_GAS(1.0),24/03/26 23:00:00,Annual,Liquefied natural gas,Total,Million cubic metres,North Macedonia,2019,0.000,,
ESTAT:NRG_TI_GAS(1.0),24/03/26 23:00:00,Annual,Liquefied natural gas,Total,Million cubic metres,North Macedonia,2020,0.000,,
ESTAT:NRG_TI_GAS(1.0),24/03/26 23:00:00,Annual,Liquefied natural gas,Total,Million cubic metres,North Macedonia,2021,0.000,,
ESTAT:NRG_TI_GAS(1.0),24/03/26 23:00:00,Annual,Liquefied natural gas,Total,Million cubic metres,North Macedonia,2022,0.000,,
ESTAT:NRG_TI_GAS(1.0),24/03/26 23:00:00,Annual,Liquefied natural gas,Total,Million cubic metres,North Macedonia,2023,0.000,,
ESTAT:NRG_TI_GAS(1.0),24/03/26 23:00:00,Annual,Liquefied natural gas,Total,Million cubic metres,North Macedonia,2024,0.000,,
ESTAT:NRG_TI_GAS(1.0),24/03/26 23:00:00,Annual,Liquefied natural gas,Total,Million cubic metres,Malta,1990,0.000,,
ESTAT:NRG_TI_GAS(1.0),24/03/26 23:00:00,Annual,Liquefied natural gas,Total,Million cubic metres,Malta,1991,0.000,,
ESTAT:NRG_TI_GAS(1.0),24/03/26 23:00:00,Annual,Liquefied natural gas,Total,Million cubic metres,Malta,1992,0.000,,
ESTAT:NRG_TI_GAS(1.0),24/03/26 23:00:00,Annual,Liquefied natural gas,Total,Million cubic metres,Malta,1993,0.000,,
ESTAT:NRG_TI_GAS(1.0),24/03/26 23:00:00,Annual,Liquefied natural gas,Total,Million cubic metres,Malta,1994,0.000,,
ESTAT:NRG_TI_GAS(1.0),24/03/26 23:00:00,Annual,Liquefied natural gas,Total,Million cubic metres,Malta,1995,0.000,,
ESTAT:NRG_TI_GAS(1.0),24/03/26 23:00:00,Annual,Liquefied natural gas,Total,Million cubic metres,Malta,1996,0.000,,
ESTAT:NRG_TI_GAS(1.0),24/03/26 23:00:00,Annual,Liquefied natural gas,Total,Million cubic metres,Malta,1997,0.000,,
ESTAT:NRG_TI_GAS(1.0),24/03/26 23:00:00,Annual,Liquefied natural gas,Total,Million cubic metres,Malta,1998,0.000,,
ESTAT:NRG_TI_GAS(1.0),24/03/26 23:00:00,Annual,Liquefied natural gas,Total,Million cubic metres,Malta,1999,0.000,,
ESTAT:NRG_TI_GAS(1.0),24/03/26 23:00:00,Annual,Liquefied natural gas,Total,Million cubic metres,Malta,2000,0.000,,
ESTAT:NRG_TI_GAS(1.0),24/03/26 23:00:00,Annual,Liquefied natural gas,Total,Million cubic metres,Malta,2001,0.000,,
ESTAT:NRG_TI_GAS(1.0),24/03/26 23:00:00,Annual,Liquefied natural gas,Total,Million cubic metres,Malta,2002,0.000,,
ESTAT:NRG_TI_GAS(1.0),24/03/26 23:00:00,Annual,Liquefied natural gas,Total,Million cubic metres,Malta,2003,0.000,,
ESTAT:NRG_TI_GAS(1.0),24/03/26 23:00:00,Annual,Liquefied natural gas,Total,Million cubic metres,Malta,2004,0.000,,
ESTAT:NRG_TI_GAS(1.0),24/03/26 23:00:00,Annual,Liquefied natural gas,Total,Million cubic metres,Malta,2005,0.000,,
ESTAT:NRG_TI_GAS(1.0),24/03/26 23:00:00,Annual,Liquefied natural gas,Total,Million cubic metres,Malta,2006,0.000,,
ESTAT:NRG_TI_GAS(1.0),24/03/26 23:00:00,Annual,Liquefied natural gas,Total,Million cubic metres,Malta,2007,0.000,,
ESTAT:NRG_TI_GAS(1.0),24/03/26 23:00:00,Annual,Liquefied natural gas,Total,Million cubic metres,Malta,2008,0.000,,
ESTAT:NRG_TI_GAS(1.0),24/03/26 23:00:00,Annual,Liquefied natural gas,Total,Million cubic metres,Malta,2009,0.000,,
ESTAT:NRG_TI_GAS(1.0),24/03/26 23:00:00,Annual,Liquefied natural gas,Total,Million cubic metres,Malta,2010,0.000,,
ESTAT:NRG_TI_GAS(1.0),24/03/26 23:00:00,Annual,Liquefied natural gas,Total,Million cubic metres,Malta,2011,0.000,,
ESTAT:NRG_TI_GAS(1.0),24/03/26 23:00:00,Annual,Liquefied natural gas,Total,Million cubic metres,Malta,2012,0.000,,
ESTAT:NRG_TI_GAS(1.0),24/03/26 23:00:00,Annual,Liquefied natural gas,Total,Million cubic metres,Malta,2013,0.000,,
ESTAT:NRG_TI_GAS(1.0),24/03/26 23:00:00,Annual,Liquefied natural gas,Total,Million cubic metres,Malta,2014,0.000,,
ESTAT:NRG_TI_GAS(1.0),24/03/26 23:00:00,Annual,Liquefied natural gas,Total,Million cubic metres,Malta,2015,0.000,,
ESTAT:NRG_TI_GAS(1.0),24/03/26 23:00:00,Annual,Liquefied natural gas,Total,Million cubic metres,Malta,2016,0.000,,
ESTAT:NRG_TI_GAS(1.0),24/03/26 23:00:00,Annual,Liquefied natural gas,Total,Million cubic metres,Malta,2017,301.825,,
ESTAT:NRG_TI_GAS(1.0),24/03/26 23:00:00,Annual,Liquefied natural gas,Total,Million cubic metres,Malta,2018,378.707,,
ESTAT:NRG_TI_GAS(1.0),24/03/26 23:00:00,Annual,Liquefied natural gas,Total,Million cubic metres,Malta,2019,379.422,,
ESTAT:NRG_TI_GAS(1.0),24/03/26 23:00:00,Annual,Liquefied natural gas,Total,Million cubic metres,Malta,2020,364.182,,
ESTAT:NRG_TI_GAS(1.0),24/03/26 23:00:00,Annual,Liquefied natural gas,Total,Million cubic metres,Malta,2021,392.272,,
ESTAT:NRG_TI_GAS(1.0),24/03/26 23:00:00,Annual,Liquefied natural gas,Total,Million cubic metres,Malta,2022,384.442,,
ESTAT:NRG_TI_GAS(1.0),24/03/26 23:00:00,Annual,Liquefied natural gas,Total,Million cubic metres,Malta,2023,376.798,,
ESTAT:NRG_TI_GAS(1.0),24/03/26 23:00:00,Annual,Liquefied natural gas,Total,Million cubic metres,Malta,2024,380.590,,
ESTAT:NRG_TI_GAS(1.0),24/03/26 23:00:00,Annual,Liquefied natural gas,Total,Million cubic metres,Netherlands,1990,0.000,,
ESTAT:NRG_TI_GAS(1.0),24/03/26 23:00:00,Annual,Liquefied natural gas,Total,Million cubic metres,Netherlands,1991,0.000,,
ESTAT:NRG_TI_GAS(1.0),24/03/26 23:00:00,Annual,Liquefied natural gas,Total,Million cubic metres,Netherlands,1992,0.000,,
ESTAT:NRG_TI_GAS(1.0),24/03/26 23:00:00,Annual,Liquefied natural gas,Total,Million cubic metres,Netherlands,1993,0.000,,
ESTAT:NRG_TI_GAS(1.0),24/03/26 23:00:00,Annual,Liquefied natural gas,Total,Million cubic metres,Netherlands,1994,0.000,,
ESTAT:NRG_TI_GAS(1.0),24/03/26 23:00:00,Annual,Liquefied natural gas,Total,Million cubic metres,Netherlands,1995,0.000,,
ESTAT:NRG_TI_GAS(1.0),24/03/26 23:00:00,Annual,Liquefied natural gas,Total,Million cubic metres,Netherlands,1996,0.000,,
ESTAT:NRG_TI_GAS(1.0),24/03/26 23:00:00,Annual,Liquefied natural gas,Total,Million cubic metres,Netherlands,1997,0.000,,
ESTAT:NRG_TI_GAS(1.0),24/03/26 23:00:00,Annual,Liquefied natural gas,Total,Million cubic metres,Netherlands,1998,0.000,,
ESTAT:NRG_TI_GAS(1.0),24/03/26 23:00:00,Annual,Liquefied natural gas,Total,Million cubic metres,Netherlands,1999,0.000,,
ESTAT:NRG_TI_GAS(1.0),24/03/26 23:00:00,Annual,Liquefied natural gas,Total,Million cubic metres,Netherlands,2000,0.000,,
ESTAT:NRG_TI_GAS(1.0),24/03/26 23:00:00,Annual,Liquefied natural gas,Total,Million cubic metres,Netherlands,2001,0.000,,
ESTAT:NRG_TI_GAS(1.0),24/03/26 23:00:00,Annual,Liquefied natural gas,Total,Million cubic metres,Netherlands,2002,0.000,,
ESTAT:NRG_TI_GAS(1.0),24/03/26 23:00:00,Annual,Liquefied natural gas,Total,Million cubic metres,Netherlands,2003,0.000,,
ESTAT:NRG_TI_GAS(1.0),24/03/26 23:00:00,Annual,Liquefied natural gas,Total,Million cubic metres,Netherlands,2004,0.000,,
ESTAT:NRG_TI_GAS(1.0),24/03/26 23:00:00,Annual,Liquefied natural gas,Total,Million cubic metres,Netherlands,2005,0.000,,
ESTAT:NRG_TI_GAS(1.0),24/03/26 23:00:00,Annual,Liquefied natural gas,Total,Million cubic metres,Netherlands,2006,0.000,,
ESTAT:NRG_TI_GAS(1.0),24/03/26 23:00:00,Annual,Liquefied natural gas,Total,Million cubic metres,Netherlands,2007,0.000,,
ESTAT:NRG_TI_GAS(1.0),24/03/26 23:00:00,Annual,Liquefied natural gas,Total,Million cubic metres,Netherlands,2008,0.000,,
ESTAT:NRG_TI_GAS(1.0),24/03/26 23:00:00,Annual,Liquefied natural gas,Total,Million cubic metres,Netherlands,2009,0.000,,
ESTAT:NRG_TI_GAS(1.0),24/03/26 23:00:00,Annual,Liquefied natural gas,Total,Million cubic metres,Netherlands,2010,0.000,,
ESTAT:NRG_TI_GAS(1.0),24/03/26 23:00:00,Annual,Liquefied natural gas,Total,Million cubic metres,Netherlands,2011,0.000,,
ESTAT:NRG_TI_GAS(1.0),24/03/26 23:00:00,Annual,Liquefied natural gas,Total,Million cubic metres,Netherlands,2012,1014.000,,
ESTAT:NRG_TI_GAS(1.0),24/03/26 23:00:00,Annual,Liquefied natural gas,Total,Million cubic metres,Netherlands,2013,994.000,,
ESTAT:NRG_TI_GAS(1.0),24/03/26 23:00:00,Annual,Liquefied natural gas,Total,Million cubic metres,Netherlands,2014,1252.000,,
ESTAT:NRG_TI_GAS(1.0),24/03/26 23:00:00,Annual,Liquefied natural gas,Total,Million cubic metres,Netherlands,2015,963.155,,
ESTAT:NRG_TI_GAS(1.0),24/03/26 23:00:00,Annual,Liquefied natural gas,Total,Million cubic metres,Netherlands,2016,541.768,,
ESTAT:NRG_TI_GAS(1.0),24/03/26 23:00:00,Annual,Liquefied natural gas,Total,Million cubic metres,Netherlands,2017,987.632,,
ESTAT:NRG_TI_GAS(1.0),24/03/26 23:00:00,Annual,Liquefied natural gas,Total,Million cubic metres,Netherlands,2018,3260.083,,
ESTAT:NRG_TI_GAS(1.0),24/03/26 23:00:00,Annual,Liquefied natural gas,Total,Million cubic metres,Netherlands,2019,9398.122,,
ESTAT:NRG_TI_GAS(1.0),24/03/26 23:00:00,Annual,Liquefied natural gas,Total,Million cubic metres,Netherlands,2020,8662.974,,
ESTAT:NRG_TI_GAS(1.0),24/03/26 23:00:00,Annual,Liquefied natural gas,Total,Million cubic metres,Netherlands,2021,8941.581,,
ESTAT:NRG_TI_GAS(1.0),24/03/26 23:00:00,Annual,Liquefied natural gas,Total,Million cubic metres,Netherlands,2022,19197.988,,
ESTAT:NRG_TI_GAS(1.0),24/03/26 23:00:00,Annual,Liquefied natural gas,Total,Million cubic metres,Netherlands,2023,25287.862,,
ESTAT:NRG_TI_GAS(1.0),24/03/26 23:00:00,Annual,Liquefied natural gas,Total,Million cubic metres,Netherlands,2024,21172.591,,
ESTAT:NRG_TI_GAS(1.0),24/03/26 23:00:00,Annual,Liquefied natural gas,Total,Million cubic metres,Norway,1990,0.000,,
ESTAT:NRG_TI_GAS(1.0),24/03/26 23:00:00,Annual,Liquefied natural gas,Total,Million cubic metres,Norway,1991,0.000,,
ESTAT:NRG_TI_GAS(1.0),24/03/26 23:00:00,Annual,Liquefied natural gas,Total,Million cubic metres,Norway,1992,0.000,,
ESTAT:NRG_TI_GAS(1.0),24/03/26 23:00:00,Annual,Liquefied natural gas,Total,Million cubic metres,Norway,1993,0.000,,
ESTAT:NRG_TI_GAS(1.0),24/03/26 23:00:00,Annual,Liquefied natural gas,Total,Million cubic metres,Norway,1994,0.000,,
ESTAT:NRG_TI_GAS(1.0),24/03/26 23:00:00,Annual,Liquefied natural gas,Total,Million cubic metres,Norway,1995,0.000,,
ESTAT:NRG_TI_GAS(1.0),24/03/26 23:00:00,Annual,Liquefied natural gas,Total,Million cubic metres,Norway,1996,0.000,,
ESTAT:NRG_TI_GAS(1.0),24/03/26 23:00:00,Annual,Liquefied natural gas,Total,Million cubic metres,Norway,1997,0.000,,
ESTAT:NRG_TI_GAS(1.0),24/03/26 23:00:00,Annual,Liquefied natural gas,Total,Million cubic metres,Norway,1998,0.000,,
ESTAT:NRG_TI_GAS(1.0),24/03/26 23:00:00,Annual,Liquefied natural gas,Total,Million cubic metres,Norway,1999,0.000,,
ESTAT:NRG_TI_GAS(1.0),24/03/26 23:00:00,Annual,Liquefied natural gas,Total,Million cubic metres,Norway,2000,0.000,,
ESTAT:NRG_TI_GAS(1.0),24/03/26 23:00:00,Annual,Liquefied natural gas,Total,Million cubic metres,Norway,2001,0.000,,
ESTAT:NRG_TI_GAS(1.0),24/03/26 23:00:00,Annual,Liquefied natural gas,Total,Million cubic metres,Norway,2002,0.000,,
ESTAT:NRG_TI_GAS(1.0),24/03/26 23:00:00,Annual,Liquefied natural gas,Total,Million cubic metres,Norway,2003,0.000,,
ESTAT:NRG_TI_GAS(1.0),24/03/26 23:00:00,Annual,Liquefied natural gas,Total,Million cubic metres,Norway,2004,0.000,,
ESTAT:NRG_TI_GAS(1.0),24/03/26 23:00:00,Annual,Liquefied natural gas,Total,Million cubic metres,Norway,2005,0.000,,
ESTAT:NRG_TI_GAS(1.0),24/03/26 23:00:00,Annual,Liquefied natural gas,Total,Million cubic metres,Norway,2006,0.000,,
ESTAT:NRG_TI_GAS(1.0),24/03/26 23:00:00,Annual,Liquefied natural gas,Total,Million cubic metres,Norway,2007,0.000,,
ESTAT:NRG_TI_GAS(1.0),24/03/26 23:00:00,Annual,Liquefied natural gas,Total,Million cubic metres,Norway,2008,0.000,,
ESTAT:NRG_TI_GAS(1.0),24/03/26 23:00:00,Annual,Liquefied natural gas,Total,Million cubic metres,Norway,2009,0.000,,
ESTAT:NRG_TI_GAS(1.0),24/03/26 23:00:00,Annual,Liquefied natural gas,Total,Million cubic metres,Norway,2010,6.000,,
ESTAT:NRG_TI_GAS(1.0),24/03/26 23:00:00,Annual,Liquefied natural gas,Total,Million cubic metres,Norway,2011,1.000,,
ESTAT:NRG_TI_GAS(1.0),24/03/26 23:00:00,Annual,Liquefied natural gas,Total,Million cubic metres,Norway,2012,3.302,,
ESTAT:NRG_TI_GAS(1.0),24/03/26 23:00:00,Annual,Liquefied natural gas,Total,Million cubic metres,Norway,2013,0.091,,
ESTAT:NRG_TI_GAS(1.0),24/03/26 23:00:00,Annual,Liquefied natural gas,Total,Million cubic metres,Norway,2014,1.148,,
ESTAT:NRG_TI_GAS(1.0),24/03/26 23:00:00,Annual,Liquefied natural gas,Total,Million cubic metres,Norway,2015,17.423,,
ESTAT:NRG_TI_GAS(1.0),24/03/26 23:00:00,Annual,Liquefied natural gas,Total,Million cubic metres,Norway,2016,45.314,,
ESTAT:NRG_TI_GAS(1.0),24/03/26 23:00:00,Annual,Liquefied natural gas,Total,Million cubic metres,Norway,2017,30.602,,
ESTAT:NRG_TI_GAS(1.0),24/03/26 23:00:00,Annual,Liquefied natural gas,Total,Million cubic metres,Norway,2018,9.191,,
ESTAT:NRG_TI_GAS(1.0),24/03/26 23:00:00,Annual,Liquefied natural gas,Total,Million cubic metres,Norway,2019,26.913,,
ESTAT:NRG_TI_GAS(1.0),24/03/26 23:00:00,Annual,Liquefied natural gas,Total,Million cubic metres,Norway,2020,33.822,,
ESTAT:NRG_TI_GAS(1.0),24/03/26 23:00:00,Annual,Liquefied natural gas,Total,Million cubic metres,Norway,2021,160.325,,
ESTAT:NRG_TI_GAS(1.0),24/03/26 23:00:00,Annual,Liquefied natural gas,Total,Million cubic metres,Norway,2022,67.806,,
ESTAT:NRG_TI_GAS(1.0),24/03/26 23:00:00,Annual,Liquefied natural gas,Total,Million cubic metres,Norway,2023,102.588,,
ESTAT:NRG_TI_GAS(1.0),24/03/26 23:00:00,Annual,Liquefied natural gas,Total,Million cubic metres,Norway,2024,75.775,,
ESTAT:NRG_TI_GAS(1.0),24/03/26 23:00:00,Annual,Liquefied natural gas,Total,Million cubic metres,Poland,1990,0.000,,
ESTAT:NRG_TI_GAS(1.0),24/03/26 23:00:00,Annual,Liquefied natural gas,Total,Million cubic metres,Poland,1991,0.000,,
ESTAT:NRG_TI_GAS(1.0),24/03/26 23:00:00,Annual,Liquefied natural gas,Total,Million cubic metres,Poland,1992,0.000,,
ESTAT:NRG_TI_GAS(1.0),24/03/26 23:00:00,Annual,Liquefied natural gas,Total,Million cubic metres,Poland,1993,0.000,,
ESTAT:NRG_TI_GAS(1.0),24/03/26 23:00:00,Annual,Liquefied natural gas,Total,Million cubic metres,Poland,1994,0.000,,
ESTAT:NRG_TI_GAS(1.0),24/03/26 23:00:00,Annual,Liquefied natural gas,Total,Million cubic metres,Poland,1995,0.000,,
ESTAT:NRG_TI_GAS(1.0),24/03/26 23:00:00,Annual,Liquefied natural gas,Total,Million cubic metres,Poland,1996,0.000,,
ESTAT:NRG_TI_GAS(1.0),24/03/26 23:00:00,Annual,Liquefied natural gas,Total,Million cubic metres,Poland,1997,0.000,,
ESTAT:NRG_TI_GAS(1.0),24/03/26 23:00:00,Annual,Liquefied natural gas,Total,Million cubic metres,Poland,1998,0.000,,
ESTAT:NRG_TI_GAS(1.0),24/03/26 23:00:00,Annual,Liquefied natural gas,Total,Million cubic metres,Poland,1999,0.000,,
ESTAT:NRG_TI_GAS(1.0),24/03/26 23:00:00,Annual,Liquefied natural gas,Total,Million cubic metres,Poland,2000,0.000,,
ESTAT:NRG_TI_GAS(1.0),24/03/26 23:00:00,Annual,Liquefied natural gas,Total,Million cubic metres,Poland,2001,0.000,,
ESTAT:NRG_TI_GAS(1.0),24/03/26 23:00:00,Annual,Liquefied natural gas,Total,Million cubic metres,Poland,2002,0.000,,
ESTAT:NRG_TI_GAS(1.0),24/03/26 23:00:00,Annual,Liquefied natural gas,Total,Million cubic metres,Poland,2003,0.000,,
ESTAT:NRG_TI_GAS(1.0),24/03/26 23:00:00,Annual,Liquefied natural gas,Total,Million cubic metres,Poland,2004,0.000,,
ESTAT:NRG_TI_GAS(1.0),24/03/26 23:00:00,Annual,Liquefied natural gas,Total,Million cubic metres,Poland,2005,0.000,,
ESTAT:NRG_TI_GAS(1.0),24/03/26 23:00:00,Annual,Liquefied natural gas,Total,Million cubic metres,Poland,2006,0.000,,
ESTAT:NRG_TI_GAS(1.0),24/03/26 23:00:00,Annual,Liquefied natural gas,Total,Million cubic metres,Poland,2007,0.000,,
ESTAT:NRG_TI_GAS(1.0),24/03/26 23:00:00,Annual,Liquefied natural gas,Total,Million cubic metres,Poland,2008,0.000,,
ESTAT:NRG_TI_GAS(1.0),24/03/26 23:00:00,Annual,Liquefied natural gas,Total,Million cubic metres,Poland,2009,0.000,,
ESTAT:NRG_TI_GAS(1.0),24/03/26 23:00:00,Annual,Liquefied natural gas,Total,Million cubic metres,Poland,2010,3.000,,
ESTAT:NRG_TI_GAS(1.0),24/03/26 23:00:00,Annual,Liquefied natural gas,Total,Million cubic metres,Poland,2011,3.000,,
ESTAT:NRG_TI_GAS(1.0),24/03/26 23:00:00,Annual,Liquefied natural gas,Total,Million cubic metres,Poland,2012,5.000,,
ESTAT:NRG_TI_GAS(1.0),24/03/26 23:00:00,Annual,Liquefied natural gas,Total,Million cubic metres,Poland,2013,7.000,,
ESTAT:NRG_TI_GAS(1.0),24/03/26 23:00:00,Annual,Liquefied natural gas,Total,Million cubic metres,Poland,2014,20.000,,
ESTAT:NRG_TI_GAS(1.0),24/03/26 23:00:00,Annual,Liquefied natural gas,Total,Million cubic metres,Poland,2015,160.000,,
ESTAT:NRG_TI_GAS(1.0),24/03/26 23:00:00,Annual,Liquefied natural gas,Total,Million cubic metres,Poland,2016,1135.000,,
ESTAT:NRG_TI_GAS(1.0),24/03/26 23:00:00,Annual,Liquefied natural gas,Total,Million cubic metres,Poland,2017,1752.561,,
ESTAT:NRG_TI_GAS(1.0),24/03/26 23:00:00,Annual,Liquefied natural gas,Total,Million cubic metres,Poland,2018,2745.785,,
ESTAT:NRG_TI_GAS(1.0),24/03/26 23:00:00,Annual,Liquefied natural gas,Total,Million cubic metres,Poland,2019,3480.485,,
ESTAT:NRG_TI_GAS(1.0),24/03/26 23:00:00,Annual,Liquefied natural gas,Total,Million cubic metres,Poland,2020,3830.201,,
ESTAT:NRG_TI_GAS(1.0),24/03/26 23:00:00,Annual,Liquefied natural gas,Total,Million cubic metres,Poland,2021,4061.808,,
ESTAT:NRG_TI_GAS(1.0),24/03/26 23:00:00,Annual,Liquefied natural gas,Total,Million cubic metres,Poland,2022,6184.011,,
ESTAT:NRG_TI_GAS(1.0),24/03/26 23:00:00,Annual,Liquefied natural gas,Total,Million cubic metres,Poland,2023,6688.772,,
ESTAT:NRG_TI_GAS(1.0),24/03/26 23:00:00,Annual,Liquefied natural gas,Total,Million cubic metres,Poland,2024,6511.152,,
ESTAT:NRG_TI_GAS(1.0),24/03/26 23:00:00,Annual,Liquefied natural gas,Total,Million cubic metres,Portugal,1990,0.000,,
ESTAT:NRG_TI_GAS(1.0),24/03/26 23:00:00,Annual,Liquefied natural gas,Total,Million cubic metres,Portugal,1991,0.000,,
ESTAT:NRG_TI_GAS(1.0),24/03/26 23:00:00,Annual,Liquefied natural gas,Total,Million cubic metres,Portugal,1992,0.000,,
ESTAT:NRG_TI_GAS(1.0),24/03/26 23:00:00,Annual,Liquefied natural gas,Total,Million cubic metres,Portugal,1993,0.000,,
ESTAT:NRG_TI_GAS(1.0),24/03/26 23:00:00,Annual,Liquefied natural gas,Total,Million cubic metres,Portugal,1994,0.000,,
ESTAT:NRG_TI_GAS(1.0),24/03/26 23:00:00,Annual,Liquefied natural gas,Total,Million cubic metres,Portugal,1995,0.000,,
ESTAT:NRG_TI_GAS(1.0),24/03/26 23:00:00,Annual,Liquefied natural gas,Total,Million cubic metres,Portugal,1996,0.000,,
ESTAT:NRG_TI_GAS(1.0),24/03/26 23:00:00,Annual,Liquefied natural gas,Total,Million cubic metres,Portugal,1997,0.000,,
ESTAT:NRG_TI_GAS(1.0),24/03/26 23:00:00,Annual,Liquefied natural gas,Total,Million cubic metres,Portugal,1998,0.000,,
ESTAT:NRG_TI_GAS(1.0),24/03/26 23:00:00,Annual,Liquefied natural gas,Total,Million cubic metres,Portugal,1999,0.000,,
ESTAT:NRG_TI_GAS(1.0),24/03/26 23:00:00,Annual,Liquefied natural gas,Total,Million cubic metres,Portugal,2000,303.000,,
ESTAT:NRG_TI_GAS(1.0),24/03/26 23:00:00,Annual,Liquefied natural gas,Total,Million cubic metres,Portugal,2001,283.000,,
ESTAT:NRG_TI_GAS(1.0),24/03/26 23:00:00,Annual,Liquefied natural gas,Total,Million cubic metres,Portugal,2002,414.000,,
ESTAT:NRG_TI_GAS(1.0),24/03/26 23:00:00,Annual,Liquefied natural gas,Total,Million cubic metres,Portugal,2003,545.000,,
ESTAT:NRG_TI_GAS(1.0),24/03/26 23:00:00,Annual,Liquefied natural gas,Total,Million cubic metres,Portugal,2004,1384.000,,
ESTAT:NRG_TI_GAS(1.0),24/03/26 23:00:00,Annual,Liquefied natural gas,Total,Million cubic metres,Portugal,2005,1703.000,,
ESTAT:NRG_TI_GAS(1.0),24/03/26 23:00:00,Annual,Liquefied natural gas,Total,Million cubic metres,Portugal,2006,2080.000,,
ESTAT:NRG_TI_GAS(1.0),24/03/26 23:00:00,Annual,Liquefied natural gas,Total,Million cubic metres,Portugal,2007,2849.000,,
ESTAT:NRG_TI_GAS(1.0),24/03/26 23:00:00,Annual,Liquefied natural gas,Total,Million cubic metres,Portugal,2008,2727.000,,
ESTAT:NRG_TI_GAS(1.0),24/03/26 23:00:00,Annual,Liquefied natural gas,Total,Million cubic metres,Portugal,2009,2686.000,,
ESTAT:NRG_TI_GAS(1.0),24/03/26 23:00:00,Annual,Liquefied natural gas,Total,Million cubic metres,Portugal,2010,2834.000,,
ESTAT:NRG_TI_GAS(1.0),24/03/26 23:00:00,Annual,Liquefied natural gas,Total,Million cubic metres,Portugal,2011,2868.000,,
ESTAT:NRG_TI_GAS(1.0),24/03/26 23:00:00,Annual,Liquefied natural gas,Total,Million cubic metres,Portugal,2012,2220.000,,
ESTAT:NRG_TI_GAS(1.0),24/03/26 23:00:00,Annual,Liquefied natural gas,Total,Million cubic metres,Portugal,2013,1887.000,,
ESTAT:NRG_TI_GAS(1.0),24/03/26 23:00:00,Annual,Liquefied natural gas,Total,Million cubic metres,Portugal,2014,1241.000,,
ESTAT:NRG_TI_GAS(1.0),24/03/26 23:00:00,Annual,Liquefied natural gas,Total,Million cubic metres,Portugal,2015,1539.000,,
ESTAT:NRG_TI_GAS(1.0),24/03/26 23:00:00,Annual,Liquefied natural gas,Total,Million cubic metres,Portugal,2016,1608.000,,
ESTAT:NRG_TI_GAS(1.0),24/03/26 23:00:00,Annual,Liquefied natural gas,Total,Million cubic metres,Portugal,2017,3687.802,,
ESTAT:NRG_TI_GAS(1.0),24/03/26 23:00:00,Annual,Liquefied natural gas,Total,Million cubic metres,Portugal,2018,3843.075,,
ESTAT:NRG_TI_GAS(1.0),24/03/26 23:00:00,Annual,Liquefied natural gas,Total,Million cubic metres,Portugal,2019,5582.491,,
ESTAT:NRG_TI_GAS(1.0),24/03/26 23:00:00,Annual,Liquefied natural gas,Total,Million cubic metres,Portugal,2020,5456.433,,
ESTAT:NRG_TI_GAS(1.0),24/03/26 23:00:00,Annual,Liquefied natural gas,Total,Million cubic metres,Portugal,2021,5605.938,,
ESTAT:NRG_TI_GAS(1.0),24/03/26 23:00:00,Annual,Liquefied natural gas,Total,Million cubic metres,Portugal,2022,5699.600,,
ESTAT:NRG_TI_GAS(1.0),24/03/26 23:00:00,Annual,Liquefied natural gas,Total,Million cubic metres,Portugal,2023,4332.600,,
ESTAT:NRG_TI_GAS(1.0),24/03/26 23:00:00,Annual,Liquefied natural gas,Total,Million cubic metres,Portugal,2024,3606.095,,
ESTAT:NRG_TI_GAS(1.0),24/03/26 23:00:00,Annual,Liquefied natural gas,Total,Million cubic metres,Romania,1990,0.000,,
ESTAT:NRG_TI_GAS(1.0),24/03/26 23:00:00,Annual,Liquefied natural gas,Total,Million cubic metres,Romania,1991,0.000,,
ESTAT:NRG_TI_GAS(1.0),24/03/26 23:00:00,Annual,Liquefied natural gas,Total,Million cubic metres,Romania,1992,0.000,,
ESTAT:NRG_TI_GAS(1.0),24/03/26 23:00:00,Annual,Liquefied natural gas,Total,Million cubic metres,Romania,1993,0.000,,
ESTAT:NRG_TI_GAS(1.0),24/03/26 23:00:00,Annual,Liquefied natural gas,Total,Million cubic metres,Romania,1994,0.000,,
ESTAT:NRG_TI_GAS(1.0),24/03/26 23:00:00,Annual,Liquefied natural gas,Total,Million cubic metres,Romania,1995,0.000,,
ESTAT:NRG_TI_GAS(1.0),24/03/26 23:00:00,Annual,Liquefied natural gas,Total,Million cubic metres,Romania,1996,0.000,,
ESTAT:NRG_TI_GAS(1.0),24/03/26 23:00:00,Annual,Liquefied natural gas,Total,Million cubic metres,Romania,1997,0.000,,
ESTAT:NRG_TI_GAS(1.0),24/03/26 23:00:00,Annual,Liquefied natural gas,Total,Million cubic metres,Romania,1998,0.000,,
ESTAT:NRG_TI_GAS(1.0),24/03/26 23:00:00,Annual,Liquefied natural gas,Total,Million cubic metres,Romania,1999,0.000,,
ESTAT:NRG_TI_GAS(1.0),24/03/26 23:00:00,Annual,Liquefied natural gas,Total,Million cubic metres,Romania,2000,0.000,,
ESTAT:NRG_TI_GAS(1.0),24/03/26 23:00:00,Annual,Liquefied natural gas,Total,Million cubic metres,Romania,2001,0.000,,
ESTAT:NRG_TI_GAS(1.0),24/03/26 23:00:00,Annual,Liquefied natural gas,Total,Million cubic metres,Romania,2002,0.000,,
ESTAT:NRG_TI_GAS(1.0),24/03/26 23:00:00,Annual,Liquefied natural gas,Total,Million cubic metres,Romania,2003,0.000,,
ESTAT:NRG_TI_GAS(1.0),24/03/26 23:00:00,Annual,Liquefied natural gas,Total,Million cubic metres,Romania,2004,0.000,,
ESTAT:NRG_TI_GAS(1.0),24/03/26 23:00:00,Annual,Liquefied natural gas,Total,Million cubic metres,Romania,2005,0.000,,
ESTAT:NRG_TI_GAS(1.0),24/03/26 23:00:00,Annual,Liquefied natural gas,Total,Million cubic metres,Romania,2006,0.000,,
ESTAT:NRG_TI_GAS(1.0),24/03/26 23:00:00,Annual,Liquefied natural gas,Total,Million cubic metres,Romania,2007,0.000,,
ESTAT:NRG_TI_GAS(1.0),24/03/26 23:00:00,Annual,Liquefied natural gas,Total,Million cubic metres,Romania,2008,0.000,,
ESTAT:NRG_TI_GAS(1.0),24/03/26 23:00:00,Annual,Liquefied natural gas,Total,Million cubic metres,Romania,2009,0.000,,
ESTAT:NRG_TI_GAS(1.0),24/03/26 23:00:00,Annual,Liquefied natural gas,Total,Million cubic metres,Romania,2010,0.000,,
ESTAT:NRG_TI_GAS(1.0),24/03/26 23:00:00,Annual,Liquefied natural gas,Total,Million cubic metres,Romania,2011,0.000,,
ESTAT:NRG_TI_GAS(1.0),24/03/26 23:00:00,Annual,Liquefied natural gas,Total,Million cubic metres,Romania,2012,0.000,,
ESTAT:NRG_TI_GAS(1.0),24/03/26 23:00:00,Annual,Liquefied natural gas,Total,Million cubic metres,Romania,2013,0.000,,
ESTAT:NRG_TI_GAS(1.0),24/03/26 23:00:00,Annual,Liquefied natural gas,Total,Million cubic metres,Romania,2014,0.000,,
ESTAT:NRG_TI_GAS(1.0),24/03/26 23:00:00,Annual,Liquefied natural gas,Total,Million cubic metres,Romania,2015,0.000,,
ESTAT:NRG_TI_GAS(1.0),24/03/26 23:00:00,Annual,Liquefied natural gas,Total,Million cubic metres,Romania,2016,0.000,,
ESTAT:NRG_TI_GAS(1.0),24/03/26 23:00:00,Annual,Liquefied natural gas,Total,Million cubic metres,Romania,2017,0.000,,
ESTAT:NRG_TI_GAS(1.0),24/03/26 23:00:00,Annual,Liquefied natural gas,Total,Million cubic metres,Romania,2018,0.000,,
ESTAT:NRG_TI_GAS(1.0),24/03/26 23:00:00,Annual,Liquefied natural gas,Total,Million cubic metres,Romania,2019,0.000,,
ESTAT:NRG_TI_GAS(1.0),24/03/26 23:00:00,Annual,Liquefied natural gas,Total,Million cubic metres,Romania,2020,0.000,,
ESTAT:NRG_TI_GAS(1.0),24/03/26 23:00:00,Annual,Liquefied natural gas,Total,Million cubic metres,Romania,2021,0.000,,
ESTAT:NRG_TI_GAS(1.0),24/03/26 23:00:00,Annual,Liquefied natural gas,Total,Million cubic metres,Romania,2022,0.000,,
ESTAT:NRG_TI_GAS(1.0),24/03/26 23:00:00,Annual,Liquefied natural gas,Total,Million cubic metres,Romania,2023,0.000,,
ESTAT:NRG_TI_GAS(1.0),24/03/26 23:00:00,Annual,Liquefied natural gas,Total,Million cubic metres,Romania,2024,0.000,,
ESTAT:NRG_TI_GAS(1.0),24/03/26 23:00:00,Annual,Liquefied natural gas,Total,Million cubic metres,Serbia,1990,0.000,,
ESTAT:NRG_TI_GAS(1.0),24/03/26 23:00:00,Annual,Liquefied natural gas,Total,Million cubic metres,Serbia,1991,0.000,,
ESTAT:NRG_TI_GAS(1.0),24/03/26 23:00:00,Annual,Liquefied natural gas,Total,Million cubic metres,Serbia,1992,0.000,,
ESTAT:NRG_TI_GAS(1.0),24/03/26 23:00:00,Annual,Liquefied natural gas,Total,Million cubic metres,Serbia,1993,0.000,,
ESTAT:NRG_TI_GAS(1.0),24/03/26 23:00:00,Annual,Liquefied natural gas,Total,Million cubic metres,Serbia,1994,0.000,,
ESTAT:NRG_TI_GAS(1.0),24/03/26 23:00:00,Annual,Liquefied natural gas,Total,Million cubic metres,Serbia,1995,0.000,,
ESTAT:NRG_TI_GAS(1.0),24/03/26 23:00:00,Annual,Liquefied natural gas,Total,Million cubic metres,Serbia,1996,0.000,,
ESTAT:NRG_TI_GAS(1.0),24/03/26 23:00:00,Annual,Liquefied natural gas,Total,Million cubic metres,Serbia,1997,0.000,,
ESTAT:NRG_TI_GAS(1.0),24/03/26 23:00:00,Annual,Liquefied natural gas,Total,Million cubic metres,Serbia,1998,0.000,,
ESTAT:NRG_TI_GAS(1.0),24/03/26 23:00:00,Annual,Liquefied natural gas,Total,Million cubic metres,Serbia,1999,0.000,,
ESTAT:NRG_TI_GAS(1.0),24/03/26 23:00:00,Annual,Liquefied natural gas,Total,Million cubic metres,Serbia,2000,0.000,,
ESTAT:NRG_TI_GAS(1.0),24/03/26 23:00:00,Annual,Liquefied natural gas,Total,Million cubic metres,Serbia,2001,0.000,,
ESTAT:NRG_TI_GAS(1.0),24/03/26 23:00:00,Annual,Liquefied natural gas,Total,Million cubic metres,Serbia,2002,0.000,,
ESTAT:NRG_TI_GAS(1.0),24/03/26 23:00:00,Annual,Liquefied natural gas,Total,Million cubic metres,Serbia,2003,0.000,,
ESTAT:NRG_TI_GAS(1.0),24/03/26 23:00:00,Annual,Liquefied natural gas,Total,Million cubic metres,Serbia,2004,0.000,,
ESTAT:NRG_TI_GAS(1.0),24/03/26 23:00:00,Annual,Liquefied natural gas,Total,Million cubic metres,Serbia,2005,0.000,,
ESTAT:NRG_TI_GAS(1.0),24/03/26 23:00:00,Annual,Liquefied natural gas,Total,Million cubic metres,Serbia,2006,0.000,,
ESTAT:NRG_TI_GAS(1.0),24/03/26 23:00:00,Annual,Liquefied natural gas,Total,Million cubic metres,Serbia,2007,0.000,,
ESTAT:NRG_TI_GAS(1.0),24/03/26 23:00:00,Annual,Liquefied natural gas,Total,Million cubic metres,Serbia,2008,0.000,,
ESTAT:NRG_TI_GAS(1.0),24/03/26 23:00:00,Annual,Liquefied natural gas,Total,Million cubic metres,Serbia,2009,0.000,,
ESTAT:NRG_TI_GAS(1.0),24/03/26 23:00:00,Annual,Liquefied natural gas,Total,Million cubic metres,Serbia,2010,0.000,,
ESTAT:NRG_TI_GAS(1.0),24/03/26 23:00:00,Annual,Liquefied natural gas,Total,Million cubic metres,Serbia,2011,0.000,,
ESTAT:NRG_TI_GAS(1.0),24/03/26 23:00:00,Annual,Liquefied natural gas,Total,Million cubic metres,Serbia,2012,0.000,,
ESTAT:NRG_TI_GAS(1.0),24/03/26 23:00:00,Annual,Liquefied natural gas,Total,Million cubic metres,Serbia,2013,0.000,,
ESTAT:NRG_TI_GAS(1.0),24/03/26 23:00:00,Annual,Liquefied natural gas,Total,Million cubic metres,Serbia,2014,0.000,,
ESTAT:NRG_TI_GAS(1.0),24/03/26 23:00:00,Annual,Liquefied natural gas,Total,Million cubic metres,Serbia,2015,0.000,,
ESTAT:NRG_TI_GAS(1.0),24/03/26 23:00:00,Annual,Liquefied natural gas,Total,Million cubic metres,Serbia,2016,0.000,,
ESTAT:NRG_TI_GAS(1.0),24/03/26 23:00:00,Annual,Liquefied natural gas,Total,Million cubic metres,Serbia,2017,0.000,,
ESTAT:NRG_TI_GAS(1.0),24/03/26 23:00:00,Annual,Liquefied natural gas,Total,Million cubic metres,Serbia,2018,0.000,,
ESTAT:NRG_TI_GAS(1.0),24/03/26 23:00:00,Annual,Liquefied natural gas,Total,Million cubic metres,Serbia,2019,0.000,,
ESTAT:NRG_TI_GAS(1.0),24/03/26 23:00:00,Annual,Liquefied natural gas,Total,Million cubic metres,Serbia,2020,0.000,,
ESTAT:NRG_TI_GAS(1.0),24/03/26 23:00:00,Annual,Liquefied natural gas,Total,Million cubic metres,Serbia,2021,0.000,,
ESTAT:NRG_TI_GAS(1.0),24/03/26 23:00:00,Annual,Liquefied natural gas,Total,Million cubic metres,Serbia,2022,0.000,,
ESTAT:NRG_TI_GAS(1.0),24/03/26 23:00:00,Annual,Liquefied natural gas,Total,Million cubic metres,Serbia,2023,0.000,,
ESTAT:NRG_TI_GAS(1.0),24/03/26 23:00:00,Annual,Liquefied natural gas,Total,Million cubic metres,Serbia,2024,0.000,,
ESTAT:NRG_TI_GAS(1.0),24/03/26 23:00:00,Annual,Liquefied natural gas,Total,Million cubic metres,Sweden,1990,0.000,,
ESTAT:NRG_TI_GAS(1.0),24/03/26 23:00:00,Annual,Liquefied natural gas,Total,Million cubic metres,Sweden,1991,0.000,,
ESTAT:NRG_TI_GAS(1.0),24/03/26 23:00:00,Annual,Liquefied natural gas,Total,Million cubic metres,Sweden,1992,0.000,,
ESTAT:NRG_TI_GAS(1.0),24/03/26 23:00:00,Annual,Liquefied natural gas,Total,Million cubic metres,Sweden,1993,0.000,,
ESTAT:NRG_TI_GAS(1.0),24/03/26 23:00:00,Annual,Liquefied natural gas,Total,Million cubic metres,Sweden,1994,0.000,,
ESTAT:NRG_TI_GAS(1.0),24/03/26 23:00:00,Annual,Liquefied natural gas,Total,Million cubic metres,Sweden,1995,0.000,,
ESTAT:NRG_TI_GAS(1.0),24/03/26 23:00:00,Annual,Liquefied natural gas,Total,Million cubic metres,Sweden,1996,0.000,,
ESTAT:NRG_TI_GAS(1.0),24/03/26 23:00:00,Annual,Liquefied natural gas,Total,Million cubic metres,Sweden,1997,0.000,,
ESTAT:NRG_TI_GAS(1.0),24/03/26 23:00:00,Annual,Liquefied natural gas,Total,Million cubic metres,Sweden,1998,0.000,,
ESTAT:NRG_TI_GAS(1.0),24/03/26 23:00:00,Annual,Liquefied natural gas,Total,Million cubic metres,Sweden,1999,0.000,,
ESTAT:NRG_TI_GAS(1.0),24/03/26 23:00:00,Annual,Liquefied natural gas,Total,Million cubic metres,Sweden,2000,0.000,,
ESTAT:NRG_TI_GAS(1.0),24/03/26 23:00:00,Annual,Liquefied natural gas,Total,Million cubic metres,Sweden,2001,0.000,,
ESTAT:NRG_TI_GAS(1.0),24/03/26 23:00:00,Annual,Liquefied natural gas,Total,Million cubic metres,Sweden,2002,0.000,,
ESTAT:NRG_TI_GAS(1.0),24/03/26 23:00:00,Annual,Liquefied natural gas,Total,Million cubic metres,Sweden,2003,0.000,,
ESTAT:NRG_TI_GAS(1.0),24/03/26 23:00:00,Annual,Liquefied natural gas,Total,Million cubic metres,Sweden,2004,0.000,,
ESTAT:NRG_TI_GAS(1.0),24/03/26 23:00:00,Annual,Liquefied natural gas,Total,Million cubic metres,Sweden,2005,0.000,,
ESTAT:NRG_TI_GAS(1.0),24/03/26 23:00:00,Annual,Liquefied natural gas,Total,Million cubic metres,Sweden,2006,0.000,,
ESTAT:NRG_TI_GAS(1.0),24/03/26 23:00:00,Annual,Liquefied natural gas,Total,Million cubic metres,Sweden,2007,0.000,,
ESTAT:NRG_TI_GAS(1.0),24/03/26 23:00:00,Annual,Liquefied natural gas,Total,Million cubic metres,Sweden,2008,0.000,,
ESTAT:NRG_TI_GAS(1.0),24/03/26 23:00:00,Annual,Liquefied natural gas,Total,Million cubic metres,Sweden,2009,0.000,,
ESTAT:NRG_TI_GAS(1.0),24/03/26 23:00:00,Annual,Liquefied natural gas,Total,Million cubic metres,Sweden,2010,0.000,,
ESTAT:NRG_TI_GAS(1.0),24/03/26 23:00:00,Annual,Liquefied natural gas,Total,Million cubic metres,Sweden,2011,6.000,,
ESTAT:NRG_TI_GAS(1.0),24/03/26 23:00:00,Annual,Liquefied natural gas,Total,Million cubic metres,Sweden,2012,0.000,,
ESTAT:NRG_TI_GAS(1.0),24/03/26 23:00:00,Annual,Liquefied natural gas,Total,Million cubic metres,Sweden,2013,0.000,,
ESTAT:NRG_TI_GAS(1.0),24/03/26 23:00:00,Annual,Liquefied natural gas,Total,Million cubic metres,Sweden,2014,0.000,,
ESTAT:NRG_TI_GAS(1.0),24/03/26 23:00:00,Annual,Liquefied natural gas,Total,Million cubic metres,Sweden,2015,0.000,,
ESTAT:NRG_TI_GAS(1.0),24/03/26 23:00:00,Annual,Liquefied natural gas,Total,Million cubic metres,Sweden,2016,0.000,,
ESTAT:NRG_TI_GAS(1.0),24/03/26 23:00:00,Annual,Liquefied natural gas,Total,Million cubic metres,Sweden,2017,314.000,,
ESTAT:NRG_TI_GAS(1.0),24/03/26 23:00:00,Annual,Liquefied natural gas,Total,Million cubic metres,Sweden,2018,339.000,,
ESTAT:NRG_TI_GAS(1.0),24/03/26 23:00:00,Annual,Liquefied natural gas,Total,Million cubic metres,Sweden,2019,300.273,,
ESTAT:NRG_TI_GAS(1.0),24/03/26 23:00:00,Annual,Liquefied natural gas,Total,Million cubic metres,Sweden,2020,693.839,,
ESTAT:NRG_TI_GAS(1.0),24/03/26 23:00:00,Annual,Liquefied natural gas,Total,Million cubic metres,Sweden,2021,409.336,,
ESTAT:NRG_TI_GAS(1.0),24/03/26 23:00:00,Annual,Liquefied natural gas,Total,Million cubic metres,Sweden,2022,184.410,,
ESTAT:NRG_TI_GAS(1.0),24/03/26 23:00:00,Annual,Liquefied natural gas,Total,Million cubic metres,Sweden,2023,359.375,,
ESTAT:NRG_TI_GAS(1.0),24/03/26 23:00:00,Annual,Liquefied natural gas,Total,Million cubic metres,Sweden,2024,331.683,,
ESTAT:NRG_TI_GAS(1.0),24/03/26 23:00:00,Annual,Liquefied natural gas,Total,Million cubic metres,Slovenia,1990,0.000,,
ESTAT:NRG_TI_GAS(1.0),24/03/26 23:00:00,Annual,Liquefied natural gas,Total,Million cubic metres,Slovenia,1991,0.000,,
ESTAT:NRG_TI_GAS(1.0),24/03/26 23:00:00,Annual,Liquefied natural gas,Total,Million cubic metres,Slovenia,1992,0.000,,
ESTAT:NRG_TI_GAS(1.0),24/03/26 23:00:00,Annual,Liquefied natural gas,Total,Million cubic metres,Slovenia,1993,0.000,,
ESTAT:NRG_TI_GAS(1.0),24/03/26 23:00:00,Annual,Liquefied natural gas,Total,Million cubic metres,Slovenia,1994,0.000,,
ESTAT:NRG_TI_GAS(1.0),24/03/26 23:00:00,Annual,Liquefied natural gas,Total,Million cubic metres,Slovenia,1995,0.000,,
ESTAT:NRG_TI_GAS(1.0),24/03/26 23:00:00,Annual,Liquefied natural gas,Total,Million cubic metres,Slovenia,1996,0.000,,
ESTAT:NRG_TI_GAS(1.0),24/03/26 23:00:00,Annual,Liquefied natural gas,Total,Million cubic metres,Slovenia,1997,0.000,,
ESTAT:NRG_TI_GAS(1.0),24/03/26 23:00:00,Annual,Liquefied natural gas,Total,Million cubic metres,Slovenia,1998,0.000,,
ESTAT:NRG_TI_GAS(1.0),24/03/26 23:00:00,Annual,Liquefied natural gas,Total,Million cubic metres,Slovenia,1999,0.000,,
ESTAT:NRG_TI_GAS(1.0),24/03/26 23:00:00,Annual,Liquefied natural gas,Total,Million cubic metres,Slovenia,2000,0.000,,
ESTAT:NRG_TI_GAS(1.0),24/03/26 23:00:00,Annual,Liquefied natural gas,Total,Million cubic metres,Slovenia,2001,0.000,,
ESTAT:NRG_TI_GAS(1.0),24/03/26 23:00:00,Annual,Liquefied natural gas,Total,Million cubic metres,Slovenia,2002,0.000,,
ESTAT:NRG_TI_GAS(1.0),24/03/26 23:00:00,Annual,Liquefied natural gas,Total,Million cubic metres,Slovenia,2003,0.000,,
ESTAT:NRG_TI_GAS(1.0),24/03/26 23:00:00,Annual,Liquefied natural gas,Total,Million cubic metres,Slovenia,2004,0.000,,
ESTAT:NRG_TI_GAS(1.0),24/03/26 23:00:00,Annual,Liquefied natural gas,Total,Million cubic metres,Slovenia,2005,0.000,,
ESTAT:NRG_TI_GAS(1.0),24/03/26 23:00:00,Annual,Liquefied natural gas,Total,Million cubic metres,Slovenia,2006,0.000,,
ESTAT:NRG_TI_GAS(1.0),24/03/26 23:00:00,Annual,Liquefied natural gas,Total,Million cubic metres,Slovenia,2007,0.000,,
ESTAT:NRG_TI_GAS(1.0),24/03/26 23:00:00,Annual,Liquefied natural gas,Total,Million cubic metres,Slovenia,2008,0.000,,
ESTAT:NRG_TI_GAS(1.0),24/03/26 23:00:00,Annual,Liquefied natural gas,Total,Million cubic metres,Slovenia,2009,0.000,,
ESTAT:NRG_TI_GAS(1.0),24/03/26 23:00:00,Annual,Liquefied natural gas,Total,Million cubic metres,Slovenia,2010,0.000,,
ESTAT:NRG_TI_GAS(1.0),24/03/26 23:00:00,Annual,Liquefied natural gas,Total,Million cubic metres,Slovenia,2011,0.000,,
ESTAT:NRG_TI_GAS(1.0),24/03/26 23:00:00,Annual,Liquefied natural gas,Total,Million cubic metres,Slovenia,2012,0.000,,
ESTAT:NRG_TI_GAS(1.0),24/03/26 23:00:00,Annual,Liquefied natural gas,Total,Million cubic metres,Slovenia,2013,0.000,,
ESTAT:NRG_TI_GAS(1.0),24/03/26 23:00:00,Annual,Liquefied natural gas,Total,Million cubic metres,Slovenia,2014,0.000,,
ESTAT:NRG_TI_GAS(1.0),24/03/26 23:00:00,Annual,Liquefied natural gas,Total,Million cubic metres,Slovenia,2015,0.000,,
ESTAT:NRG_TI_GAS(1.0),24/03/26 23:00:00,Annual,Liquefied natural gas,Total,Million cubic metres,Slovenia,2016,0.000,,
ESTAT:NRG_TI_GAS(1.0),24/03/26 23:00:00,Annual,Liquefied natural gas,Total,Million cubic metres,Slovenia,2017,0.000,,
ESTAT:NRG_TI_GAS(1.0),24/03/26 23:00:00,Annual,Liquefied natural gas,Total,Million cubic metres,Slovenia,2018,0.000,,
ESTAT:NRG_TI_GAS(1.0),24/03/26 23:00:00,Annual,Liquefied natural gas,Total,Million cubic metres,Slovenia,2019,0.000,,
ESTAT:NRG_TI_GAS(1.0),24/03/26 23:00:00,Annual,Liquefied natural gas,Total,Million cubic metres,Slovenia,2020,0.000,,
ESTAT:NRG_TI_GAS(1.0),24/03/26 23:00:00,Annual,Liquefied natural gas,Total,Million cubic metres,Slovenia,2021,0.000,,
ESTAT:NRG_TI_GAS(1.0),24/03/26 23:00:00,Annual,Liquefied natural gas,Total,Million cubic metres,Slovenia,2022,0.000,,
ESTAT:NRG_TI_GAS(1.0),24/03/26 23:00:00,Annual,Liquefied natural gas,Total,Million cubic metres,Slovenia,2023,0.000,,
ESTAT:NRG_TI_GAS(1.0),24/03/26 23:00:00,Annual,Liquefied natural gas,Total,Million cubic metres,Slovenia,2024,0.000,,
ESTAT:NRG_TI_GAS(1.0),24/03/26 23:00:00,Annual,Liquefied natural gas,Total,Million cubic metres,Slovakia,1990,0.000,,
ESTAT:NRG_TI_GAS(1.0),24/03/26 23:00:00,Annual,Liquefied natural gas,Total,Million cubic metres,Slovakia,1991,0.000,,
ESTAT:NRG_TI_GAS(1.0),24/03/26 23:00:00,Annual,Liquefied natural gas,Total,Million cubic metres,Slovakia,1992,0.000,,
ESTAT:NRG_TI_GAS(1.0),24/03/26 23:00:00,Annual,Liquefied natural gas,Total,Million cubic metres,Slovakia,1993,0.000,,
ESTAT:NRG_TI_GAS(1.0),24/03/26 23:00:00,Annual,Liquefied natural gas,Total,Million cubic metres,Slovakia,1994,0.000,,
ESTAT:NRG_TI_GAS(1.0),24/03/26 23:00:00,Annual,Liquefied natural gas,Total,Million cubic metres,Slovakia,1995,0.000,,
ESTAT:NRG_TI_GAS(1.0),24/03/26 23:00:00,Annual,Liquefied natural gas,Total,Million cubic metres,Slovakia,1996,0.000,,
ESTAT:NRG_TI_GAS(1.0),24/03/26 23:00:00,Annual,Liquefied natural gas,Total,Million cubic metres,Slovakia,1997,0.000,,
ESTAT:NRG_TI_GAS(1.0),24/03/26 23:00:00,Annual,Liquefied natural gas,Total,Million cubic metres,Slovakia,1998,0.000,,
ESTAT:NRG_TI_GAS(1.0),24/03/26 23:00:00,Annual,Liquefied natural gas,Total,Million cubic metres,Slovakia,1999,0.000,,
ESTAT:NRG_TI_GAS(1.0),24/03/26 23:00:00,Annual,Liquefied natural gas,Total,Million cubic metres,Slovakia,2000,0.000,,
ESTAT:NRG_TI_GAS(1.0),24/03/26 23:00:00,Annual,Liquefied natural gas,Total,Million cubic metres,Slovakia,2001,0.000,,
ESTAT:NRG_TI_GAS(1.0),24/03/26 23:00:00,Annual,Liquefied natural gas,Total,Million cubic metres,Slovakia,2002,0.000,,
ESTAT:NRG_TI_GAS(1.0),24/03/26 23:00:00,Annual,Liquefied natural gas,Total,Million cubic metres,Slovakia,2003,0.000,,
ESTAT:NRG_TI_GAS(1.0),24/03/26 23:00:00,Annual,Liquefied natural gas,Total,Million cubic metres,Slovakia,2004,0.000,,
ESTAT:NRG_TI_GAS(1.0),24/03/26 23:00:00,Annual,Liquefied natural gas,Total,Million cubic metres,Slovakia,2005,0.000,,
ESTAT:NRG_TI_GAS(1.0),24/03/26 23:00:00,Annual,Liquefied natural gas,Total,Million cubic metres,Slovakia,2006,0.000,,
ESTAT:NRG_TI_GAS(1.0),24/03/26 23:00:00,Annual,Liquefied natural gas,Total,Million cubic metres,Slovakia,2007,0.000,,
ESTAT:NRG_TI_GAS(1.0),24/03/26 23:00:00,Annual,Liquefied natural gas,Total,Million cubic metres,Slovakia,2008,0.000,,
ESTAT:NRG_TI_GAS(1.0),24/03/26 23:00:00,Annual,Liquefied natural gas,Total,Million cubic metres,Slovakia,2009,0.000,,
ESTAT:NRG_TI_GAS(1.0),24/03/26 23:00:00,Annual,Liquefied natural gas,Total,Million cubic metres,Slovakia,2010,0.000,,
ESTAT:NRG_TI_GAS(1.0),24/03/26 23:00:00,Annual,Liquefied natural gas,Total,Million cubic metres,Slovakia,2011,0.000,,
ESTAT:NRG_TI_GAS(1.0),24/03/26 23:00:00,Annual,Liquefied natural gas,Total,Million cubic metres,Slovakia,2012,0.000,,
ESTAT:NRG_TI_GAS(1.0),24/03/26 23:00:00,Annual,Liquefied natural gas,Total,Million cubic metres,Slovakia,2013,0.000,,
ESTAT:NRG_TI_GAS(1.0),24/03/26 23:00:00,Annual,Liquefied natural gas,Total,Million cubic metres,Slovakia,2014,0.000,,
ESTAT:NRG_TI_GAS(1.0),24/03/26 23:00:00,Annual,Liquefied natural gas,Total,Million cubic metres,Slovakia,2015,0.000,,
ESTAT:NRG_TI_GAS(1.0),24/03/26 23:00:00,Annual,Liquefied natural gas,Total,Million cubic metres,Slovakia,2016,0.000,,
ESTAT:NRG_TI_GAS(1.0),24/03/26 23:00:00,Annual,Liquefied natural gas,Total,Million cubic metres,Slovakia,2017,0.000,,
ESTAT:NRG_TI_GAS(1.0),24/03/26 23:00:00,Annual,Liquefied natural gas,Total,Million cubic metres,Slovakia,2018,0.000,,
ESTAT:NRG_TI_GAS(1.0),24/03/26 23:00:00,Annual,Liquefied natural gas,Total,Million cubic metres,Slovakia,2019,0.000,,
ESTAT:NRG_TI_GAS(1.0),24/03/26 23:00:00,Annual,Liquefied natural gas,Total,Million cubic metres,Slovakia,2020,0.000,,
ESTAT:NRG_TI_GAS(1.0),24/03/26 23:00:00,Annual,Liquefied natural gas,Total,Million cubic metres,Slovakia,2021,0.000,,
ESTAT:NRG_TI_GAS(1.0),24/03/26 23:00:00,Annual,Liquefied natural gas,Total,Million cubic metres,Slovakia,2022,0.000,,
ESTAT:NRG_TI_GAS(1.0),24/03/26 23:00:00,Annual,Liquefied natural gas,Total,Million cubic metres,Slovakia,2023,0.000,,
ESTAT:NRG_TI_GAS(1.0),24/03/26 23:00:00,Annual,Liquefied natural gas,Total,Million cubic metres,Slovakia,2024,0.000,,
ESTAT:NRG_TI_GAS(1.0),24/03/26 23:00:00,Annual,Liquefied natural gas,Total,Million cubic metres,Türkiye,1990,0.000,,
ESTAT:NRG_TI_GAS(1.0),24/03/26 23:00:00,Annual,Liquefied natural gas,Total,Million cubic metres,Türkiye,1991,0.000,,
ESTAT:NRG_TI_GAS(1.0),24/03/26 23:00:00,Annual,Liquefied natural gas,Total,Million cubic metres,Türkiye,1992,0.000,,
ESTAT:NRG_TI_GAS(1.0),24/03/26 23:00:00,Annual,Liquefied natural gas,Total,Million cubic metres,Türkiye,1993,0.000,,
ESTAT:NRG_TI_GAS(1.0),24/03/26 23:00:00,Annual,Liquefied natural gas,Total,Million cubic metres,Türkiye,1994,351.000,,
ESTAT:NRG_TI_GAS(1.0),24/03/26 23:00:00,Annual,Liquefied natural gas,Total,Million cubic metres,Türkiye,1995,1318.000,,
ESTAT:NRG_TI_GAS(1.0),24/03/26 23:00:00,Annual,Liquefied natural gas,Total,Million cubic metres,Türkiye,1996,2509.000,,
ESTAT:NRG_TI_GAS(1.0),24/03/26 23:00:00,Annual,Liquefied natural gas,Total,Million cubic metres,Türkiye,1997,2998.000,,
ESTAT:NRG_TI_GAS(1.0),24/03/26 23:00:00,Annual,Liquefied natural gas,Total,Million cubic metres,Türkiye,1998,3347.000,,
ESTAT:NRG_TI_GAS(1.0),24/03/26 23:00:00,Annual,Liquefied natural gas,Total,Million cubic metres,Türkiye,1999,3337.000,,
ESTAT:NRG_TI_GAS(1.0),24/03/26 23:00:00,Annual,Liquefied natural gas,Total,Million cubic metres,Türkiye,2000,4298.000,,
ESTAT:NRG_TI_GAS(1.0),24/03/26 23:00:00,Annual,Liquefied natural gas,Total,Million cubic metres,Türkiye,2001,4825.000,,
ESTAT:NRG_TI_GAS(1.0),24/03/26 23:00:00,Annual,Liquefied natural gas,Total,Million cubic metres,Türkiye,2002,4879.000,,
ESTAT:NRG_TI_GAS(1.0),24/03/26 23:00:00,Annual,Liquefied natural gas,Total,Million cubic metres,Türkiye,2003,4561.000,,
ESTAT:NRG_TI_GAS(1.0),24/03/26 23:00:00,Annual,Liquefied natural gas,Total,Million cubic metres,Türkiye,2004,4133.000,,
ESTAT:NRG_TI_GAS(1.0),24/03/26 23:00:00,Annual,Liquefied natural gas,Total,Million cubic metres,Türkiye,2005,4801.000,,
ESTAT:NRG_TI_GAS(1.0),24/03/26 23:00:00,Annual,Liquefied natural gas,Total,Million cubic metres,Türkiye,2006,5309.000,,
ESTAT:NRG_TI_GAS(1.0),24/03/26 23:00:00,Annual,Liquefied natural gas,Total,Million cubic metres,Türkiye,2007,5768.000,,
ESTAT:NRG_TI_GAS(1.0),24/03/26 23:00:00,Annual,Liquefied natural gas,Total,Million cubic metres,Türkiye,2008,5498.000,,
ESTAT:NRG_TI_GAS(1.0),24/03/26 23:00:00,Annual,Liquefied natural gas,Total,Million cubic metres,Türkiye,2009,6171.000,,
ESTAT:NRG_TI_GAS(1.0),24/03/26 23:00:00,Annual,Liquefied natural gas,Total,Million cubic metres,Türkiye,2010,8175.000,,
ESTAT:NRG_TI_GAS(1.0),24/03/26 23:00:00,Annual,Liquefied natural gas,Total,Million cubic metres,Türkiye,2011,6474.000,,
ESTAT:NRG_TI_GAS(1.0),24/03/26 23:00:00,Annual,Liquefied natural gas,Total,Million cubic metres,Türkiye,2012,7864.000,,
ESTAT:NRG_TI_GAS(1.0),24/03/26 23:00:00,Annual,Liquefied natural gas,Total,Million cubic metres,Türkiye,2013,6082.000,,
ESTAT:NRG_TI_GAS(1.0),24/03/26 23:00:00,Annual,Liquefied natural gas,Total,Million cubic metres,Türkiye,2014,7280.000,,
ESTAT:NRG_TI_GAS(1.0),24/03/26 23:00:00,Annual,Liquefied natural gas,Total,Million cubic metres,Türkiye,2015,7649.000,,
ESTAT:NRG_TI_GAS(1.0),24/03/26 23:00:00,Annual,Liquefied natural gas,Total,Million cubic metres,Türkiye,2016,7626.000,,
ESTAT:NRG_TI_GAS(1.0),24/03/26 23:00:00,Annual,Liquefied natural gas,Total,Million cubic metres,Türkiye,2017,10768.000,,
ESTAT:NRG_TI_GAS(1.0),24/03/26 23:00:00,Annual,Liquefied natural gas,Total,Million cubic metres,Türkiye,2018,11251.000,,
ESTAT:NRG_TI_GAS(1.0),24/03/26 23:00:00,Annual,Liquefied natural gas,Total,Million cubic metres,Türkiye,2019,12696.000,,
ESTAT:NRG_TI_GAS(1.0),24/03/26 23:00:00,Annual,Liquefied natural gas,Total,Million cubic metres,Türkiye,2020,15079.031,,
ESTAT:NRG_TI_GAS(1.0),24/03/26 23:00:00,Annual,Liquefied natural gas,Total,Million cubic metres,Türkiye,2021,14107.380,,
ESTAT:NRG_TI_GAS(1.0),24/03/26 23:00:00,Annual,Liquefied natural gas,Total,Million cubic metres,Türkiye,2022,15170.700,,
ESTAT:NRG_TI_GAS(1.0),24/03/26 23:00:00,Annual,Liquefied natural gas,Total,Million cubic metres,Türkiye,2023,14270.654,,
ESTAT:NRG_TI_GAS(1.0),24/03/26 23:00:00,Annual,Liquefied natural gas,Total,Million cubic metres,Türkiye,2024,12616.298,,
ESTAT:NRG_TI_GAS(1.0),24/03/26 23:00:00,Annual,Liquefied natural gas,Total,Million cubic metres,Ukraine,1990,0.000,,
ESTAT:NRG_TI_GAS(1.0),24/03/26 23:00:00,Annual,Liquefied natural gas,Total,Million cubic metres,Ukraine,1991,0.000,,
ESTAT:NRG_TI_GAS(1.0),24/03/26 23:00:00,Annual,Liquefied natural gas,Total,Million cubic metres,Ukraine,1992,0.000,,
ESTAT:NRG_TI_GAS(1.0),24/03/26 23:00:00,Annual,Liquefied natural gas,Total,Million cubic metres,Ukraine,1993,0.000,,
ESTAT:NRG_TI_GAS(1.0),24/03/26 23:00:00,Annual,Liquefied natural gas,Total,Million cubic metres,Ukraine,1994,0.000,,
ESTAT:NRG_TI_GAS(1.0),24/03/26 23:00:00,Annual,Liquefied natural gas,Total,Million cubic metres,Ukraine,1995,0.000,,
ESTAT:NRG_TI_GAS(1.0),24/03/26 23:00:00,Annual,Liquefied natural gas,Total,Million cubic metres,Ukraine,1996,0.000,,
ESTAT:NRG_TI_GAS(1.0),24/03/26 23:00:00,Annual,Liquefied natural gas,Total,Million cubic metres,Ukraine,1997,0.000,,
ESTAT:NRG_TI_GAS(1.0),24/03/26 23:00:00,Annual,Liquefied natural gas,Total,Million cubic metres,Ukraine,1998,0.000,,
ESTAT:NRG_TI_GAS(1.0),24/03/26 23:00:00,Annual,Liquefied natural gas,Total,Million cubic metres,Ukraine,1999,0.000,,
ESTAT:NRG_TI_GAS(1.0),24/03/26 23:00:00,Annual,Liquefied natural gas,Total,Million cubic metres,Ukraine,2000,0.000,,
ESTAT:NRG_TI_GAS(1.0),24/03/26 23:00:00,Annual,Liquefied natural gas,Total,Million cubic metres,Ukraine,2001,0.000,,
ESTAT:NRG_TI_GAS(1.0),24/03/26 23:00:00,Annual,Liquefied natural gas,Total,Million cubic metres,Ukraine,2002,0.000,,
ESTAT:NRG_TI_GAS(1.0),24/03/26 23:00:00,Annual,Liquefied natural gas,Total,Million cubic metres,Ukraine,2003,0.000,,
ESTAT:NRG_TI_GAS(1.0),24/03/26 23:00:00,Annual,Liquefied natural gas,Total,Million cubic metres,Ukraine,2004,0.000,,
ESTAT:NRG_TI_GAS(1.0),24/03/26 23:00:00,Annual,Liquefied natural gas,Total,Million cubic metres,Ukraine,2005,0.000,,
ESTAT:NRG_TI_GAS(1.0),24/03/26 23:00:00,Annual,Liquefied natural gas,Total,Million cubic metres,Ukraine,2006,0.000,,
ESTAT:NRG_TI_GAS(1.0),24/03/26 23:00:00,Annual,Liquefied natural gas,Total,Million cubic metres,Ukraine,2007,0.000,,
ESTAT:NRG_TI_GAS(1.0),24/03/26 23:00:00,Annual,Liquefied natural gas,Total,Million cubic metres,Ukraine,2008,0.000,,
ESTAT:NRG_TI_GAS(1.0),24/03/26 23:00:00,Annual,Liquefied natural gas,Total,Million cubic metres,Ukraine,2009,0.000,,
ESTAT:NRG_TI_GAS(1.0),24/03/26 23:00:00,Annual,Liquefied natural gas,Total,Million cubic metres,Ukraine,2010,0.000,,
ESTAT:NRG_TI_GAS(1.0),24/03/26 23:00:00,Annual,Liquefied natural gas,Total,Million cubic metres,Ukraine,2011,0.000,,
ESTAT:NRG_TI_GAS(1.0),24/03/26 23:00:00,Annual,Liquefied natural gas,Total,Million cubic metres,Ukraine,2012,0.000,,
ESTAT:NRG_TI_GAS(1.0),24/03/26 23:00:00,Annual,Liquefied natural gas,Total,Million cubic metres,Ukraine,2013,0.000,,
ESTAT:NRG_TI_GAS(1.0),24/03/26 23:00:00,Annual,Liquefied natural gas,Total,Million cubic metres,Ukraine,2014,0.000,,
ESTAT:NRG_TI_GAS(1.0),24/03/26 23:00:00,Annual,Liquefied natural gas,Total,Million cubic metres,Ukraine,2015,0.000,,
ESTAT:NRG_TI_GAS(1.0),24/03/26 23:00:00,Annual,Liquefied natural gas,Total,Million cubic metres,Ukraine,2016,0.000,,
ESTAT:NRG_TI_GAS(1.0),24/03/26 23:00:00,Annual,Liquefied natural gas,Total,Million cubic metres,Ukraine,2017,0.000,,
ESTAT:NRG_TI_GAS(1.0),24/03/26 23:00:00,Annual,Liquefied natural gas,Total,Million cubic metres,Ukraine,2018,0.000,,
ESTAT:NRG_TI_GAS(1.0),24/03/26 23:00:00,Annual,Liquefied natural gas,Total,Million cubic metres,Ukraine,2019,0.000,,
ESTAT:NRG_TI_GAS(1.0),24/03/26 23:00:00,Annual,Liquefied natural gas,Total,Million cubic metres,Ukraine,2020,0.000,,
ESTAT:NRG_TI_GAS(1.0),24/03/26 23:00:00,Annual,Liquefied natural gas,Total,Million cubic metres,Ukraine,2021,,,
ESTAT:NRG_TI_GAS(1.0),24/03/26 23:00:00,Annual,Liquefied natural gas,Total,Million cubic metres,Ukraine,2022,,,
ESTAT:NRG_TI_GAS(1.0),24/03/26 23:00:00,Annual,Liquefied natural gas,Total,Million cubic metres,Ukraine,2023,,,
ESTAT:NRG_TI_GAS(1.0),24/03/26 23:00:00,Annual,Liquefied natural gas,Total,Million cubic metres,Ukraine,2024,,,
ESTAT:NRG_TI_GAS(1.0),24/03/26 23:00:00,Annual,Liquefied natural gas,Total,Million cubic metres,United Kingdom,1990,51.000,,
ESTAT:NRG_TI_GAS(1.0),24/03/26 23:00:00,Annual,Liquefied natural gas,Total,Million cubic metres,United Kingdom,1991,0.000,,
ESTAT:NRG_TI_GAS(1.0),24/03/26 23:00:00,Annual,Liquefied natural gas,Total,Million cubic metres,United Kingdom,1992,0.000,,
ESTAT:NRG_TI_GAS(1.0),24/03/26 23:00:00,Annual,Liquefied natural gas,Total,Million cubic metres,United Kingdom,1993,0.000,,
ESTAT:NRG_TI_GAS(1.0),24/03/26 23:00:00,Annual,Liquefied natural gas,Total,Million cubic metres,United Kingdom,1994,0.000,,
ESTAT:NRG_TI_GAS(1.0),24/03/26 23:00:00,Annual,Liquefied natural gas,Total,Million cubic metres,United Kingdom,1995,0.000,,
ESTAT:NRG_TI_GAS(1.0),24/03/26 23:00:00,Annual,Liquefied natural gas,Total,Million cubic metres,United Kingdom,1996,0.000,,
ESTAT:NRG_TI_GAS(1.0),24/03/26 23:00:00,Annual,Liquefied natural gas,Total,Million cubic metres,United Kingdom,1997,0.000,,
ESTAT:NRG_TI_GAS(1.0),24/03/26 23:00:00,Annual,Liquefied natural gas,Total,Million cubic metres,United Kingdom,1998,0.000,,
ESTAT:NRG_TI_GAS(1.0),24/03/26 23:00:00,Annual,Liquefied natural gas,Total,Million cubic metres,United Kingdom,1999,0.000,,
ESTAT:NRG_TI_GAS(1.0),24/03/26 23:00:00,Annual,Liquefied natural gas,Total,Million cubic metres,United Kingdom,2000,0.000,,
ESTAT:NRG_TI_GAS(1.0),24/03/26 23:00:00,Annual,Liquefied natural gas,Total,Million cubic metres,United Kingdom,2001,0.000,,
ESTAT:NRG_TI_GAS(1.0),24/03/26 23:00:00,Annual,Liquefied natural gas,Total,Million cubic metres,United Kingdom,2002,0.000,,
ESTAT:NRG_TI_GAS(1.0),24/03/26 23:00:00,Annual,Liquefied natural gas,Total,Million cubic metres,United Kingdom,2003,0.000,,
ESTAT:NRG_TI_GAS(1.0),24/03/26 23:00:00,Annual,Liquefied natural gas,Total,Million cubic metres,United Kingdom,2004,0.000,,
ESTAT:NRG_TI_GAS(1.0),24/03/26 23:00:00,Annual,Liquefied natural gas,Total,Million cubic metres,United Kingdom,2005,496.000,,
ESTAT:NRG_TI_GAS(1.0),24/03/26 23:00:00,Annual,Liquefied natural gas,Total,Million cubic metres,United Kingdom,2006,3551.000,,
ESTAT:NRG_TI_GAS(1.0),24/03/26 23:00:00,Annual,Liquefied natural gas,Total,Million cubic metres,United Kingdom,2007,1383.000,,
ESTAT:NRG_TI_GAS(1.0),24/03/26 23:00:00,Annual,Liquefied natural gas,Total,Million cubic metres,United Kingdom,2008,834.000,,
ESTAT:NRG_TI_GAS(1.0),24/03/26 23:00:00,Annual,Liquefied natural gas,Total,Million cubic metres,United Kingdom,2009,10279.000,,
ESTAT:NRG_TI_GAS(1.0),24/03/26 23:00:00,Annual,Liquefied natural gas,Total,Million cubic metres,United Kingdom,2010,19031.000,,
ESTAT:NRG_TI_GAS(1.0),24/03/26 23:00:00,Annual,Liquefied natural gas,Total,Million cubic metres,United Kingdom,2011,25296.000,,
ESTAT:NRG_TI_GAS(1.0),24/03/26 23:00:00,Annual,Liquefied natural gas,Total,Million cubic metres,United Kingdom,2012,13821.000,,
ESTAT:NRG_TI_GAS(1.0),24/03/26 23:00:00,Annual,Liquefied natural gas,Total,Million cubic metres,United Kingdom,2013,9418.000,,
ESTAT:NRG_TI_GAS(1.0),24/03/26 23:00:00,Annual,Liquefied natural gas,Total,Million cubic metres,United Kingdom,2014,11327.000,,
ESTAT:NRG_TI_GAS(1.0),24/03/26 23:00:00,Annual,Liquefied natural gas,Total,Million cubic metres,United Kingdom,2015,13649.299,,
ESTAT:NRG_TI_GAS(1.0),24/03/26 23:00:00,Annual,Liquefied natural gas,Total,Million cubic metres,United Kingdom,2016,10746.117,,
ESTAT:NRG_TI_GAS(1.0),24/03/26 23:00:00,Annual,Liquefied natural gas,Total,Million cubic metres,United Kingdom,2017,6748.546,,
ESTAT:NRG_TI_GAS(1.0),24/03/26 23:00:00,Annual,Liquefied natural gas,Total,Million cubic metres,United Kingdom,2018,7168.759,,
ESTAT:NRG_TI_GAS(1.0),24/03/26 23:00:00,Annual,Liquefied natural gas,Total,Million cubic metres,United Kingdom,2019,18450.028,,
ESTAT:NRG_TI_GAS(1.0),24/03/26 23:00:00,Annual,Liquefied natural gas,Total,Million cubic metres,United Kingdom,2020,,,
ESTAT:NRG_TI_GAS(1.0),24/03/26 23:00:00,Annual,Liquefied natural gas,Total,Million cubic metres,United Kingdom,2021,,,
ESTAT:NRG_TI_GAS(1.0),24/03/26 23:00:00,Annual,Liquefied natural gas,Total,Million cubic metres,United Kingdom,2022,,,
ESTAT:NRG_TI_GAS(1.0),24/03/26 23:00:00,Annual,Liquefied natural gas,Total,Million cubic metres,United Kingdom,2023,,,
ESTAT:NRG_TI_GAS(1.0),24/03/26 23:00:00,Annual,Liquefied natural gas,Total,Million cubic metres,United Kingdom,2024,,,
ESTAT:NRG_TI_GAS(1.0),24/03/26 23:00:00,Annual,Liquefied natural gas,Total,Million cubic metres,Kosovo*,1990,0.000,,
ESTAT:NRG_TI_GAS(1.0),24/03/26 23:00:00,Annual,Liquefied natural gas,Total,Million cubic metres,Kosovo*,1991,0.000,,
ESTAT:NRG_TI_GAS(1.0),24/03/26 23:00:00,Annual,Liquefied natural gas,Total,Million cubic metres,Kosovo*,1992,0.000,,
ESTAT:NRG_TI_GAS(1.0),24/03/26 23:00:00,Annual,Liquefied natural gas,Total,Million cubic metres,Kosovo*,1993,0.000,,
ESTAT:NRG_TI_GAS(1.0),24/03/26 23:00:00,Annual,Liquefied natural gas,Total,Million cubic metres,Kosovo*,1994,0.000,,
ESTAT:NRG_TI_GAS(1.0),24/03/26 23:00:00,Annual,Liquefied natural gas,Total,Million cubic metres,Kosovo*,1995,0.000,,
ESTAT:NRG_TI_GAS(1.0),24/03/26 23:00:00,Annual,Liquefied natural gas,Total,Million cubic metres,Kosovo*,1996,0.000,,
ESTAT:NRG_TI_GAS(1.0),24/03/26 23:00:00,Annual,Liquefied natural gas,Total,Million cubic metres,Kosovo*,1997,0.000,,
ESTAT:NRG_TI_GAS(1.0),24/03/26 23:00:00,Annual,Liquefied natural gas,Total,Million cubic metres,Kosovo*,1998,0.000,,
ESTAT:NRG_TI_GAS(1.0),24/03/26 23:00:00,Annual,Liquefied natural gas,Total,Million cubic metres,Kosovo*,1999,0.000,,
ESTAT:NRG_TI_GAS(1.0),24/03/26 23:00:00,Annual,Liquefied natural gas,Total,Million cubic metres,Kosovo*,2000,0.000,,
ESTAT:NRG_TI_GAS(1.0),24/03/26 23:00:00,Annual,Liquefied natural gas,Total,Million cubic metres,Kosovo*,2001,0.000,,
ESTAT:NRG_TI_GAS(1.0),24/03/26 23:00:00,Annual,Liquefied natural gas,Total,Million cubic metres,Kosovo*,2002,0.000,,
ESTAT:NRG_TI_GAS(1.0),24/03/26 23:00:00,Annual,Liquefied natural gas,Total,Million cubic metres,Kosovo*,2003,0.000,,
ESTAT:NRG_TI_GAS(1.0),24/03/26 23:00:00,Annual,Liquefied natural gas,Total,Million cubic metres,Kosovo*,2004,0.000,,
ESTAT:NRG_TI_GAS(1.0),24/03/26 23:00:00,Annual,Liquefied natural gas,Total,Million cubic metres,Kosovo*,2005,0.000,,
ESTAT:NRG_TI_GAS(1.0),24/03/26 23:00:00,Annual,Liquefied natural gas,Total,Million cubic metres,Kosovo*,2006,0.000,,
ESTAT:NRG_TI_GAS(1.0),24/03/26 23:00:00,Annual,Liquefied natural gas,Total,Million cubic metres,Kosovo*,2007,0.000,,
ESTAT:NRG_TI_GAS(1.0),24/03/26 23:00:00,Annual,Liquefied natural gas,Total,Million cubic metres,Kosovo*,2008,0.000,,
ESTAT:NRG_TI_GAS(1.0),24/03/26 23:00:00,Annual,Liquefied natural gas,Total,Million cubic metres,Kosovo*,2009,0.000,,
ESTAT:NRG_TI_GAS(1.0),24/03/26 23:00:00,Annual,Liquefied natural gas,Total,Million cubic metres,Kosovo*,2010,0.000,,
ESTAT:NRG_TI_GAS(1.0),24/03/26 23:00:00,Annual,Liquefied natural gas,Total,Million cubic metres,Kosovo*,2011,0.000,,
ESTAT:NRG_TI_GAS(1.0),24/03/26 23:00:00,Annual,Liquefied natural gas,Total,Million cubic metres,Kosovo*,2012,0.000,,
ESTAT:NRG_TI_GAS(1.0),24/03/26 23:00:00,Annual,Liquefied natural gas,Total,Million cubic metres,Kosovo*,2013,0.000,,
ESTAT:NRG_TI_GAS(1.0),24/03/26 23:00:00,Annual,Liquefied natural gas,Total,Million cubic metres,Kosovo*,2014,0.000,,
ESTAT:NRG_TI_GAS(1.0),24/03/26 23:00:00,Annual,Liquefied natural gas,Total,Million cubic metres,Kosovo*,2015,0.000,,
ESTAT:NRG_TI_GAS(1.0),24/03/26 23:00:00,Annual,Liquefied natural gas,Total,Million cubic metres,Kosovo*,2016,0.000,,
ESTAT:NRG_TI_GAS(1.0),24/03/26 23:00:00,Annual,Liquefied natural gas,Total,Million cubic metres,Kosovo*,2017,0.000,,
ESTAT:NRG_TI_GAS(1.0),24/03/26 23:00:00,Annual,Liquefied natural gas,Total,Million cubic metres,Kosovo*,2018,0.000,,
ESTAT:NRG_TI_GAS(1.0),24/03/26 23:00:00,Annual,Liquefied natural gas,Total,Million cubic metres,Kosovo*,2019,0.000,,
ESTAT:NRG_TI_GAS(1.0),24/03/26 23:00:00,Annual,Liquefied natural gas,Total,Million cubic metres,Kosovo*,2020,0.000,,
ESTAT:NRG_TI_GAS(1.0),24/03/26 23:00:00,Annual,Liquefied natural gas,Total,Million cubic metres,Kosovo*,2021,0.000,,
ESTAT:NRG_TI_GAS(1.0),24/03/26 23:00:00,Annual,Liquefied natural gas,Total,Million cubic metres,Kosovo*,2022,0.000,,
ESTAT:NRG_TI_GAS(1.0),24/03/26 23:00:00,Annual,Liquefied natural gas,Total,Million cubic metres,Kosovo*,2023,0.000,,
ESTAT:NRG_TI_GAS(1.0),24/03/26 23:00:00,Annual,Liquefied natural gas,Total,Million cubic metres,Kosovo*,2024,0.000,,
